# PMX conversion: 微波叮桃子; local replacement. See pmx_source_notice.txt.
mtllib sonnet.mtl
g arrow_3891c55b
v 0.359426463 0.652583352 0.488734122
v 0.380368764 0.630499175 0.488734118
v 0.383963262 0.636323026 0.488734118
v 0.396713313 0.627535175 0.491610604
v 0.392660141 0.621069380 0.491610603
v 0.380368764 0.630499175 0.488734118
v 0.380368764 0.630499175 0.500000134
v 0.392660141 0.621069380 0.491610603
v 0.380368764 0.630499175 0.488734118
v 0.383982212 0.617246538 0.487394456
v 0.380368764 0.630499175 0.500000134
v 0.392660142 0.621069381 0.500000131
v 0.419722136 0.614392325 0.500000126
v 0.419722136 0.614392325 0.500000126
v 0.383963262 0.636323026 0.488734118
v 0.396713313 0.627535175 0.491610604
v 0.398124111 0.630029173 0.500000132
v 0.419722136 0.614392325 0.500000126
v 0.384865086 0.639628617 0.500000135
v 0.359426463 0.652583352 0.488734122
v 0.375917683 0.625452977 0.483859546
v 0.371466600 0.620406778 0.488734116
v 0.383982212 0.617246538 0.487394456
v 0.375917683 0.625452977 0.483859546
v 0.371466600 0.620406778 0.500000133
v 0.371466600 0.620406778 0.500000133
v 0.371466600 0.620406778 0.488734116
v 0.398483786 0.564283026 0.500000118
v 0.356088648 0.645652900 0.488734122
v 0.356088648 0.645652900 0.488734122
v 0.360876340 0.656996343 0.500000142
v 0.364986695 0.617184446 0.491451112
v 0.398483786 0.564283026 0.500000118
v 0.361081958 0.615242809 0.500000133
v 0.351974764 0.637984601 0.494211927
v 0.350325906 0.633821742 0.500000139
v 0.336153779 0.653522540 0.500000145
v 0.337235591 0.657168360 0.496002689
v 0.259456920 0.740543209 0.500000173
v 0.338929804 0.662755051 0.489843215
v 0.341026419 0.668446074 0.489864513
v 0.259456920 0.740543209 0.500000173
v 0.341026419 0.668446074 0.489864513
v 0.341637480 0.671960091 0.500000148
v 0.341026418 0.668446073 0.510135777
v 0.337235590 0.657168360 0.503997601
v 0.336153779 0.653522540 0.500000145
v 0.259456920 0.740543209 0.500000173
v 0.364986694 0.617184445 0.508549154
v 0.398483786 0.564283026 0.500000118
v 0.341026418 0.668446073 0.510135777
v 0.338929803 0.662755050 0.510157074
v 0.351974764 0.637984600 0.505788351
v 0.350325906 0.633821742 0.500000139
v 0.371466599 0.620406777 0.511266152
v 0.371466599 0.620406777 0.511266152
v 0.371466599 0.620406777 0.511266152
v 0.383982211 0.617246537 0.512605807
v 0.375917681 0.625452976 0.516140722
v 0.356088648 0.645652900 0.511266158
v 0.375917681 0.625452976 0.516140722
v 0.380368763 0.630499174 0.511266153
v 0.383982211 0.617246537 0.512605807
v 0.356088648 0.645652900 0.511266158
v 0.380368763 0.630499174 0.511266153
v 0.392660141 0.621069380 0.508389660
v 0.392660141 0.621069380 0.508389660
v 0.396713312 0.627535174 0.508389659
v 0.419722136 0.614392325 0.500000126
v 0.383963261 0.636323025 0.511266153
v 0.359426462 0.652583351 0.511266160
v 0.396713312 0.627535174 0.508389659
v 0.383963261 0.636323025 0.511266153
v 0.359426462 0.652583351 0.511266160
v 0.435659284 0.539397039 0.487040187
v 0.439021608 0.525005952 0.485638386
v 0.442886098 0.516052343 0.486347115
v 0.437292629 0.539992967 0.491138811
v 0.431052303 0.548462203 0.489374667
v 0.432762604 0.548906647 0.493431011
v 0.430575853 0.560919232 0.490100635
v 0.432276233 0.561624777 0.495096511
v 0.423423929 0.568620420 0.490927953
v 0.417736327 0.577281325 0.494069600
v 0.416271937 0.576321676 0.489222607
v 0.408534075 0.598352242 0.492885587
v 0.410962230 0.589137303 0.490010594
v 0.395644755 0.597661890 0.490969293
v 0.390124085 0.610544184 0.495606700
v 0.403828178 0.576419989 0.489792605
v 0.416271937 0.576321676 0.489222607
v 0.422919555 0.549296092 0.487670868
v 0.403828178 0.576419989 0.489792605
v 0.395644755 0.597661890 0.490969293
v 0.390124085 0.610544184 0.495606700
v 0.402277532 0.575624224 0.495285741
v 0.422919555 0.549296092 0.487670868
v 0.421494181 0.548322319 0.491135663
v 0.430970586 0.537151010 0.487172828
v 0.442886098 0.516052343 0.486347115
v 0.439021608 0.525005952 0.485638386
v 0.408534075 0.598352242 0.492885587
v 0.417736327 0.577281325 0.494069600
v 0.402277532 0.575624224 0.495285741
v 0.390124085 0.610544184 0.495606700
v 0.432276233 0.561624777 0.495096511
v 0.421494181 0.548322319 0.491135663
v 0.432762604 0.548906647 0.493431011
v 0.437292629 0.539992967 0.491138811
v 0.442886098 0.516052343 0.486347115
v 0.430970586 0.537151010 0.487172828
v 0.426227535 0.548556600 0.489646275
v 0.435659284 0.539397039 0.487040187
v 0.431052303 0.548462203 0.489374667
v 0.430575853 0.560919232 0.490100635
v 0.469232137 0.552068598 0.500000106
v 0.524849666 0.509370263 0.500000090
v 0.516357859 0.517173850 0.497307912
v 0.469856496 0.553691268 0.500000100
v 0.469232137 0.552068598 0.500000106
v 0.516357859 0.517173850 0.497307912
v 0.455573443 0.573615864 0.495840832
v 0.455573443 0.573615864 0.495840832
v 0.454208661 0.572493318 0.500000113
v 0.444499418 0.578154670 0.492945493
v 0.443764192 0.576466985 0.500000115
v 0.516357859 0.517173850 0.502692275
v 0.469232137 0.552068598 0.500000106
v 0.469856496 0.553691268 0.500000100
v 0.516357859 0.517173850 0.502692275
v 0.455573443 0.573615864 0.504159394
v 0.455573443 0.573615864 0.504159394
v 0.444499417 0.578154669 0.507054737
v 0.426772201 0.587522251 0.500000119
v 0.436923993 0.585439987 0.493772808
v 0.427757173 0.588969758 0.489299078
v 0.435738455 0.584185366 0.500000117
v 0.436923991 0.585439986 0.506227426
v 0.427757172 0.588969757 0.510701161
v 0.427757173 0.588969758 0.489299078
v 0.429087428 0.592402372 0.490169133
v 0.416627677 0.598257559 0.492098147
v 0.439076050 0.587371916 0.488689924
v 0.432258209 0.600584121 0.492112232
v 0.443751029 0.592118977 0.491230167
v 0.458034493 0.579069324 0.491835872
v 0.417986451 0.608413565 0.492369521
v 0.407456508 0.600846055 0.492374584
v 0.393149163 0.615549327 0.492374589
v 0.429087427 0.592402371 0.509831106
v 0.427757172 0.588969757 0.510701161
v 0.416627676 0.598257559 0.507902099
v 0.439076049 0.587371915 0.511310310
v 0.432258209 0.600584121 0.507888011
v 0.443751027 0.592118975 0.508770070
v 0.458034491 0.579069322 0.508164354
v 0.417986450 0.608413564 0.507630727
v 0.407456507 0.600846055 0.507625665
v 0.393149163 0.615549326 0.507625670
v 0.416627677 0.598257559 0.492098147
v 0.417764320 0.596128591 0.500000122
v 0.407456508 0.600846055 0.492374584
v 0.416627676 0.598257559 0.507902099
v 0.407456507 0.600846055 0.507625665
v 0.417986451 0.608413565 0.492369521
v 0.432258209 0.600584121 0.492112232
v 0.433080868 0.602120716 0.500000121
v 0.417293181 0.609712079 0.500000125
v 0.393149163 0.615549327 0.492374589
v 0.445797460 0.593985748 0.500000118
v 0.461304738 0.581266247 0.500000114
v 0.474630863 0.566100158 0.500000109
v 0.474708551 0.561393341 0.493846791
v 0.524849666 0.509370263 0.500000090
v 0.516357859 0.517173850 0.497307912
v 0.417986450 0.608413564 0.507630727
v 0.432258209 0.600584121 0.507888011
v 0.474708549 0.561393339 0.506153424
v 0.516357859 0.517173850 0.502692275
v 0.393149163 0.615549326 0.507625670
v 0.457768429 0.577019886 0.493265570
v 0.474708551 0.561393341 0.493846791
v 0.458034493 0.579069324 0.491835872
v 0.436923993 0.585439987 0.493772808
v 0.444499418 0.578154670 0.492945493
v 0.439076050 0.587371916 0.488689924
v 0.371466600 0.620406778 0.500000133
v 0.380368764 0.630499175 0.500000134
v 0.383982212 0.617246538 0.487394456
v 0.516460310 0.460068064 0.494422734
v 0.514256668 0.459453080 0.493802572
v 0.519817873 0.446858975 0.500000078
v 0.506512478 0.476990916 0.489810388
v 0.509159657 0.457933274 0.497470894
v 0.500048902 0.475118185 0.495221339
v 0.488110504 0.497653586 0.493973194
v 0.491497176 0.497527129 0.490290712
v 0.477998617 0.523875927 0.491633621
v 0.473245618 0.521392580 0.493973202
v 0.460853866 0.540993601 0.493973208
v 0.461710751 0.550335853 0.491823484
v 0.509981624 0.485556023 0.489340020
v 0.458781057 0.555055126 0.493973211
v 0.508336174 0.457800801 0.500000081
v 0.516460310 0.460068064 0.494422734
v 0.516460310 0.460068064 0.500000081
v 0.509981624 0.485556023 0.489340020
v 0.519817873 0.446858975 0.500000078
v 0.509981623 0.485556023 0.500000087
v 0.491497176 0.497527129 0.490290712
v 0.499225438 0.474985697 0.500000086
v 0.477998617 0.523875927 0.491633621
v 0.480057445 0.525899089 0.500000099
v 0.461710751 0.550335853 0.491823484
v 0.463769478 0.552359118 0.500000107
v 0.458781057 0.555055126 0.493973211
v 0.460853866 0.540993601 0.493973208
v 0.460853866 0.540993601 0.500000105
v 0.473245618 0.521392580 0.493973202
v 0.473245618 0.521392580 0.500000099
v 0.493556004 0.499550291 0.500000092
v 0.457969321 0.559999362 0.500000109
v 0.457969321 0.559999362 0.500000109
v 0.509981623 0.485556023 0.510660154
v 0.516460309 0.460068063 0.505577427
v 0.509159657 0.457933274 0.502529269
v 0.519817873 0.446858975 0.500000078
v 0.514256667 0.459453079 0.506197590
v 0.516460309 0.460068063 0.505577427
v 0.519817873 0.446858975 0.500000078
v 0.506512477 0.476990915 0.510189785
v 0.509981623 0.485556023 0.510660154
v 0.491497175 0.497527129 0.509709474
v 0.491497175 0.497527129 0.509709474
v 0.488110503 0.497653585 0.506026992
v 0.477998616 0.523875926 0.508366580
v 0.477998616 0.523875926 0.508366580
v 0.473245617 0.521392580 0.506026997
v 0.473245617 0.521392580 0.506026997
v 0.460853865 0.540993601 0.506027004
v 0.460853865 0.540993601 0.506027004
v 0.461710751 0.550335852 0.508176730
v 0.500048902 0.475118185 0.504778833
v 0.458781057 0.555055125 0.506027007
v 0.461710751 0.550335852 0.508176730
v 0.458781057 0.555055125 0.506027007
v 0.487286890 0.497521254 0.500000093
v 0.539371290 0.473947649 0.500000081
v 0.530956043 0.486471816 0.500000085
v 0.530131277 0.485661357 0.495281853
v 0.538784068 0.473370647 0.495973409
v 0.530131277 0.485661357 0.504718317
v 0.538784068 0.473370647 0.504026752
v 0.554481454 0.452536467 0.500000075
v 0.517196625 0.498899498 0.500000089
v 0.525391000 0.474472600 0.500000083
v 0.525391001 0.474472600 0.492659882
v 0.517196625 0.498899498 0.500000089
v 0.525391000 0.474472600 0.507340284
v 0.534015353 0.469543695 0.500000081
v 0.534015354 0.469543695 0.490772555
v 0.534015353 0.469543694 0.509227606
v 0.554481454 0.452536467 0.500000075
v 0.536399711 0.471457171 0.492048164
v 0.527761164 0.480066953 0.492646048
v 0.525391001 0.474472600 0.492659882
v 0.534015354 0.469543695 0.490772555
v 0.554481454 0.452536467 0.500000075
v 0.517196625 0.498899498 0.500000089
v 0.536399710 0.471457170 0.507951998
v 0.554481454 0.452536467 0.500000075
v 0.534015353 0.469543694 0.509227606
v 0.525391000 0.474472600 0.507340284
v 0.527761164 0.480066952 0.507354119
v 0.517196625 0.498899498 0.500000089
v 0.738846171 0.270870861 0.498809446
v 0.734852373 0.265147610 0.493522303
v 0.744591574 0.255408414 0.488587126
v 0.753808427 0.256434581 0.493084954
v 0.756430996 0.243568997 0.483912059
v 0.762599537 0.248974566 0.489552620
v 0.774233323 0.239096688 0.490890855
v 0.783945946 0.216054060 0.476224946
v 0.748117726 0.262762405 0.502474814
v 0.725304511 0.274695467 0.496258592
v 0.734852373 0.265147610 0.493522303
v 0.729129122 0.261153812 0.498809446
v 0.744591574 0.255408414 0.488587126
v 0.725304511 0.274695467 0.496258592
v 0.760903309 0.225766675 0.490890855
v 0.783945946 0.216054060 0.476224946
v 0.756430996 0.243568997 0.483912059
v 0.751025433 0.237400453 0.489552620
v 0.743565412 0.246191557 0.493084954
v 0.737237582 0.251882261 0.502474814
v 0.772939204 0.227060802 0.518526683
v 0.778105692 0.235790750 0.510703826
v 0.785039110 0.229905216 0.509993495
v 0.759934560 0.240065439 0.517951630
v 0.766102958 0.245980930 0.510350387
v 0.752110289 0.247889707 0.514125721
v 0.760269451 0.250936480 0.506984811
v 0.739076230 0.260923760 0.508779507
v 0.759934560 0.240065439 0.517951630
v 0.754019075 0.233897038 0.510350387
v 0.752110289 0.247889707 0.514125721
v 0.749063517 0.239730546 0.506984811
v 0.739076230 0.260923760 0.508779507
v 0.764209254 0.221894312 0.510703826
v 0.772939204 0.227060802 0.518526683
v 0.770094791 0.214960898 0.509993495
v 0.786789325 0.213210687 0.515659190
v 0.786789325 0.213210687 0.515659190
v 0.797654878 0.215135356 0.509720427
v 0.806014368 0.193985654 0.512970553
v 0.806014368 0.193985654 0.512970553
v 0.784864667 0.202345129 0.509720426
v 0.753414611 0.255036365 0.494303787
v 0.738824282 0.269785022 0.500081894
v 0.747457148 0.261207525 0.503336012
v 0.745260479 0.254739508 0.490230532
v 0.756682273 0.243317720 0.485774689
v 0.762005493 0.248043840 0.491094216
v 0.773436024 0.238032669 0.492242828
v 0.783913908 0.216086098 0.477168171
v 0.735495206 0.264504777 0.495185853
v 0.732372789 0.271931859 0.499012092
v 0.725921282 0.274078696 0.497942290
v 0.756682273 0.243317720 0.485774689
v 0.783913908 0.216086098 0.477168171
v 0.761967334 0.226563970 0.492242828
v 0.751956157 0.237994496 0.491094216
v 0.744963634 0.246585371 0.494303787
v 0.745260479 0.254739508 0.490230532
v 0.730214961 0.261175701 0.500081894
v 0.735495206 0.264504777 0.495185853
v 0.738792461 0.252542839 0.503336012
v 0.728068121 0.267627192 0.499012092
v 0.725921282 0.274078696 0.497942290
v 0.772797766 0.227202240 0.516641041
v 0.786749937 0.213250075 0.513763789
v 0.783972826 0.229185629 0.504314859
v 0.786749937 0.213250075 0.513763789
v 0.772797766 0.227202240 0.516641041
v 0.770814378 0.216027182 0.504314859
v 0.777088090 0.235075943 0.509272324
v 0.760188217 0.239811783 0.516089647
v 0.765445718 0.244823469 0.508999835
v 0.752504038 0.247495958 0.512313099
v 0.759679357 0.249623585 0.505750406
v 0.739369471 0.260630520 0.508265920
v 0.760188217 0.239811783 0.516089647
v 0.752504038 0.247495958 0.512313099
v 0.755176531 0.234554282 0.508999835
v 0.750376412 0.240320641 0.505750406
v 0.739369471 0.260630520 0.508265920
v 0.764924061 0.222911915 0.509272324
v 0.785567247 0.203092401 0.508125551
v 0.805892160 0.194107862 0.512521372
v 0.805892160 0.194107862 0.512521372
v 0.796907614 0.214432768 0.508125551
v 0.753808427 0.256434581 0.493084954
v 0.753414611 0.255036365 0.494303787
v 0.747457148 0.261207525 0.503336012
v 0.762005493 0.248043840 0.491094216
v 0.762599537 0.248974566 0.489552620
v 0.773436024 0.238032669 0.492242828
v 0.774233323 0.239096688 0.490890855
v 0.738824282 0.269785022 0.500081894
v 0.748117726 0.262762405 0.502474814
v 0.738846171 0.270870861 0.498809446
v 0.732372789 0.271931859 0.499012092
v 0.725304511 0.274695467 0.496258592
v 0.729129122 0.261153812 0.498809446
v 0.725304511 0.274695467 0.496258592
v 0.728068121 0.267627192 0.499012092
v 0.730214961 0.261175701 0.500081894
v 0.760903309 0.225766675 0.490890855
v 0.761967334 0.226563970 0.492242828
v 0.751025433 0.237400453 0.489552620
v 0.751956157 0.237994496 0.491094216
v 0.743565412 0.246191557 0.493084954
v 0.744963634 0.246585371 0.494303787
v 0.738792461 0.252542839 0.503336012
v 0.785039110 0.229905216 0.509993495
v 0.778105692 0.235790750 0.510703826
v 0.777088090 0.235075943 0.509272324
v 0.783972826 0.229185629 0.504314859
v 0.797654878 0.215135356 0.509720427
v 0.796907614 0.214432768 0.508125551
v 0.765445718 0.244823469 0.508999835
v 0.766102958 0.245980930 0.510350387
v 0.759679357 0.249623585 0.505750406
v 0.760269451 0.250936480 0.506984811
v 0.806014368 0.193985654 0.512970553
v 0.749063517 0.239730546 0.506984811
v 0.750376412 0.240320641 0.505750406
v 0.754019075 0.233897038 0.510350387
v 0.755176531 0.234554282 0.508999835
v 0.764209254 0.221894312 0.510703826
v 0.764924061 0.222911915 0.509272324
v 0.770094791 0.214960898 0.509993495
v 0.770814378 0.216027182 0.504314859
v 0.784864667 0.202345129 0.509720426
v 0.785567247 0.203092401 0.508125551
v 0.806014368 0.193985654 0.512970553
v 0.442666505 0.550239781 0.488200702
v 0.445617776 0.546983787 0.487664237
v 0.444569779 0.553584518 0.488329183
v 0.436208189 0.559230000 0.489537186
v 0.430892131 0.571773159 0.491085467
v 0.440103357 0.562202244 0.489462630
v 0.445921740 0.554058043 0.492297489
v 0.447757486 0.542495390 0.488986092
v 0.441582554 0.549307896 0.492255132
v 0.434981646 0.558496617 0.493621129
v 0.426582945 0.578313216 0.493920622
v 0.441248328 0.563075171 0.493483470
v 0.441248328 0.563075171 0.493483470
v 0.426582945 0.578313216 0.493920622
v 0.430892131 0.571773159 0.491085467
v 0.440103357 0.562202244 0.489462630
v 0.445921740 0.554058043 0.492297489
v 0.444569779 0.553584518 0.488329183
v 0.447757486 0.542495390 0.488986092
v 0.426582945 0.578313216 0.493920622
v 0.434981646 0.558496617 0.493621129
v 0.436208189 0.559230000 0.489537186
v 0.442666505 0.550239781 0.488200702
v 0.441582554 0.549307896 0.492255132
v 0.445617776 0.546983787 0.487664237
v 0.447757486 0.542495390 0.488986092
v 0.417293181 0.609712079 0.500000125
v 0.417764320 0.596128591 0.500000122
v 0.407456508 0.600846055 0.492374584
v 0.393149163 0.615549327 0.492374589
v 0.435659283 0.539397038 0.512960030
v 0.437292627 0.539992966 0.508861404
v 0.442886096 0.516052341 0.513653090
v 0.439021606 0.525005950 0.514361823
v 0.431052302 0.548462202 0.510625555
v 0.432762603 0.548906646 0.506569208
v 0.430575852 0.560919231 0.509899590
v 0.432276233 0.561624776 0.504903714
v 0.417736327 0.577281325 0.505930635
v 0.423423928 0.568620419 0.509072278
v 0.416271935 0.576321675 0.510777628
v 0.410962229 0.589137303 0.509989648
v 0.408534074 0.598352241 0.507114661
v 0.395644754 0.597661889 0.509030957
v 0.390124085 0.610544184 0.504393557
v 0.403828177 0.576419988 0.510207634
v 0.416271935 0.576321675 0.510777628
v 0.422919554 0.549296091 0.512329350
v 0.403828177 0.576419988 0.510207634
v 0.402277530 0.575624223 0.504714500
v 0.390124085 0.610544184 0.504393557
v 0.395644754 0.597661889 0.509030957
v 0.422919554 0.549296091 0.512329350
v 0.421494180 0.548322318 0.508864559
v 0.430970585 0.537151009 0.512827387
v 0.442886096 0.516052341 0.513653090
v 0.439021606 0.525005950 0.514361823
v 0.408534074 0.598352241 0.507114661
v 0.390124085 0.610544184 0.504393557
v 0.402277530 0.575624223 0.504714500
v 0.417736327 0.577281325 0.505930635
v 0.432276233 0.561624776 0.504903714
v 0.421494180 0.548322318 0.508864559
v 0.432762603 0.548906646 0.506569208
v 0.437292627 0.539992966 0.508861404
v 0.442886096 0.516052341 0.513653090
v 0.426227534 0.548556599 0.510353945
v 0.430970585 0.537151009 0.512827387
v 0.435659283 0.539397038 0.512960030
v 0.431052302 0.548462202 0.510625555
v 0.430575852 0.560919231 0.509899590
v 0.474708549 0.561393339 0.506153424
v 0.457768429 0.577019886 0.506734655
v 0.458034491 0.579069322 0.508164354
v 0.444499417 0.578154669 0.507054737
v 0.436923991 0.585439986 0.506227426
v 0.439076049 0.587371915 0.511310310
v 0.380368764 0.630499175 0.500000134
v 0.371466600 0.620406778 0.500000133
v 0.383982211 0.617246537 0.512605807
v 0.444569778 0.553584517 0.511671039
v 0.445617775 0.546983786 0.512335978
v 0.442666504 0.550239780 0.511799514
v 0.436208188 0.559230000 0.510463037
v 0.430892130 0.571773159 0.508914764
v 0.440103357 0.562202243 0.510537594
v 0.441582553 0.549307896 0.507745086
v 0.447757485 0.542495390 0.511014121
v 0.445921740 0.554058043 0.507702729
v 0.434981646 0.558496617 0.506379095
v 0.426582944 0.578313215 0.506079614
v 0.441248327 0.563075171 0.506516755
v 0.441248327 0.563075171 0.506516755
v 0.440103357 0.562202243 0.510537594
v 0.430892130 0.571773159 0.508914764
v 0.426582944 0.578313215 0.506079614
v 0.445921740 0.554058043 0.507702729
v 0.444569778 0.553584517 0.511671039
v 0.447757485 0.542495390 0.511014121
v 0.426582944 0.578313215 0.506079614
v 0.434981646 0.558496617 0.506379095
v 0.436208188 0.559230000 0.510463037
v 0.442666504 0.550239780 0.511799514
v 0.441582553 0.549307896 0.507745086
v 0.445617775 0.546983786 0.512335978
v 0.447757485 0.542495390 0.511014121
v 0.417293181 0.609712079 0.500000125
v 0.393149163 0.615549326 0.507625670
v 0.407456507 0.600846055 0.507625665
v 0.417764320 0.596128591 0.500000122
vt 0.810546875 0.685058594
vt 0.773437500 0.686279297
vt 0.773437500 0.677734375
vt 0.752929688 0.673583984
vt 0.753417969 0.683105469
vt 0.773437500 0.686279297
vt 0.770507812 0.683105469
vt 0.753417969 0.683105469
vt 0.773437500 0.686279297
vt 0.761718750 0.695556641
vt 0.770507812 0.683105469
vt 0.750976562 0.680664062
vt 0.716796875 0.662353516
vt 0.716796875 0.662353516
vt 0.773437500 0.677734375
vt 0.752929688 0.673583984
vt 0.750488281 0.667480469
vt 0.716796875 0.662353516
vt 0.770996094 0.670654297
vt 0.810546875 0.685058594
vt 0.776855469 0.696289062
vt 0.777343750 0.703369141
vt 0.761718750 0.695556641
vt 0.776855469 0.696289062
vt 0.773925781 0.700195312
vt 0.773925781 0.700195312
vt 0.777343750 0.703369141
vt 0.709472656 0.726806641
vt 0.810058534 0.694335938
vt 0.810058534 0.694335938
vt 0.808593750 0.676269531
vt 0.781738281 0.711425781
vt 0.709472656 0.726806641
vt 0.782226562 0.714111328
vt 0.808105409 0.703369141
vt 0.805664003 0.706787109
vt 0.833496034 0.701660156
vt 0.835937440 0.698486328
vt 0.972167909 0.691162139
vt 0.839355409 0.693847656
vt 0.840331972 0.686767578
vt 0.972167909 0.691162139
vt 0.840331972 0.686767578
vt 0.838867128 0.679931641
vt 0.834472597 0.680908203
vt 0.833496034 0.696289062
vt 0.833496034 0.701660156
vt 0.972167909 0.691162139
vt 0.776855469 0.706298828
vt 0.709472656 0.726806641
vt 0.834472597 0.680908203
vt 0.833496034 0.687744141
vt 0.804687440 0.699951172
vt 0.805664003 0.706787109
vt 0.770996094 0.696777344
vt 0.770996094 0.696777344
vt 0.770996094 0.696777344
vt 0.754882812 0.688232422
vt 0.767578125 0.686767578
vt 0.803710938 0.687744141
vt 0.767578125 0.686767578
vt 0.767089844 0.679687500
vt 0.754882812 0.688232422
vt 0.803710938 0.687744141
vt 0.767089844 0.679687500
vt 0.748535156 0.678222656
vt 0.748535156 0.678222656
vt 0.748046875 0.668701172
vt 0.716796875 0.662353516
vt 0.767089844 0.671142578
vt 0.804199219 0.678466797
vt 0.748046875 0.668701172
vt 0.767089844 0.671142578
vt 0.804199219 0.678466797
vt 0.656738281 0.719970703
vt 0.644531250 0.730468750
vt 0.634765625 0.734863281
vt 0.654296875 0.716796875
vt 0.666992188 0.715332031
vt 0.664062500 0.712158203
vt 0.674804688 0.704101562
vt 0.671875000 0.700439453
vt 0.687011719 0.703369141
vt 0.697753906 0.699707031
vt 0.700195312 0.703125000
vt 0.721679688 0.688964844
vt 0.713867188 0.696044922
vt 0.735839844 0.701660156
vt 0.748535156 0.693603516
vt 0.713867188 0.714111328
vt 0.700195312 0.703125000
vt 0.676757812 0.722167969
vt 0.713867188 0.714111328
vt 0.735839844 0.701660156
vt 0.748535156 0.693603516
vt 0.713867188 0.714599609
vt 0.676757812 0.722167969
vt 0.676757812 0.723388672
vt 0.660644531 0.726074219
vt 0.634765625 0.734863281
vt 0.644531250 0.730468750
vt 0.721679688 0.688964844
vt 0.697753906 0.699707031
vt 0.713867188 0.714599609
vt 0.748535156 0.693603516
vt 0.671875000 0.700439453
vt 0.676757812 0.723388672
vt 0.664062500 0.712158203
vt 0.654296875 0.716796875
vt 0.634765625 0.734863281
vt 0.660644531 0.726074219
vt 0.671875000 0.719482422
vt 0.656738281 0.719970703
vt 0.666992188 0.715332031
vt 0.674804688 0.704101562
vt 0.623535156 0.674804688
vt 0.535644531 0.663818359
vt 0.550781250 0.665039062
vt 0.624023438 0.672607422
vt 0.623535156 0.674804688
vt 0.550781250 0.665039062
vt 0.653320312 0.668457031
vt 0.653320312 0.668457031
vt 0.652832031 0.669677734
vt 0.668945312 0.675292969
vt 0.666992188 0.675292969
vt 0.549316406 0.663330078
vt 0.623535156 0.674804688
vt 0.624023438 0.672607422
vt 0.549316406 0.663330078
vt 0.650878906 0.666259766
vt 0.650878906 0.666259766
vt 0.665039062 0.671142578
vt 0.692382812 0.680419922
vt 0.681640625 0.675048828
vt 0.695312500 0.681396484
vt 0.680664062 0.675537109
vt 0.678222656 0.671386719
vt 0.689453125 0.675292969
vt 0.695312500 0.681396484
vt 0.695800781 0.676757812
vt 0.712890625 0.682128906
vt 0.682128906 0.672851562
vt 0.696777344 0.666015625
vt 0.679199219 0.663574219
vt 0.655273438 0.662597656
vt 0.717285156 0.671630859
vt 0.724121094 0.687988281
vt 0.749023438 0.687255859
vt 0.690429688 0.671142578
vt 0.689453125 0.675292969
vt 0.708007812 0.677490234
vt 0.675781250 0.666259766
vt 0.692382812 0.661376953
vt 0.674316406 0.658691406
vt 0.650390625 0.657958984
vt 0.712890625 0.667236328
vt 0.720214844 0.683593750
vt 0.745117188 0.682861328
vt 0.712890625 0.682128906
vt 0.708007812 0.680664062
vt 0.724121094 0.687988281
vt 0.708007812 0.677490234
vt 0.720214844 0.683593750
vt 0.717285156 0.671630859
vt 0.696777344 0.666015625
vt 0.694335938 0.661621094
vt 0.716796875 0.668945312
vt 0.749023438 0.687255859
vt 0.675292969 0.657714844
vt 0.650390625 0.655273438
vt 0.626464844 0.657226562
vt 0.625000000 0.663085938
vt 0.535644531 0.663818359
vt 0.550781250 0.665039062
vt 0.712890625 0.667236328
vt 0.692382812 0.661376953
vt 0.621582031 0.659667969
vt 0.549316406 0.663330078
vt 0.745117188 0.682861328
vt 0.653808594 0.664306641
vt 0.625000000 0.663085938
vt 0.655273438 0.662597656
vt 0.681640625 0.675048828
vt 0.668945312 0.675292969
vt 0.682128906 0.672851562
vt 0.773925781 0.700195312
vt 0.770507812 0.683105469
vt 0.761718750 0.695556641
vt 0.516113281 0.717529297
vt 0.518554688 0.720214844
vt 0.502929688 0.724853516
vt 0.539062500 0.712402344
vt 0.521972656 0.725097656
vt 0.543457031 0.718261719
vt 0.570800781 0.708984375
vt 0.568359375 0.707031250
vt 0.599121094 0.694824219
vt 0.602050781 0.700683594
vt 0.627929688 0.694091797
vt 0.633300781 0.685302734
vt 0.540527344 0.701660156
vt 0.638671875 0.683105469
vt 0.522460938 0.725341797
vt 0.516113281 0.717529297
vt 0.514648438 0.716064453
vt 0.540527344 0.701660156
vt 0.502929688 0.724853516
vt 0.537597656 0.698730469
vt 0.568359375 0.707031250
vt 0.542968750 0.717773438
vt 0.599121094 0.694824219
vt 0.595703125 0.688720703
vt 0.633300781 0.685302734
vt 0.629882812 0.679443359
vt 0.638671875 0.683105469
vt 0.627929688 0.694091797
vt 0.625976562 0.692138672
vt 0.602050781 0.700683594
vt 0.600097656 0.698974609
vt 0.564453125 0.700683594
vt 0.641113281 0.677490234
vt 0.641113281 0.677490234
vt 0.534667969 0.695556641
vt 0.513183594 0.714355469
vt 0.520507812 0.723632812
vt 0.502929688 0.724853516
vt 0.515136719 0.716796875
vt 0.513183594 0.714355469
vt 0.502929688 0.724853516
vt 0.533203125 0.706542969
vt 0.534667969 0.695556641
vt 0.562500000 0.701416016
vt 0.562500000 0.701416016
vt 0.567382812 0.705566406
vt 0.594238281 0.689941406
vt 0.594238281 0.689941406
vt 0.598632812 0.697265625
vt 0.598632812 0.697265625
vt 0.624511719 0.690429688
vt 0.624511719 0.690429688
vt 0.628417969 0.680664062
vt 0.540527344 0.715576172
vt 0.635253906 0.679687500
vt 0.628417969 0.680664062
vt 0.635253906 0.679687500
vt 0.569824219 0.708007812
vt 0.497802734 0.682861328
vt 0.514648438 0.678955078
vt 0.516601562 0.681884766
vt 0.499267578 0.685058594
vt 0.514160156 0.679199219
vt 0.497070312 0.682861328
vt 0.467773438 0.688720703
vt 0.537597656 0.679931641
vt 0.513671875 0.694824219
vt 0.515625000 0.697021484
vt 0.537597656 0.679931641
vt 0.511718750 0.692871094
vt 0.500976562 0.691650391
vt 0.503417969 0.694335938
vt 0.498291016 0.688964844
vt 0.467773438 0.688720703
vt 0.501953125 0.690185547
vt 0.516601562 0.689941406
vt 0.515625000 0.697021484
vt 0.503417969 0.694335938
vt 0.467773438 0.688720703
vt 0.537597656 0.679931641
vt 0.497314453 0.685546875
vt 0.467773438 0.688720703
vt 0.498291016 0.688964844
vt 0.511718750 0.692871094
vt 0.512207031 0.685546875
vt 0.537597656 0.679931641
vt 0.156372085 0.700927705
vt 0.154785171 0.705810517
vt 0.139770523 0.712158173
vt 0.133178726 0.708496064
vt 0.120910652 0.718261689
vt 0.120666511 0.713378876
vt 0.101989754 0.712402314
vt 0.076171890 0.728515595
vt 0.140380874 0.696777314
vt 0.170288101 0.702148408
vt 0.154785171 0.705810517
vt 0.152465835 0.697021455
vt 0.139770523 0.712158173
vt 0.170288101 0.702148408
vt 0.096618667 0.706787080
vt 0.076171890 0.728515595
vt 0.120910652 0.718261689
vt 0.115966804 0.708740205
vt 0.129028335 0.704345673
vt 0.135986343 0.692138642
vt 0.080444351 0.674316376
vt 0.089050308 0.687255830
vt 0.078430191 0.688476533
vt 0.103088394 0.675048798
vt 0.107910171 0.687255830
vt 0.117919937 0.679687470
vt 0.118225113 0.691162080
vt 0.142211929 0.686279267
vt 0.103088394 0.675048798
vt 0.103088394 0.682128876
vt 0.117919937 0.679687470
vt 0.113708511 0.686523408
vt 0.142211929 0.686279267
vt 0.083435073 0.681396455
vt 0.080444351 0.674316376
vt 0.072448745 0.682373017
vt 0.057556167 0.678222626
vt 0.057556167 0.678222626
vt 0.054504409 0.688476533
vt 0.075988784 0.683349580
vt 0.075988784 0.683349580
vt 0.049346939 0.683349580
vt 0.131469741 0.706787080
vt 0.154785171 0.699218720
vt 0.138916031 0.695068330
vt 0.138061538 0.710205048
vt 0.119873054 0.715820283
vt 0.119506843 0.711181611
vt 0.100891128 0.710205048
vt 0.075866714 0.727294892
vt 0.153076187 0.703613251
vt 0.161743179 0.699707001
vt 0.168701187 0.699951142
vt 0.119873054 0.715820283
vt 0.075866714 0.727294892
vt 0.096313491 0.705566376
vt 0.115478523 0.707031220
vt 0.128173843 0.703124970
vt 0.138061538 0.710205048
vt 0.151367202 0.695556611
vt 0.153076187 0.703613251
vt 0.135375991 0.691650361
vt 0.160034195 0.697753876
vt 0.168701187 0.699951142
vt 0.081359878 0.676757783
vt 0.058288589 0.680664033
vt 0.080383316 0.695312470
vt 0.058288589 0.680664033
vt 0.081359878 0.676757783
vt 0.075073257 0.689941376
vt 0.089477554 0.688720673
vt 0.103271499 0.677246064
vt 0.107604995 0.688476533
vt 0.117858902 0.682128876
vt 0.117614761 0.692382783
vt 0.141845718 0.687011689
vt 0.103271499 0.677246064
vt 0.117858902 0.682128876
vt 0.103454605 0.684326142
vt 0.113891616 0.688476533
vt 0.141845718 0.687011689
vt 0.084533706 0.683593720
vt 0.050231948 0.685546845
vt 0.076293960 0.683837861
vt 0.076293960 0.683837861
vt 0.054809585 0.690185517
vt 0.133178726 0.708496064
vt 0.131469741 0.706787080
vt 0.138916031 0.695068330
vt 0.119506843 0.711181611
vt 0.120666511 0.713378876
vt 0.100891128 0.710205048
vt 0.101989754 0.712402314
vt 0.154785171 0.699218720
vt 0.140380874 0.696777314
vt 0.156372085 0.700927705
vt 0.161743179 0.699707001
vt 0.170288101 0.702148408
vt 0.152465835 0.697021455
vt 0.170288101 0.702148408
vt 0.160034195 0.697753876
vt 0.151367202 0.695556611
vt 0.096618667 0.706787080
vt 0.096313491 0.705566376
vt 0.115966804 0.708740205
vt 0.115478523 0.707031220
vt 0.129028335 0.704345673
vt 0.128173843 0.703124970
vt 0.135375991 0.691650361
vt 0.078430191 0.688476533
vt 0.089050308 0.687255830
vt 0.089477554 0.688720673
vt 0.080383316 0.695312470
vt 0.054504409 0.688476533
vt 0.054809585 0.690185517
vt 0.107604995 0.688476533
vt 0.107910171 0.687255830
vt 0.117614761 0.692382783
vt 0.118225113 0.691162080
vt 0.075988784 0.683349580
vt 0.113708511 0.686523408
vt 0.113891616 0.688476533
vt 0.103088394 0.682128876
vt 0.103454605 0.684326142
vt 0.083435073 0.681396455
vt 0.084533706 0.683593720
vt 0.072448745 0.682373017
vt 0.075073257 0.689941376
vt 0.049346939 0.683349580
vt 0.050231948 0.685546845
vt 0.075988784 0.683349580
vt 0.655273438 0.703613281
vt 0.650390625 0.704101562
vt 0.655273438 0.698730469
vt 0.667480469 0.700683594
vt 0.680664062 0.693603516
vt 0.665039062 0.694580078
vt 0.652832031 0.696044922
vt 0.644531250 0.705810547
vt 0.654785156 0.704101562
vt 0.667480469 0.701416016
vt 0.688964844 0.690673828
vt 0.663085938 0.691650391
vt 0.663085938 0.691650391
vt 0.688964844 0.690673828
vt 0.680664062 0.693603516
vt 0.665039062 0.694580078
vt 0.652832031 0.696044922
vt 0.655273438 0.698730469
vt 0.644531250 0.705810547
vt 0.688964844 0.690673828
vt 0.667480469 0.701416016
vt 0.667480469 0.700683594
vt 0.655273438 0.703613281
vt 0.654785156 0.704101562
vt 0.650390625 0.704101562
vt 0.644531250 0.705810547
vt 0.716796875 0.668945312
vt 0.708007812 0.680664062
vt 0.724121094 0.687988281
vt 0.749023438 0.687255859
vt 0.649414062 0.712402344
vt 0.648925781 0.711669922
vt 0.626953125 0.727050781
vt 0.636230469 0.722167969
vt 0.660644531 0.708984375
vt 0.660156250 0.708251953
vt 0.668945312 0.698486328
vt 0.668945312 0.697753906
vt 0.694335938 0.696044922
vt 0.682128906 0.697998047
vt 0.694335938 0.697021484
vt 0.708007812 0.690185547
vt 0.717285156 0.684814453
vt 0.730957031 0.696533203
vt 0.746093750 0.691162109
vt 0.708007812 0.708251953
vt 0.694335938 0.697021484
vt 0.669921875 0.715087891
vt 0.708007812 0.708251953
vt 0.710937500 0.711914062
vt 0.746093750 0.691162109
vt 0.730957031 0.696533203
vt 0.669921875 0.715087891
vt 0.671875000 0.718261719
vt 0.653320312 0.718750000
vt 0.626953125 0.727050781
vt 0.636230469 0.722167969
vt 0.717285156 0.684814453
vt 0.746093750 0.691162109
vt 0.710937500 0.711914062
vt 0.694335938 0.696044922
vt 0.668945312 0.697753906
vt 0.671875000 0.718261719
vt 0.660156250 0.708251953
vt 0.648925781 0.711669922
vt 0.626953125 0.727050781
vt 0.666015625 0.713378906
vt 0.653320312 0.718750000
vt 0.649414062 0.712402344
vt 0.660644531 0.708984375
vt 0.668945312 0.698486328
vt 0.621582031 0.659667969
vt 0.649902344 0.660400391
vt 0.650390625 0.657958984
vt 0.665039062 0.671142578
vt 0.678222656 0.671386719
vt 0.675781250 0.666259766
vt 0.770507812 0.683105469
vt 0.773925781 0.700195312
vt 0.754882812 0.688232422
vt 0.648437500 0.691894531
vt 0.643066406 0.696777344
vt 0.648437500 0.696777344
vt 0.661621094 0.694824219
vt 0.675781250 0.688476562
vt 0.659179688 0.688476562
vt 0.650390625 0.699707031
vt 0.638183594 0.699462891
vt 0.648437500 0.691406250
vt 0.663574219 0.697753906
vt 0.685546875 0.687255859
vt 0.659667969 0.687744141
vt 0.659667969 0.687744141
vt 0.659179688 0.688476562
vt 0.675781250 0.688476562
vt 0.685546875 0.687255859
vt 0.648437500 0.691406250
vt 0.648437500 0.691894531
vt 0.638183594 0.699462891
vt 0.685546875 0.687255859
vt 0.663574219 0.697753906
vt 0.661621094 0.694824219
vt 0.648437500 0.696777344
vt 0.650390625 0.699707031
vt 0.643066406 0.696777344
vt 0.638183594 0.699462891
vt 0.716796875 0.668945312
vt 0.745117188 0.682861328
vt 0.720214844 0.683593750
vt 0.708007812 0.680664062
vn -0.024518995 0.011712319 -0.999630511
vn 0.244150540 0.149681793 -0.958115458
vn 0.076085067 -0.046960918 -0.995994568
vn 0.206007052 -0.128945417 -0.970017254
vn 0.202148993 -0.126721897 -0.971121311
vn -0.608691667 -0.793406531 -0.000000092
vn -0.608691667 -0.793406531 -0.000000092
vn -0.462646230 -0.886542669 -0.000000067
vn 0.964780116 0.263057047 -0.000000065
vn 0.859114195 0.277701876 -0.429888338
vn 0.964780116 0.263057047 -0.000000065
vn -0.433295944 -0.901251392 -0.000000118
vn -0.239548441 -0.970884097 -0.000000139
vn 0.255942296 -0.160443575 -0.953284144
vn 0.551191849 0.784869234 -0.283138543
vn 0.572718067 0.754462675 -0.320592344
vn 0.596053776 0.802944268 0.000000078
vn 0.586433210 0.809997164 0.000000074
vn 0.572754745 0.819726553 0.000000110
vn 0.567663680 0.744558808 -0.351268679
vn 0.458034754 0.374679836 -0.806113303
vn -0.368503663 -0.539086405 -0.757357419
vn -0.263756053 -0.856457616 -0.443748206
vn -0.388397007 -0.439690954 -0.809826553
vn -0.244818441 -0.969568652 -0.000000175
vn 0.901035115 0.433745715 -0.000000021
vn 0.901035031 0.433745630 -0.000000021
vn 0.901035179 0.433745736 -0.000000021
vn -0.292285455 -0.180146705 -0.939210117
vn 0.313398781 0.502144592 -0.805997133
vn 0.611764309 0.791039680 0.000000102
vn -0.550785996 -0.353335723 -0.756166637
vn -0.540525709 -0.456469457 -0.706729889
vn -0.843307915 -0.537430176 -0.000000014
vn -0.611268388 -0.382658065 -0.692764938
vn -0.717497244 -0.452333381 -0.529708862
vn -0.636501390 -0.481045563 -0.602876842
vn -0.591546892 -0.493732181 -0.637416899
vn -0.470274557 -0.376222895 -0.798309326
vn -0.348832501 -0.269203154 -0.897688627
vn -0.072872375 0.030576443 -0.996872187
vn 0.640731743 0.767764515 0.000000083
vn 0.599507774 0.740169087 -0.304531783
vn 0.628814585 0.777555028 0.000000086
vn 0.599507879 0.740168982 0.304532021
vn -0.591546724 -0.493732434 0.637416840
vn -0.636501232 -0.481045806 0.602877140
vn -0.470274283 -0.376223169 0.798309267
vn -0.550785774 -0.353336029 0.756166577
vn -0.540525469 -0.456469696 0.706729889
vn -0.072872129 0.030576015 0.996872187
vn -0.348832303 -0.269203562 0.897688687
vn -0.611268219 -0.382658318 0.692764938
vn -0.717497117 -0.452333592 0.529709101
vn -0.351066508 -0.321853068 0.879296541
vn 0.901035031 0.433745630 -0.000000021
vn -0.244818483 -0.969568694 -0.000000175
vn -0.263756095 -0.856457911 0.443747908
vn -0.388397017 -0.439691450 0.809826374
vn -0.292285276 -0.180147137 0.939210236
vn 0.458035159 0.374679683 0.806113243
vn 0.481711051 0.205245869 0.851955414
vn 0.859114343 0.277701728 0.429888010
vn 0.313399171 0.502144455 0.805997014
vn -0.608691667 -0.793406531 -0.000000092
vn -0.462646230 -0.886542669 -0.000000162
vn 0.202149238 -0.126722326 0.971121311
vn 0.206007281 -0.128945862 0.970017195
vn 0.255942496 -0.160444007 0.953284144
vn 0.076085297 -0.046961332 0.995994568
vn -0.024518745 0.011711895 0.999630451
vn 0.572718193 0.754462548 0.320592552
vn 0.551191944 0.784869139 0.283138722
vn 0.567663806 0.744558682 0.351268917
vn 0.833403058 0.380247392 -0.401061803
vn 0.588429348 0.213446308 -0.779865921
vn 0.790191875 0.261082362 -0.554465652
vn 0.827630057 0.404867368 -0.388729304
vn 0.865899016 0.302718960 -0.398220837
vn 0.881811495 0.263934903 -0.390827864
vn 0.856233015 0.377363684 -0.352790892
vn 0.847395158 0.391460034 -0.358720005
vn 0.551587903 0.416353501 -0.722772539
vn 0.793046618 0.494334433 -0.355963290
vn 0.766981964 0.452733839 -0.454720169
vn 0.229909958 0.359247562 -0.904478967
vn 0.470097677 0.265993492 -0.841578901
vn 0.083644077 0.298003307 -0.950892806
vn 0.116071905 0.380079827 -0.917641521
vn -0.043846086 0.042884146 -0.998117149
vn -0.045359146 0.044745295 -0.997967839
vn 0.464041628 0.198752378 -0.863227785
vn -0.852089116 -0.430980818 -0.296983719
vn -0.927431813 -0.349990696 -0.131819084
vn -0.918501739 -0.332366402 -0.214211255
vn -0.854460993 -0.418341210 -0.308036745
vn -0.760425326 -0.479390815 -0.438106656
vn -0.756165544 -0.468936963 -0.456411451
vn -0.449640861 -0.149743380 -0.880567729
vn -0.656468228 -0.344477615 -0.671106637
vn -0.627712508 -0.326852582 -0.706501007
vn 0.151221496 0.062551450 0.986518502
vn 0.066152606 0.110647039 0.991655409
vn 0.062544190 0.031521675 0.997543931
vn 0.180858481 0.053919022 0.982029736
vn -0.097913609 -0.137907533 0.985593140
vn -0.136976386 -0.215416028 0.966867626
vn -0.181776197 -0.240241083 0.953541279
vn -0.129311615 -0.244905448 0.960884631
vn -0.116746391 -0.221069830 0.968244672
vn 0.535075473 0.385529962 -0.751704872
vn 0.270526828 0.217761355 -0.937760353
vn -0.082533468 0.133797328 -0.987565696
vn -0.052528782 0.154066957 -0.986662865
vn -0.055025545 0.055993880 -0.996913373
vn -0.767338384 -0.641242252 -0.000000022
vn -0.608954284 -0.793205027 -0.000000011
vn -0.563846861 -0.730106148 -0.386032820
vn -0.118530704 -0.223634650 -0.967438579
vn 0.033714808 -0.012976140 -0.999346972
vn -0.044412796 0.017084519 -0.998866856
vn -0.199036279 -0.497757674 -0.844169021
vn -0.515584294 -0.769512145 -0.376860052
vn -0.571422115 -0.820656091 -0.000000118
vn -0.491585953 -0.805158527 -0.331757188
vn -0.536089526 -0.844161010 -0.000000102
vn -0.563846746 -0.730106264 0.386032909
vn 0.033720839 -0.012970647 0.999346852
vn -0.118527211 -0.223632495 0.967439532
vn -0.044407878 0.017090411 0.998866975
vn -0.199035858 -0.497758179 0.844168901
vn -0.515584189 -0.769512334 0.376859814
vn -0.491585868 -0.805158611 0.331756890
vn -0.505377192 -0.862898413 -0.000000125
vn -0.378044987 -0.864841551 -0.330349177
vn -0.443873434 -0.872038252 -0.206216097
vn -0.526090629 -0.850428309 -0.000000105
vn -0.378044903 -0.864841636 0.330348939
vn -0.443873370 -0.872038400 0.206215844
vn -0.022506817 0.253822019 -0.966988802
vn -0.014909479 0.224700918 -0.974313378
vn -0.080922965 0.053858073 -0.995263934
vn 0.148797916 0.275973239 -0.949577391
vn 0.072464557 0.230454179 -0.970380902
vn 0.455875065 0.569811399 -0.683734119
vn 0.614055182 0.630035408 -0.475385666
vn -0.025269771 0.051251294 -0.998365760
vn -0.007656883 0.009985411 -0.999920547
vn -0.000283093 -0.000275136 -0.999999583
vn -0.014909195 0.224700570 0.974313378
vn -0.022506501 0.253821767 0.966988683
vn -0.080922674 0.053857659 0.995263934
vn 0.148798205 0.275972907 0.949577391
vn 0.072464799 0.230453726 0.970380902
vn 0.455875260 0.569811120 0.683734119
vn 0.614055261 0.630035161 0.475385785
vn -0.025269507 0.051250852 0.998365760
vn -0.007656633 0.009984987 0.999920547
vn -0.000282843 -0.000275561 0.999999583
vn -0.468786625 -0.865204541 -0.177932054
vn -0.586264422 -0.810119421 -0.000000096
vn -0.271311023 -0.938441771 -0.213814884
vn -0.468786520 -0.865204646 0.177931830
vn -0.271310981 -0.938441813 0.213814557
vn 0.366653327 0.919819797 -0.139629513
vn 0.502795803 0.833260728 -0.229939654
vn 0.502367359 0.864653871 0.000000121
vn 0.356530623 0.934283458 0.000000143
vn 0.273494967 0.952043170 -0.137163579
vn 0.619938374 0.784650281 0.000000099
vn 0.698277109 0.715827462 0.000000043
vn 0.752228902 0.658901703 0.000000056
vn 0.673104226 0.591877039 -0.443409532
vn 0.745571915 0.666424891 0.000000073
vn 0.688588180 0.618999334 -0.377737164
vn 0.366653327 0.919819797 0.139629766
vn 0.502795876 0.833260654 0.229939908
vn 0.673104332 0.591876850 0.443409652
vn 0.688588267 0.618999163 0.377737314
vn 0.273494967 0.952043170 0.137163848
vn -0.276345748 -0.482104998 -0.831388712
vn -0.373161930 -0.426792251 -0.823770642
vn -0.306934203 -0.553649568 -0.774120808
vn 0.036689380 0.150342929 -0.987952530
vn 0.036689385 0.150342945 -0.987952650
vn -0.234703050 -0.871484316 -0.430614740
vn 0.554548534 -0.489143316 0.673211992
vn 0.554548495 -0.489143271 0.673211932
vn 0.554548495 -0.489143271 0.673211992
vn 0.308711230 -0.199545287 -0.929988384
vn -0.056445873 -0.346011054 -0.936530530
vn -0.328131939 -0.581443834 -0.744480848
vn -0.190190251 -0.242939719 -0.951213539
vn -0.638353907 -0.547401314 -0.541161239
vn -0.746999532 -0.439169656 -0.499120653
vn -0.794052748 -0.445374378 -0.413668215
vn -0.634046926 -0.388798587 -0.668445587
vn -0.358665266 -0.218571059 -0.907516062
vn -0.339351799 -0.213562802 -0.916095316
vn -0.362748453 -0.180159307 -0.914306045
vn -0.613738151 -0.123157432 -0.779844344
vn 0.006595766 -0.057496683 -0.998323679
vn -0.977005337 -0.144023284 -0.157217950
vn -0.805653510 -0.592386621 -0.000000035
vn 0.969180226 0.246351743 -0.000000069
vn 0.969180184 0.246351870 -0.000000069
vn 0.800642334 0.599142171 0.000000027
vn 0.969180016 0.246352291 -0.000000069
vn 0.822499742 0.568765030 0.000000018
vn 0.738761488 0.628892282 -0.242333442
vn -0.879640385 -0.475638818 0.000000009
vn 0.828237856 0.465662132 -0.311737806
vn 0.869993013 0.493063716 -0.000000039
vn 0.774548419 0.540773801 -0.328082353
vn 0.818465446 0.574555248 0.000000040
vn 0.734557008 0.582989386 -0.347201616
vn -0.937023888 -0.349261935 -0.001343406
vn -0.936883729 -0.349640309 0.000000062
vn -0.846402094 -0.532543997 0.000000000
vn -0.847397477 -0.530958896 -0.000000006
vn 0.783224722 0.621738282 0.000000022
vn 0.796484758 0.604658392 0.000000029
vn -0.989091788 -0.147297419 0.000000114
vn 0.800642334 0.599142171 0.000000027
vn 0.969180184 0.246351786 -0.000000069
vn -0.638353760 -0.547401546 0.541161358
vn -0.480121889 -0.606763822 0.633498311
vn -0.056445630 -0.346011465 0.936530530
vn 0.308711335 -0.199545729 0.929988325
vn 0.333962661 -0.293340959 0.895778716
vn -0.190189998 -0.242940140 0.951213658
vn 0.006596098 -0.057497057 0.998323679
vn -0.634046768 -0.388798830 0.668445528
vn 0.738761488 0.628892198 0.242333561
vn -0.794052621 -0.445374589 0.413668305
vn -0.358665055 -0.218571438 0.907516003
vn 0.828237962 0.465662111 0.311737716
vn -0.339351631 -0.213563265 0.916095316
vn -0.846402094 -0.532543997 -0.000000014
vn -0.362748147 -0.180159612 0.914306164
vn -0.937023888 -0.349261935 0.001343525
vn -0.613737772 -0.123157728 0.779844642
vn -0.746999311 -0.439169793 0.499120533
vn -0.977005168 -0.144023368 0.157218233
vn 0.774548535 0.540773685 0.328082353
vn 0.734557134 0.582989259 0.347201586
vn -0.871355136 -0.490652474 0.000000012
vn 0.820796398 0.571220358 0.000000023
vn 0.755062783 0.655652423 0.000000065
vn 0.507156165 0.566829660 -0.649227619
vn 0.756848228 0.498377475 -0.422847599
vn 0.507156308 0.566829349 0.649227679
vn 0.756848313 0.498377306 0.422847599
vn 0.840884324 0.541214520 0.000000010
vn 0.670280740 0.742107358 0.000000074
vn -0.772747379 -0.634713415 -0.000000038
vn -0.734657107 -0.678438216 -0.000000102
vn -0.948075424 -0.318045071 0.000000051
vn -0.734657107 -0.678438216 -0.000000002
vn -0.569817078 -0.821771381 -0.000000103
vn -0.565810631 -0.824535087 -0.000000115
vn -0.565810631 -0.824535087 -0.000000094
vn -0.639122302 -0.769104722 -0.000000083
vn 0.453272155 0.301496475 -0.838834643
vn -0.050767907 0.223581524 -0.973361969
vn -0.136005085 0.115554323 -0.983945787
vn 0.238845308 0.314772893 -0.918624163
vn 0.442192133 0.046130695 -0.895732880
vn -0.111169826 0.306762623 -0.945271075
vn 0.453272339 0.301496037 0.838834703
vn 0.442192217 0.046130105 0.895732999
vn 0.238845435 0.314772302 0.918624282
vn -0.136004880 0.115553938 0.983945787
vn -0.050767676 0.223581102 0.973361969
vn -0.111169657 0.306762286 0.945271075
vn 0.359343662 0.627287425 -0.690928638
vn 0.236192214 0.565301929 -0.790345848
vn 0.282289834 0.597129195 -0.750832081
vn 0.350453258 0.644359206 -0.679693460
vn 0.336347224 0.543783413 -0.768875599
vn 0.313275902 0.490831935 -0.812983215
vn 0.428293935 0.561657396 -0.707887709
vn 0.834519876 0.499610207 -0.232304573
vn 0.848969891 0.465412960 0.250280499
vn 0.298680069 0.526750449 -0.795816481
vn -0.565301897 -0.236192498 -0.790345907
vn -0.627287130 -0.359343872 -0.690928578
vn -0.597129111 -0.282290172 -0.750832260
vn -0.526750375 -0.298680396 -0.795816481
vn -0.561657127 -0.428294120 -0.707887709
vn -0.499610323 -0.834520097 -0.232304230
vn -0.543783339 -0.336347551 -0.768875599
vn -0.490831924 -0.313276250 -0.812983215
vn -0.644358996 -0.350453553 -0.679693520
vn -0.519525620 -0.655744561 0.547806203
vn 0.451990163 0.407379273 0.793565750
vn 0.433522124 0.457939861 0.776111603
vn 0.459048870 0.364575655 0.810159385
vn 0.357192349 0.560716615 0.747000754
vn 0.346609434 0.610398403 0.712232709
vn 0.320601583 0.657020193 0.682303905
vn 0.303320880 0.706870801 0.639006853
vn 0.430487869 0.898960205 0.080933973
vn -0.560716520 -0.357192697 0.747000754
vn -0.610398372 -0.346609803 0.712232709
vn -0.657020120 -0.320601994 0.682303965
vn -0.706870675 -0.303321259 0.639006853
vn -0.898959826 -0.430488164 0.080934763
vn -0.457939602 -0.433522299 0.776111603
vn -0.407379068 -0.451990369 0.793565750
vn -0.364575455 -0.459049070 0.810159445
vn 0.432527902 0.319460636 0.843127608
vn -0.319460262 -0.432527939 0.843127668
vn 0.412923907 0.310630429 0.856155515
vn 0.416970758 0.296827004 0.859086156
vn -0.296826667 -0.416970758 0.859086156
vn -0.310630060 -0.412923939 0.856155515
vn -0.384777198 -0.654794461 0.650530934
vn -0.376393105 -0.629158545 0.680064321
vn -0.707726675 -0.706309870 0.015776481
vn -0.318310175 -0.611375799 0.724498212
vn -0.361852442 -0.565598906 0.741053522
vn -0.333918786 -0.513554955 0.790417194
vn -0.445776796 -0.598763134 0.665406168
vn -0.395597148 -0.907408077 0.141821072
vn -0.243460586 -0.572476102 0.782941699
vn -0.308434378 -0.534905938 0.786602437
vn -0.855497553 -0.300780668 0.421490908
vn 0.565598632 0.361852632 0.741053522
vn 0.907407845 0.395597043 0.141820639
vn 0.598762807 0.445777038 0.665406168
vn 0.513554850 0.333919144 0.790417254
vn 0.654794144 0.384777430 0.650530875
vn 0.611375799 0.318310596 0.724498153
vn 0.629158271 0.376393379 0.680064261
vn 0.572476081 0.243460944 0.782941580
vn 0.706309533 0.707727012 0.015776483
vn 0.534905895 0.308434757 0.786602437
vn 0.300780373 0.855497595 0.421490937
vn -0.561201936 -0.432814627 -0.705495179
vn -0.454618815 -0.467727201 -0.757992446
vn -0.586919089 -0.428453535 -0.686988294
vn 0.467727000 0.454619016 -0.757992387
vn 0.432814448 0.561202199 -0.705495119
vn 0.428453277 0.586919348 -0.686988294
vn -0.578724562 -0.379852487 -0.721657336
vn -0.382822270 -0.581932158 -0.717496753
vn -0.374382511 -0.630662113 -0.679781437
vn -0.370864355 -0.658919373 -0.654434383
vn -0.346569658 -0.712630041 -0.609956861
vn -0.823675081 -0.435273116 -0.363450259
vn 0.581931863 0.382822396 -0.717496812
vn 0.658919130 0.370864597 -0.654434383
vn 0.630661776 0.374382679 -0.679781497
vn 0.712630041 0.346570079 -0.609956861
vn 0.435272653 0.823675039 -0.363451153
vn 0.379852297 0.578724836 -0.721657336
vn 0.429253552 0.399611766 -0.809969962
vn 0.870344455 0.403853905 -0.281783640
vn -0.403853652 -0.870344708 -0.281783670
vn -0.399611580 -0.429253738 -0.809969962
vn 0.762110273 0.298125986 0.574724853
vn 0.765312085 0.277271051 0.580876827
vn 0.578935180 0.192841051 0.792241216
vn 0.580159316 0.573269020 0.578599393
vn 0.578273180 0.575360664 0.578411341
vn 0.678714441 0.334452639 0.653825641
vn 0.669211844 0.338835996 0.661320925
vn 0.284125477 0.716467259 0.637139738
vn 0.108308350 0.446057030 0.888426781
vn 0.223707064 0.750878623 0.621398449
vn 0.143344614 0.751605192 0.643848896
vn 0.215442509 0.939777068 0.265335590
vn -0.750878370 -0.223707401 0.621398509
vn -0.939777110 -0.215442804 0.265335619
vn -0.751605192 -0.143344867 0.643849015
vn -0.716467048 -0.284125856 0.637139857
vn -0.338835490 -0.669211844 0.661321104
vn -0.334452070 -0.678714420 0.653825819
vn -0.575360517 -0.578273579 0.578411102
vn -0.573268872 -0.580159716 0.578599095
vn -0.298125501 -0.762110336 0.574724913
vn -0.277270545 -0.765312000 0.580876827
vn -0.192840693 -0.578935286 0.792241156
vn 0.646460683 0.723232658 -0.242945820
vn 0.477540036 0.599579155 -0.642230451
vn 0.502066304 0.641890286 -0.579573750
vn 0.657589152 0.718247850 -0.227367863
vn 0.776503843 0.388180736 -0.496343523
vn 0.768732428 0.370841143 -0.521082282
vn 0.581410449 0.458219288 -0.672306716
vn 0.577038282 0.456731526 -0.677069187
vn 0.471177005 0.485595568 -0.736334562
vn 0.468380178 0.484281560 -0.738979638
vn 0.914139751 0.365667006 -0.175029710
vn -0.484281114 -0.468380372 -0.738979876
vn -0.485595211 -0.471177194 -0.736334801
vn -0.456731273 -0.577038535 -0.677069247
vn -0.458219036 -0.581410702 -0.672306776
vn -0.599578912 -0.477540278 -0.642230511
vn -0.641890012 -0.502066578 -0.579573810
vn -0.723232273 -0.646460983 -0.242945924
vn -0.718247476 -0.657589442 -0.227367982
vn -0.388180419 -0.776504075 -0.496343613
vn -0.370840869 -0.768732702 -0.521082342
vn -0.365666669 -0.914140088 -0.175029725
vn -0.085003935 0.086498409 -0.992618680
vn 0.658965934 0.178237210 -0.730749547
vn -0.029967708 0.095474284 -0.994980454
vn -0.111493117 0.075062701 -0.990925968
vn -0.720902435 -0.224605972 -0.655630529
vn -0.085002685 0.086499153 -0.992618740
vn 0.125518554 -0.122260324 0.984528780
vn 0.243744779 -0.231052872 0.941914320
vn 0.173233300 -0.166898785 0.970636129
vn 0.127431792 0.018359562 0.991677165
vn 0.044262494 -0.031529288 0.998521984
vn -0.219093866 -0.238005649 0.946229696
vn 0.735455120 0.581557020 -0.347701937
vn 0.628657491 0.618554327 -0.471359640
vn 0.631786263 0.626324814 -0.456686854
vn 0.747436669 0.572443312 -0.337115377
vn 0.864027295 0.372385150 -0.338800222
vn 0.870649029 0.356307940 -0.339137822
vn 0.859299388 0.219654623 -0.461904615
vn -0.832676868 -0.315445601 -0.455129504
vn -0.835183025 -0.440069933 -0.329859495
vn -0.829536970 -0.450493924 -0.330035508
vn -0.756283829 -0.563868335 -0.331793487
vn -0.769827055 -0.535268822 -0.347639561
vn -0.754697854 -0.519919361 -0.400143236
vn -0.763006210 -0.488432009 -0.423385829
vn -0.494441950 -0.182379034 0.849861383
vn -0.600745395 -0.020835821 0.799168527
vn -0.458771744 -0.229339200 0.858447015
vn -0.357834565 -0.348199157 0.866436005
vn 0.833403100 0.380247266 0.401061803
vn 0.827630141 0.404867200 0.388729334
vn 0.790192002 0.261082151 0.554465473
vn 0.588429601 0.213446055 0.779865980
vn 0.865899121 0.302718686 0.398220718
vn 0.881811580 0.263934650 0.390827775
vn 0.856233037 0.377363663 0.352790862
vn 0.847395222 0.391459971 0.358719945
vn 0.793046766 0.494334285 0.355963320
vn 0.551588066 0.416353170 0.722772598
vn 0.766982133 0.452733586 0.454720199
vn 0.470097877 0.265993123 0.841578960
vn 0.229910126 0.359247140 0.904479027
vn 0.083644288 0.298002928 0.950892806
vn 0.116072126 0.380079521 0.917641640
vn -0.043845843 0.042883683 0.998117149
vn -0.045358912 0.044744865 0.997967839
vn 0.464041933 0.198751988 0.863227785
vn -0.852089011 -0.430980923 0.296983808
vn -0.854460888 -0.418341315 0.308036804
vn -0.918501633 -0.332366423 0.214211538
vn -0.927431792 -0.349990717 0.131819323
vn -0.760425200 -0.479391025 0.438106656
vn -0.756165407 -0.468937185 0.456411332
vn -0.449640682 -0.149743770 0.880567610
vn -0.656467996 -0.344477931 0.671106815
vn -0.627712287 -0.326852888 0.706501186
vn 0.151221265 0.062551892 -0.986518502
vn 0.180858249 0.053919443 -0.982029676
vn 0.062543924 0.031522089 -0.997543991
vn 0.066152355 0.110647458 -0.991655409
vn -0.097913837 -0.137907116 -0.985593140
vn -0.136976602 -0.215415601 -0.966867626
vn -0.181776386 -0.240240640 -0.953541398
vn -0.129311873 -0.244905063 -0.960884631
vn -0.116746623 -0.221069430 -0.968244672
vn 0.270527041 0.217760931 0.937760353
vn 0.535075737 0.385529699 0.751704931
vn -0.082533239 0.133796883 0.987565696
vn -0.052528671 0.154066456 0.986662805
vn -0.055025418 0.055993438 0.996913373
vn -0.373162246 -0.426793115 0.823769987
vn -0.276345485 -0.482105430 0.831388593
vn -0.306933982 -0.553649874 0.774120808
vn 0.036689580 0.150342455 0.987952650
vn 0.036689580 0.150342455 0.987952590
vn -0.234702945 -0.871484590 0.430614412
vn 0.554548384 -0.489143045 -0.673212171
vn 0.554548429 -0.489143084 -0.673212230
vn 0.554548384 -0.489143045 -0.673212230
vn -0.029967397 0.095473857 0.994980454
vn 0.658966103 0.178236957 0.730749488
vn -0.085003656 0.086497972 0.992618680
vn -0.111492805 0.075062360 0.990925968
vn -0.720902309 -0.224606351 0.655630529
vn -0.085002263 0.086498817 0.992618740
vn 0.173233146 -0.166898307 -0.970636070
vn 0.243744665 -0.231052439 -0.941914320
vn 0.125518407 -0.122259860 -0.984528780
vn 0.127431629 0.018360063 -0.991677165
vn 0.044262313 -0.031528805 -0.998521984
vn -0.219094104 -0.238005243 -0.946229696
vn 0.735455252 0.581556888 0.347701967
vn 0.747436742 0.572443154 0.337115437
vn 0.631786418 0.626324658 0.456686914
vn 0.628657650 0.618554168 0.471359700
vn 0.864027316 0.372385129 0.338800192
vn 0.870649071 0.356307898 0.339137793
vn 0.859299473 0.219654454 0.461904496
vn -0.832676762 -0.315445791 0.455129623
vn -0.835183025 -0.440070102 0.329859525
vn -0.829536864 -0.450494029 0.330035537
vn -0.756283703 -0.563868462 0.331793487
vn -0.769826845 -0.535268864 0.347639591
vn -0.754697759 -0.519919456 0.400143236
vn -0.763006083 -0.488432051 0.423385859
vn -0.494442234 -0.182378665 -0.849861383
vn -0.357834800 -0.348198796 -0.866436064
vn -0.458772102 -0.229338884 -0.858447134
vn -0.600745711 -0.020835505 -0.799168289
usemtl pmx_crystal_front
f 3/3/3 2/2/2 1/1/1
f 4/4/4 2/2/2 3/3/3
f 4/4/4 5/5/5 2/2/2
f 8/8/8 7/7/7 6/6/6
f 11/11/11 10/10/10 9/9/9
f 8/8/8 12/12/12 7/7/7
f 12/12/12 8/8/8 13/13/13
f 5/5/5 4/4/4 14/14/14
f 17/17/17 16/16/16 15/15/15
f 18/18/18 16/16/16 17/17/17
f 17/17/17 15/15/15 19/19/19
f 20/20/20 19/19/19 15/15/15
f 10/10/10 21/21/21 2/2/2
f 24/24/24 23/23/23 22/22/22
f 25/25/25 22/22/22 23/23/23
f 28/28/28 27/27/27 26/26/26
f 29/29/29 24/24/24 22/22/22
f 30/30/30 2/2/2 21/21/21
f 1/1/1 2/2/2 29/29/29
f 20/20/20 31/31/31 19/19/19
f 33/33/33 32/32/32 22/22/22
f 34/34/34 32/32/32 33/33/33
f 34/34/34 35/35/35 32/32/32
f 35/35/35 29/29/29 22/22/22
f 35/35/35 22/22/22 32/32/32
f 34/34/34 36/36/36 35/35/35
f 37/37/37 35/35/35 36/36/36
f 37/37/37 38/38/38 35/35/35
f 29/29/29 35/35/35 38/38/38
f 39/39/39 38/38/38 37/37/37
f 38/38/38 39/39/39 40/40/40
f 29/29/29 38/38/38 40/40/40
f 39/39/39 41/41/41 40/40/40
f 44/44/44 43/43/43 42/42/42
f 43/43/43 44/44/44 31/31/31
f 43/43/43 31/31/31 20/20/20
f 40/40/40 41/41/41 1/1/1
f 40/40/40 1/1/1 29/29/29
f 44/44/44 42/42/42 45/45/45
f 45/45/45 31/31/31 44/44/44
f 48/48/48 47/47/47 46/46/46
f 34/34/34 50/50/50 49/49/49
f 48/48/48 52/52/52 51/51/51
f 46/46/46 52/52/52 48/48/48
f 34/34/34 49/49/49 53/53/53
f 34/34/34 53/53/53 54/54/54
f 47/47/47 54/54/54 53/53/53
f 47/47/47 53/53/53 46/46/46
f 53/53/53 49/49/49 55/55/55
f 50/50/50 55/55/55 49/49/49
f 28/28/28 26/26/26 56/56/56
f 25/25/25 58/58/58 57/57/57
f 59/59/59 55/55/55 58/58/58
f 60/60/60 55/55/55 59/59/59
f 53/53/53 55/55/55 60/60/60
f 60/60/60 52/52/52 46/46/46
f 60/60/60 46/46/46 53/53/53
f 63/63/63 62/62/62 61/61/61
f 64/64/64 61/61/61 62/62/62
f 11/11/11 62/62/62 63/63/63
f 66/66/66 65/65/65 7/7/7
f 66/66/66 7/7/7 12/12/12
f 12/12/12 13/13/13 66/66/66
f 68/68/68 62/62/62 67/67/67
f 67/67/67 69/69/69 68/68/68
f 68/68/68 70/70/70 62/62/62
f 70/70/70 71/71/71 62/62/62
f 71/71/71 60/60/60 62/62/62
f 52/52/52 60/60/60 71/71/71
f 17/17/17 73/73/73 72/72/72
f 18/18/18 17/17/17 72/72/72
f 17/17/17 19/19/19 73/73/73
f 74/74/74 73/73/73 19/19/19
f 74/74/74 19/19/19 31/31/31
f 45/45/45 74/74/74 31/31/31
f 52/52/52 71/71/71 51/51/51
f 77/77/77 76/76/76 75/75/75
f 77/77/77 75/75/75 78/78/78
f 78/78/78 75/75/75 79/79/79
f 78/78/78 79/79/79 80/80/80
f 80/80/80 79/79/79 81/81/81
f 80/80/80 81/81/81 82/82/82
f 85/85/85 84/84/84 83/83/83
f 83/83/83 84/84/84 82/82/82
f 83/83/83 82/82/82 81/81/81
f 87/87/87 86/86/86 84/84/84
f 87/87/87 84/84/84 85/85/85
f 86/86/86 87/87/87 88/88/88
f 86/86/86 88/88/88 89/89/89
f 90/90/90 88/88/88 87/87/87
f 90/90/90 87/87/87 91/91/91
f 90/90/90 91/91/91 92/92/92
f 95/95/95 94/94/94 93/93/93
f 95/95/95 93/93/93 96/96/96
f 96/96/96 93/93/93 97/97/97
f 96/96/96 97/97/97 98/98/98
f 98/98/98 97/97/97 99/99/99
f 98/98/98 99/99/99 100/100/100
f 101/101/101 100/100/100 99/99/99
f 104/104/104 103/103/103 102/102/102
f 104/104/104 102/102/102 105/105/105
f 106/106/106 103/103/103 104/104/104
f 106/106/106 104/104/104 107/107/107
f 106/106/106 107/107/107 108/108/108
f 108/108/108 107/107/107 109/109/109
f 109/109/109 107/107/107 110/110/110
f 92/92/92 112/112/112 111/111/111
f 92/92/92 83/83/83 112/112/112
f 92/92/92 85/85/85 83/83/83
f 112/112/112 113/113/113 99/99/99
f 112/112/112 114/114/114 113/113/113
f 112/112/112 83/83/83 115/115/115
f 112/112/112 115/115/115 114/114/114
f 99/99/99 113/113/113 76/76/76
f 118/118/118 117/117/117 116/116/116
f 121/121/121 120/120/120 119/119/119
f 120/120/120 122/122/122 119/119/119
f 116/116/116 124/124/124 123/123/123
f 124/124/124 125/125/125 123/123/123
f 124/124/124 126/126/126 125/125/125
f 127/127/127 116/116/116 117/117/117
f 130/130/130 129/129/129 128/128/128
f 128/128/128 129/129/129 131/131/131
f 116/116/116 132/132/132 124/124/124
f 124/124/124 132/132/132 133/133/133
f 124/124/124 133/133/133 126/126/126
f 136/136/136 135/135/135 134/134/134
f 135/135/135 137/137/137 134/134/134
f 135/135/135 126/126/126 137/137/137
f 135/135/135 125/125/125 126/126/126
f 138/138/138 137/137/137 126/126/126
f 138/138/138 134/134/134 137/137/137
f 139/139/139 134/134/134 138/138/138
f 138/138/138 126/126/126 133/133/133
f 142/142/142 141/141/141 140/140/140
f 140/140/140 141/141/141 143/143/143
f 143/143/143 141/141/141 144/144/144
f 143/143/143 144/144/144 145/145/145
f 143/143/143 145/145/145 146/146/146
f 141/141/141 142/142/142 147/147/147
f 141/141/141 147/147/147 144/144/144
f 147/147/147 142/142/142 148/148/148
f 147/147/147 148/148/148 149/149/149
f 152/152/152 151/151/151 150/150/150
f 151/151/151 153/153/153 150/150/150
f 153/153/153 154/154/154 150/150/150
f 153/153/153 155/155/155 154/154/154
f 153/153/153 156/156/156 155/155/155
f 150/150/150 154/154/154 157/157/157
f 150/150/150 157/157/157 152/152/152
f 157/157/157 158/158/158 152/152/152
f 157/157/157 159/159/159 158/158/158
f 160/160/160 136/136/136 134/134/134
f 160/160/160 134/134/134 161/161/161
f 160/160/160 161/161/161 162/162/162
f 163/163/163 161/161/161 134/134/134
f 163/163/163 134/134/134 139/139/139
f 163/163/163 164/164/164 161/161/161
f 167/167/167 166/166/166 165/165/165
f 167/167/167 165/165/165 168/168/168
f 168/168/168 165/165/165 169/169/169
f 170/170/170 166/166/166 167/167/167
f 170/170/170 145/145/145 166/166/166
f 146/146/146 145/145/145 170/170/170
f 146/146/146 170/170/170 171/171/171
f 172/172/172 146/146/146 171/171/171
f 172/172/172 173/173/173 146/146/146
f 174/174/174 173/173/173 172/172/172
f 175/175/175 173/173/173 174/174/174
f 167/167/167 168/168/168 176/176/176
f 167/167/167 176/176/176 177/177/177
f 170/170/170 167/167/167 177/177/177
f 156/156/156 171/171/171 170/170/170
f 172/172/172 171/171/171 156/156/156
f 156/156/156 170/170/170 155/155/155
f 170/170/170 177/177/177 155/155/155
f 174/174/174 172/172/172 178/178/178
f 172/172/172 156/156/156 178/178/178
f 179/179/179 174/174/174 178/178/178
f 168/168/168 180/180/180 176/176/176
f 183/183/183 182/182/182 181/181/181
f 181/181/181 182/182/182 119/119/119
f 181/181/181 119/119/119 122/122/122
f 181/181/181 122/122/122 125/125/125
f 182/182/182 118/118/118 119/119/119
f 183/183/183 181/181/181 135/135/135
f 181/181/181 185/185/185 184/184/184
f 183/183/183 135/135/135 186/186/186
f 186/186/186 135/135/135 136/136/136
f 189/189/189 188/188/188 187/187/187
f 192/192/192 191/191/191 190/190/190
f 190/190/190 191/191/191 193/193/193
f 193/193/193 191/191/191 194/194/194
f 194/194/194 191/191/191 192/192/192
f 193/193/193 194/194/194 195/195/195
f 196/196/196 193/193/193 195/195/195
f 196/196/196 197/197/197 193/193/193
f 198/198/198 197/197/197 196/196/196
f 198/198/198 196/196/196 199/199/199
f 198/198/198 199/199/199 200/200/200
f 198/198/198 200/200/200 201/201/201
f 202/202/202 193/193/193 197/197/197
f 190/190/190 193/193/193 202/202/202
f 201/201/201 200/200/200 203/203/203
f 192/192/192 204/204/204 194/194/194
f 207/207/207 206/206/206 205/205/205
f 205/205/205 206/206/206 208/208/208
f 207/207/207 209/209/209 206/206/206
f 210/210/210 209/209/209 207/207/207
f 194/194/194 204/204/204 211/211/211
f 194/194/194 211/211/211 195/195/195
f 214/214/214 213/213/213 212/212/212
f 214/214/214 215/215/215 213/213/213
f 216/216/216 215/215/215 214/214/214
f 219/219/219 218/218/218 217/217/217
f 219/219/219 220/220/220 218/218/218
f 196/196/196 220/220/220 219/219/219
f 210/210/210 221/221/221 209/209/209
f 212/212/212 213/213/213 221/221/221
f 212/212/212 221/221/221 210/210/210
f 216/216/216 222/222/222 215/215/215
f 217/217/217 218/218/218 223/223/223
f 217/217/217 223/223/223 203/203/203
f 224/224/224 206/206/206 209/209/209
f 224/224/224 225/225/225 206/206/206
f 226/226/226 211/211/211 204/204/204
f 227/227/227 226/226/226 204/204/204
f 225/225/225 208/208/208 206/206/206
f 230/230/230 229/229/229 228/228/228
f 226/226/226 227/227/227 228/228/228
f 231/231/231 226/226/226 228/228/228
f 229/229/229 232/232/232 231/231/231
f 229/229/229 231/231/231 228/228/228
f 232/232/232 233/233/233 231/231/231
f 234/234/234 224/224/224 209/209/209
f 234/234/234 209/209/209 221/221/221
f 235/235/235 231/231/231 233/233/233
f 236/236/236 235/235/235 233/233/233
f 237/237/237 234/234/234 221/221/221
f 237/237/237 221/221/221 213/213/213
f 236/236/236 238/238/238 235/235/235
f 239/239/239 218/218/218 220/220/220
f 235/235/235 239/239/239 220/220/220
f 236/236/236 240/240/240 238/238/238
f 239/239/239 241/241/241 218/218/218
f 241/241/241 223/223/223 218/218/218
f 236/236/236 242/242/242 240/240/240
f 235/235/235 243/243/243 231/231/231
f 231/231/231 243/243/243 226/226/226
f 242/242/242 244/244/244 240/240/240
f 241/241/241 244/244/244 223/223/223
f 226/226/226 243/243/243 211/211/211
f 245/245/245 237/237/237 213/213/213
f 245/245/245 213/213/213 215/215/215
f 246/246/246 245/245/245 215/215/215
f 243/243/243 235/235/235 247/247/247
f 243/243/243 247/247/247 211/211/211
f 195/195/195 211/211/211 247/247/247
f 195/195/195 247/247/247 196/196/196
f 196/196/196 247/247/247 220/220/220
f 235/235/235 220/220/220 247/247/247
f 246/246/246 215/215/215 222/222/222
f 250/250/250 249/249/249 248/248/248
f 250/250/250 248/248/248 251/251/251
f 252/252/252 248/248/248 249/249/249
f 252/252/252 253/253/253 248/248/248
f 254/254/254 251/251/251 248/248/248
f 254/254/254 248/248/248 253/253/253
f 249/249/249 250/250/250 255/255/255
f 249/249/249 255/255/255 252/252/252
f 258/258/258 257/257/257 256/256/256
f 258/258/258 256/256/256 259/259/259
f 261/261/261 260/260/260 256/256/256
f 261/261/261 256/256/256 257/257/257
f 262/262/262 256/256/256 260/260/260
f 262/262/262 259/259/259 256/256/256
f 260/260/260 261/261/261 263/263/263
f 260/260/260 263/263/263 262/262/262
f 266/266/266 265/265/265 264/264/264
f 266/266/266 264/264/264 267/267/267
f 267/267/267 264/264/264 268/268/268
f 264/264/264 265/265/265 250/250/250
f 250/250/250 265/265/265 269/269/269
f 269/269/269 265/265/265 266/266/266
f 264/264/264 250/250/250 251/251/251
f 254/254/254 264/264/264 251/251/251
f 272/272/272 271/271/271 270/270/270
f 273/273/273 272/272/272 270/270/270
f 273/273/273 270/270/270 274/274/274
f 275/275/275 273/273/273 274/274/274
f 252/252/252 275/275/275 274/274/274
f 270/270/270 252/252/252 274/274/274
f 270/270/270 253/253/253 252/252/252
f 254/254/254 253/253/253 270/270/270
f 278/278/278 277/277/277 276/276/276
f 278/278/278 276/276/276 279/279/279
f 280/280/280 278/278/278 279/279/279
f 280/280/280 279/279/279 281/281/281
f 280/280/280 281/281/281 282/282/282
f 280/280/280 282/282/282 283/283/283
f 279/279/279 276/276/276 284/284/284
f 276/276/276 277/277/277 285/285/285
f 288/288/288 287/287/287 286/286/286
f 287/287/287 289/289/289 286/286/286
f 292/292/292 291/291/291 290/290/290
f 292/292/292 290/290/290 293/293/293
f 292/292/292 293/293/293 294/294/294
f 292/292/292 294/294/294 288/288/288
f 288/288/288 294/294/294 287/287/287
f 294/294/294 295/295/295 287/287/287
f 298/298/298 297/297/297 296/296/296
f 299/299/299 296/296/296 297/297/297
f 299/299/299 297/297/297 300/300/300
f 301/301/301 299/299/299 300/300/300
f 301/301/301 300/300/300 302/302/302
f 301/301/301 302/302/302 303/303/303
f 306/306/306 305/305/305 304/304/304
f 306/306/306 307/307/307 305/305/305
f 306/306/306 308/308/308 307/307/307
f 304/304/304 305/305/305 309/309/309
f 304/304/304 309/309/309 310/310/310
f 311/311/311 310/310/310 309/309/309
f 298/298/298 296/296/296 312/312/312
f 311/311/311 313/313/313 310/310/310
f 298/298/298 312/312/312 314/314/314
f 314/314/314 312/312/312 315/315/315
f 317/317/317 316/316/316 313/313/313
f 311/311/311 317/317/317 313/313/313
f 320/320/320 319/319/319 318/318/318
f 318/318/318 319/319/319 321/321/321
f 318/318/318 321/321/321 322/322/322
f 318/318/318 322/322/322 323/323/323
f 324/324/324 323/323/323 322/322/322
f 324/324/324 322/322/322 325/325/325
f 321/321/321 319/319/319 326/326/326
f 326/326/326 319/319/319 327/327/327
f 326/326/326 327/327/327 328/328/328
f 331/331/331 330/330/330 329/329/329
f 331/331/331 329/329/329 332/332/332
f 333/333/333 332/332/332 329/329/329
f 333/333/333 329/329/329 334/334/334
f 333/333/333 334/334/334 335/335/335
f 334/334/334 336/336/336 335/335/335
f 337/337/337 333/333/333 335/335/335
f 336/336/336 339/339/339 338/338/338
f 336/336/336 338/338/338 335/335/335
f 342/342/342 341/341/341 340/340/340
f 345/345/345 344/344/344 343/343/343
f 342/342/342 340/340/340 346/346/346
f 346/346/346 340/340/340 347/347/347
f 346/346/346 347/347/347 348/348/348
f 348/348/348 347/347/347 349/349/349
f 348/348/348 349/349/349 350/350/350
f 350/350/350 349/349/349 351/351/351
f 354/354/354 353/353/353 352/352/352
f 354/354/354 355/355/355 353/353/353
f 355/355/355 356/356/356 353/353/353
f 357/357/357 354/354/354 352/352/352
f 357/357/357 352/352/352 344/344/344
f 345/345/345 357/357/357 344/344/344
f 345/345/345 343/343/343 358/358/358
f 343/343/343 359/359/359 358/358/358
f 341/341/341 361/361/361 360/360/360
f 342/342/342 361/361/361 341/341/341
f 363/363/363 362/362/362 284/284/284
f 363/363/363 284/284/284 364/364/364
f 365/365/365 362/362/362 363/363/363
f 365/365/365 366/366/366 362/362/362
f 367/367/367 366/366/366 365/365/365
f 367/367/367 368/368/368 366/366/366
f 330/330/330 368/368/368 367/367/367
f 330/330/330 283/283/283 282/282/282
f 370/370/370 369/369/369 364/364/364
f 284/284/284 371/371/371 369/369/369
f 372/372/372 369/369/369 371/371/371
f 339/339/339 372/372/372 371/371/371
f 371/371/371 373/373/373 339/339/339
f 328/328/328 375/375/375 374/374/374
f 374/374/374 376/376/376 328/328/328
f 374/374/374 377/377/377 376/376/376
f 325/325/325 290/290/290 291/291/291
f 325/325/325 379/379/379 378/378/378
f 379/379/379 380/380/380 378/378/378
f 379/379/379 381/381/381 380/380/380
f 381/381/381 382/382/382 380/380/380
f 381/381/381 383/383/383 382/382/382
f 383/383/383 295/295/295 382/382/382
f 295/295/295 377/377/377 374/374/374
f 383/383/383 384/384/384 295/295/295
f 295/295/295 384/384/384 377/377/377
f 387/387/387 386/386/386 385/385/385
f 387/387/387 385/385/385 388/388/388
f 388/388/388 385/385/385 389/389/389
f 388/388/388 389/389/389 390/390/390
f 391/391/391 386/386/386 387/387/387
f 391/391/391 392/392/392 386/386/386
f 393/393/393 392/392/392 391/391/391
f 393/393/393 394/394/394 392/392/392
f 356/356/356 394/394/394 393/393/393
f 356/356/356 303/303/303 302/302/302
f 390/390/390 389/389/389 395/395/395
f 390/390/390 395/395/395 359/359/359
f 351/351/351 307/307/307 308/308/308
f 351/351/351 397/397/397 396/396/396
f 397/397/397 398/398/398 396/396/396
f 397/397/397 399/399/399 398/398/398
f 399/399/399 400/400/400 398/398/398
f 399/399/399 401/401/401 400/400/400
f 401/401/401 402/402/402 400/400/400
f 401/401/401 403/403/403 402/402/402
f 403/403/403 404/404/404 402/402/402
f 403/403/403 405/405/405 404/404/404
f 405/405/405 360/360/360 406/406/406
f 405/405/405 406/406/406 404/404/404
f 409/409/409 408/408/408 407/407/407
f 407/407/407 410/410/410 409/409/409
f 410/410/410 411/411/411 409/409/409
f 411/411/411 412/412/412 409/409/409
f 415/415/415 414/414/414 413/413/413
f 413/413/413 416/416/416 415/415/415
f 413/413/413 417/417/417 416/416/416
f 413/413/413 418/418/418 417/417/417
f 421/421/421 420/420/420 419/419/419
f 421/421/421 419/419/419 422/422/422
f 422/422/422 419/419/419 423/423/423
f 422/422/422 423/423/423 424/424/424
f 424/424/424 423/423/423 425/425/425
f 409/409/409 425/425/425 408/408/408
f 428/428/428 427/427/427 426/426/426
f 410/410/410 426/426/426 411/411/411
f 429/429/429 427/427/427 428/428/428
f 429/429/429 430/430/430 427/427/427
f 431/431/431 430/430/430 429/429/429
f 431/431/431 432/432/432 430/430/430
f 435/435/435 434/434/434 433/433/433
f 435/435/435 433/433/433 436/436/436
f 439/439/439 438/438/438 437/437/437
f 439/439/439 437/437/437 440/440/440
f 438/438/438 441/441/441 437/437/437
f 438/438/438 442/442/442 441/441/441
f 442/442/442 443/443/443 441/441/441
f 442/442/442 444/444/444 443/443/443
f 447/447/447 446/446/446 445/445/445
f 446/446/446 444/444/444 445/445/445
f 446/446/446 443/443/443 444/444/444
f 448/448/448 447/447/447 445/445/445
f 448/448/448 445/445/445 449/449/449
f 449/449/449 451/451/451 450/450/450
f 449/449/449 450/450/450 448/448/448
f 452/452/452 448/448/448 450/450/450
f 452/452/452 453/453/453 448/448/448
f 452/452/452 454/454/454 453/453/453
f 457/457/457 456/456/456 455/455/455
f 457/457/457 455/455/455 458/458/458
f 456/456/456 459/459/459 455/455/455
f 456/456/456 460/460/460 459/459/459
f 460/460/460 461/461/461 459/459/459
f 460/460/460 462/462/462 461/461/461
f 463/463/463 461/461/461 462/462/462
f 466/466/466 465/465/465 464/464/464
f 466/466/466 464/464/464 467/467/467
f 468/468/468 466/466/466 467/467/467
f 468/468/468 469/469/469 466/466/466
f 468/468/468 470/470/470 469/469/469
f 470/470/470 471/471/471 469/469/469
f 471/471/471 472/472/472 469/469/469
f 454/454/454 474/474/474 473/473/473
f 454/454/454 473/473/473 446/446/446
f 454/454/454 446/446/446 447/447/447
f 473/473/473 461/461/461 475/475/475
f 473/473/473 475/475/475 476/476/476
f 473/473/473 476/476/476 477/477/477
f 473/473/473 477/477/477 446/446/446
f 461/461/461 440/440/440 475/475/475
f 480/480/480 479/479/479 478/478/478
f 479/479/479 129/129/129 478/478/478
f 479/479/479 131/131/131 129/129/129
f 479/479/479 133/133/133 131/131/131
f 478/478/478 129/129/129 127/127/127
f 480/480/480 138/138/138 479/479/479
f 479/479/479 482/482/482 481/481/481
f 480/480/480 483/483/483 138/138/138
f 483/483/483 139/139/139 138/138/138
f 486/486/486 485/485/485 484/484/484
f 489/489/489 488/488/488 487/487/487
f 487/487/487 490/490/490 489/489/489
f 487/487/487 491/491/491 490/490/490
f 487/487/487 492/492/492 491/491/491
f 495/495/495 494/494/494 493/493/493
f 493/493/493 496/496/496 495/495/495
f 496/496/496 497/497/497 495/495/495
f 497/497/497 498/498/498 495/495/495
f 501/501/501 500/500/500 499/499/499
f 501/501/501 499/499/499 502/502/502
f 500/500/500 503/503/503 499/499/499
f 500/500/500 504/504/504 503/503/503
f 504/504/504 505/505/505 503/503/503
f 487/487/487 488/488/488 505/505/505
f 490/490/490 491/491/491 506/506/506
f 508/508/508 506/506/506 507/507/507
f 509/509/509 508/508/508 507/507/507
f 509/509/509 507/507/507 510/510/510
f 511/511/511 509/509/509 510/510/510
f 511/511/511 510/510/510 512/512/512
f 515/515/515 514/514/514 513/513/513
f 515/515/515 513/513/513 516/516/516
g arrow_5d0f0098
v 0.750236110 0.256503282 0.494250698
v 0.762874461 0.243864938 0.489013414
v 0.757567056 0.249172339 0.501377780
v 0.746242395 0.260496995 0.503210256
v 0.733380118 0.273359266 0.499727529
v 0.732649082 0.274090302 0.503174497
v 0.559243262 0.444606385 0.495234594
v 0.556110119 0.440950378 0.495234594
v 0.530399181 0.466283264 0.495234603
v 0.533180709 0.469633917 0.495234603
v 0.524536490 0.477934847 0.495234606
v 0.520055246 0.472747877 0.495234605
v 0.508251145 0.488492116 0.495234610
v 0.514009730 0.495010726 0.495234611
v 0.485757578 0.513461966 0.495234619
v 0.484085844 0.504077121 0.495234617
v 0.469522372 0.524846602 0.495234623
v 0.472088656 0.526354178 0.495234623
v 0.456121414 0.554419423 0.495234631
v 0.453100504 0.534220632 0.495234627
v 0.440639137 0.545712652 0.495234631
v 0.443988637 0.563173395 0.495234634
v 0.402423709 0.592021339 0.495234646
v 0.417969051 0.599745618 0.495234646
v 0.393295666 0.621348448 0.495234653
v 0.383982743 0.611047093 0.495234651
v 0.366857065 0.626332065 0.495234657
v 0.366089182 0.645169165 0.495234661
v 0.398997205 0.582902974 0.495234644
v 0.443102250 0.575617310 0.495234638
v 0.448661730 0.528671746 0.495234626
v 0.456121414 0.554419423 0.495234631
v 0.472088656 0.526354178 0.495234623
v 0.473810918 0.527707380 0.500000101
v 0.487103544 0.515170077 0.500000096
v 0.485757578 0.513461966 0.495234619
v 0.515599562 0.496559578 0.500000089
v 0.514009730 0.495010726 0.495234611
v 0.526235742 0.479306223 0.500000084
v 0.524536490 0.477934847 0.495234606
v 0.534681058 0.471196298 0.500000081
v 0.533180709 0.469633917 0.495234603
v 0.560757983 0.446154966 0.500000072
v 0.559243262 0.444606385 0.495234594
v 0.729276540 0.270723440 0.505340616
v 0.732649082 0.274090302 0.503174497
v 0.742638662 0.257361324 0.505375767
v 0.746242395 0.260496995 0.503210256
v 0.761812399 0.238187597 0.513806671
v 0.765190271 0.241549127 0.511541842
v 0.765190271 0.241549127 0.511541842
v 0.774617790 0.232121613 0.507544711
v 0.774617790 0.232121613 0.507544711
v 0.757567056 0.249172339 0.501377780
v 0.756579115 0.243420878 0.500003382
v 0.776972147 0.223027856 0.507379161
v 0.774617790 0.232121613 0.507544711
v 0.776972147 0.223027856 0.507379161
v 0.756579115 0.243420878 0.500003382
v 0.757567056 0.249172339 0.501377780
v 0.762862773 0.237137223 0.485364650
v 0.762874461 0.243864938 0.489013414
v 0.762862773 0.237137223 0.485364650
v 0.762874461 0.243864938 0.489013414
v 0.746479242 0.253520746 0.492153942
v 0.750236110 0.256503282 0.494250698
v 0.729842301 0.270157679 0.497559586
v 0.733380118 0.273359266 0.499727529
v 0.554589807 0.439407412 0.500000072
v 0.556110119 0.440950378 0.495234594
v 0.529048827 0.464572842 0.500000080
v 0.530399181 0.466283264 0.495234603
v 0.521490337 0.469296643 0.500000082
v 0.520055246 0.472747877 0.495234605
v 0.521490337 0.469296643 0.500000082
v 0.520055246 0.472747877 0.495234605
v 0.517921669 0.453638083 0.500000079
v 0.517500616 0.461538646 0.495234603
v 0.517500616 0.461538646 0.495234603
v 0.517500616 0.461538646 0.495234603
v 0.508251145 0.488492116 0.495234610
v 0.506446070 0.487078721 0.500000088
v 0.517921669 0.453638083 0.500000079
v 0.482555657 0.502486434 0.500000094
v 0.484085844 0.504077121 0.495234617
v 0.468027335 0.523205801 0.500000100
v 0.469522372 0.524846602 0.495234623
v 0.453635005 0.531421390 0.500000104
v 0.453100504 0.534220632 0.495234627
v 0.453635005 0.531421390 0.500000104
v 0.453100504 0.534220632 0.495234627
v 0.448182260 0.524604681 0.500000103
v 0.448661730 0.528671746 0.495234626
v 0.448182260 0.524604681 0.500000103
v 0.448661730 0.528671746 0.495234626
v 0.438795320 0.544543731 0.500000109
v 0.440639137 0.545712652 0.495234631
v 0.403134989 0.587756192 0.500000122
v 0.402423709 0.592021339 0.495234646
v 0.403134989 0.587756192 0.500000122
v 0.402423709 0.592021339 0.495234646
v 0.399370321 0.577737862 0.500000121
v 0.398997205 0.582902974 0.495234644
v 0.399370321 0.577737862 0.500000121
v 0.398997205 0.582902974 0.495234644
v 0.381994395 0.609268791 0.500000129
v 0.383982743 0.611047093 0.495234651
v 0.364728960 0.625354200 0.500000135
v 0.366857065 0.626332065 0.495234657
v 0.383982742 0.611047093 0.504765608
v 0.366857065 0.626332065 0.504765613
v 0.383982742 0.611047093 0.504765608
v 0.366857065 0.626332065 0.504765613
v 0.393295665 0.621348447 0.504765608
v 0.366089181 0.645169164 0.504765617
v 0.402423709 0.592021339 0.504765601
v 0.402423709 0.592021339 0.504765601
v 0.398997204 0.582902973 0.504765599
v 0.398997204 0.582902973 0.504765599
v 0.398997204 0.582902973 0.504765599
v 0.417969051 0.599745618 0.504765601
v 0.443988636 0.563173394 0.504765589
v 0.440639137 0.545712651 0.504765587
v 0.456121414 0.554419423 0.504765586
v 0.453100504 0.534220631 0.504765582
v 0.469522371 0.524846602 0.504765578
v 0.472088655 0.526354178 0.504765578
v 0.485757595 0.513461948 0.504765573
v 0.484085844 0.504077120 0.504765572
v 0.443102249 0.575617309 0.504765591
v 0.448661729 0.528671745 0.504765582
v 0.508251144 0.488492115 0.504765566
v 0.514009729 0.495010726 0.504765566
v 0.524536490 0.477934847 0.504765561
v 0.520055245 0.472747877 0.504765560
v 0.530399181 0.466283263 0.504765558
v 0.533180709 0.469633917 0.504765558
v 0.559243262 0.444606385 0.504765550
v 0.556110119 0.440950378 0.504765549
v 0.517500615 0.461538645 0.504765559
v 0.726640714 0.266619862 0.499727529
v 0.725909679 0.267350899 0.503174497
v 0.739502992 0.253757592 0.503210256
v 0.743496707 0.249763878 0.494250698
v 0.750827662 0.242432928 0.501377780
v 0.756135057 0.237125533 0.489013414
v 0.758450877 0.234809716 0.511541842
v 0.767878387 0.225382210 0.507544711
v 0.750827662 0.242432928 0.501377780
v 0.767878387 0.225382210 0.507544711
v 0.767878387 0.225382210 0.507544711
v 0.758450877 0.234809716 0.511541842
v 0.739502992 0.253757592 0.503210256
v 0.725909679 0.267350899 0.503174497
v 0.559243262 0.444606385 0.504765550
v 0.533180709 0.469633917 0.504765558
v 0.524536490 0.477934847 0.504765561
v 0.514009729 0.495010726 0.504765566
v 0.485757595 0.513461948 0.504765573
v 0.472088655 0.526354178 0.504765578
v 0.456121414 0.554419423 0.504765586
v 0.457770972 0.555900360 0.500000109
v 0.443988637 0.563173395 0.495234634
v 0.446077314 0.564337478 0.500000112
v 0.443102250 0.575617310 0.495234638
v 0.445203637 0.576602692 0.500000115
v 0.417969051 0.599745618 0.495234646
v 0.419433406 0.601342554 0.500000123
v 0.393295666 0.621348448 0.495234653
v 0.394722505 0.622978247 0.500000131
v 0.366089182 0.645169165 0.495234661
v 0.363719292 0.650123193 0.500000140
v 0.443988636 0.563173394 0.504765589
v 0.443102249 0.575617309 0.504765591
v 0.417969051 0.599745618 0.504765601
v 0.393295665 0.621348447 0.504765608
v 0.366089181 0.645169164 0.504765617
v 0.440639137 0.545712651 0.504765587
v 0.402423709 0.592021339 0.504765601
v 0.448661729 0.528671745 0.504765582
v 0.448661729 0.528671745 0.504765582
v 0.453100504 0.534220631 0.504765582
v 0.453100504 0.534220631 0.504765582
v 0.469522371 0.524846602 0.504765578
v 0.484085844 0.504077120 0.504765572
v 0.508251144 0.488492115 0.504765566
v 0.517500615 0.461538645 0.504765559
v 0.517500615 0.461538645 0.504765559
v 0.520055245 0.472747877 0.504765560
v 0.520055245 0.472747877 0.504765560
v 0.530399181 0.466283263 0.504765558
v 0.556110119 0.440950378 0.504765549
v 0.726640714 0.266619862 0.499727529
v 0.743496707 0.249763878 0.494250698
v 0.756135057 0.237125533 0.489013414
v 0.756135057 0.237125533 0.489013414
v 0.750827662 0.242432928 0.501377780
vt 0.106018104 0.266113281
vt 0.082275428 0.273925781
vt 0.088012733 0.255371094
vt 0.110473670 0.252441406
vt 0.138305694 0.257324219
vt 0.138427764 0.251953125
vt 0.491210967 0.250000000
vt 0.492431670 0.257324219
vt 0.544921875 0.257324219
vt 0.543945312 0.250976562
vt 0.561035156 0.250976562
vt 0.563476562 0.261230469
vt 0.590332031 0.256835938
vt 0.587402344 0.243652344
vt 0.638183594 0.253906250
vt 0.633789062 0.266113281
vt 0.667968750 0.258789062
vt 0.666015625 0.254394531
vt 0.707519531 0.241210938
vt 0.696777344 0.266113281
vt 0.721191406 0.267089844
vt 0.729980469 0.244628906
vt 0.805664062 0.257812560
vt 0.791015625 0.232910216
vt 0.839355469 0.235839903
vt 0.843750000 0.256835997
vt 0.877929688 0.258789122
vt 0.892578125 0.239257872
vt 0.803710938 0.271484435
vt 0.740234375 0.232421935
vt 0.698242188 0.276855469
vt 0.707519531 0.241210938
vt 0.666015625 0.254394531
vt 0.663085938 0.249511719
vt 0.636230469 0.249023438
vt 0.638183594 0.253906250
vt 0.584960938 0.238769531
vt 0.587402344 0.243652344
vt 0.558593750 0.246093750
vt 0.561035156 0.250976562
vt 0.541503906 0.246093750
vt 0.543945312 0.250976562
vt 0.488525420 0.245117188
vt 0.491210967 0.250000000
vt 0.135864288 0.247070312
vt 0.138427764 0.251953125
vt 0.108459510 0.247558594
vt 0.110473670 0.252441406
vt 0.065673873 0.234863281
vt 0.068237349 0.239746094
vt 0.068237349 0.239746094
vt 0.050537150 0.246093750
vt 0.050537150 0.246093750
vt 0.088012733 0.255371094
vt 0.082092322 0.255859375
vt 0.037262004 0.245117188
vt 0.050537150 0.246093750
vt 0.037262004 0.245117188
vt 0.082092322 0.255859375
vt 0.088012733 0.255371094
vt 0.075256385 0.277832031
vt 0.082275428 0.273925781
vt 0.075256385 0.277832031
vt 0.082275428 0.273925781
vt 0.106079139 0.267578125
vt 0.106018104 0.266113281
vt 0.137939483 0.258789062
vt 0.138305694 0.257324219
vt 0.491699219 0.259277344
vt 0.492431670 0.257324219
vt 0.543945312 0.259277344
vt 0.544921875 0.257324219
vt 0.557128906 0.262207031
vt 0.563476562 0.261230469
vt 0.557128906 0.262207031
vt 0.563476562 0.261230469
vt 0.550292969 0.282714844
vt 0.558593750 0.276367188
vt 0.558593750 0.276367188
vt 0.558593750 0.276367188
vt 0.590332031 0.256835938
vt 0.590332031 0.258789062
vt 0.550292969 0.282714844
vt 0.632812500 0.267578125
vt 0.633789062 0.266113281
vt 0.667480469 0.260742188
vt 0.667968750 0.258789062
vt 0.692382812 0.267089844
vt 0.696777344 0.266113281
vt 0.692382812 0.267089844
vt 0.696777344 0.266113281
vt 0.694335938 0.280273438
vt 0.698242188 0.276855469
vt 0.694335938 0.280273438
vt 0.698242188 0.276855469
vt 0.721191406 0.268554688
vt 0.721191406 0.267089844
vt 0.799804688 0.260253966
vt 0.805664062 0.257812560
vt 0.799804688 0.260253966
vt 0.805664062 0.257812560
vt 0.797851562 0.274902403
vt 0.803710938 0.271484435
vt 0.797851562 0.274902403
vt 0.803710938 0.271484435
vt 0.843750000 0.259277403
vt 0.843750000 0.256835997
vt 0.877929688 0.260253966
vt 0.877929688 0.258789122
vt 0.840820312 0.253418028
vt 0.874511719 0.255371153
vt 0.840820312 0.253418028
vt 0.874511719 0.255371153
vt 0.835937500 0.232421935
vt 0.889160156 0.235839903
vt 0.802246094 0.254394591
vt 0.802246094 0.254394591
vt 0.800292969 0.268066466
vt 0.800292969 0.268066466
vt 0.800292969 0.268066466
vt 0.787597656 0.229492247
vt 0.726562500 0.241699219
vt 0.718261719 0.263671875
vt 0.704101562 0.237792969
vt 0.693359375 0.263183594
vt 0.665039062 0.255859375
vt 0.662597656 0.251464844
vt 0.635253906 0.250488281
vt 0.630371094 0.262695312
vt 0.736816406 0.229003966
vt 0.695312500 0.273925781
vt 0.587402344 0.253906250
vt 0.584472656 0.240722656
vt 0.558105469 0.248046875
vt 0.560058594 0.258300781
vt 0.541992188 0.253906250
vt 0.540527344 0.247558594
vt 0.487792999 0.247070312
vt 0.489257842 0.253906250
vt 0.555175781 0.272949219
vt 0.135131866 0.253906250
vt 0.135131866 0.249023438
vt 0.107299842 0.249023438
vt 0.102783240 0.262695312
vt 0.084838904 0.251953125
vt 0.079040565 0.270996094
vt 0.065002486 0.236816406
vt 0.047302287 0.242675781
vt 0.084838904 0.251953125
vt 0.047302287 0.242675781
vt 0.047302287 0.242675781
vt 0.065002486 0.236816406
vt 0.107299842 0.249023438
vt 0.135131866 0.249023438
vt 0.487792999 0.247070312
vt 0.540527344 0.247558594
vt 0.558105469 0.248046875
vt 0.584472656 0.240722656
vt 0.635253906 0.250488281
vt 0.662597656 0.251464844
vt 0.704101562 0.237792969
vt 0.704589844 0.236328125
vt 0.729980469 0.244628906
vt 0.726074219 0.239746094
vt 0.740234375 0.232421935
vt 0.736328125 0.227539122
vt 0.791015625 0.232910216
vt 0.788574219 0.228027403
vt 0.839355469 0.235839903
vt 0.836914062 0.230957091
vt 0.892578125 0.239257872
vt 0.897460938 0.234863341
vt 0.726562500 0.241699219
vt 0.736816406 0.229003966
vt 0.787597656 0.229492247
vt 0.835937500 0.232421935
vt 0.889160156 0.235839903
vt 0.718261719 0.263671875
vt 0.802246094 0.254394591
vt 0.695312500 0.273925781
vt 0.695312500 0.273925781
vt 0.693359375 0.263183594
vt 0.693359375 0.263183594
vt 0.665039062 0.255859375
vt 0.630371094 0.262695312
vt 0.587402344 0.253906250
vt 0.555175781 0.272949219
vt 0.555175781 0.272949219
vt 0.560058594 0.258300781
vt 0.560058594 0.258300781
vt 0.541992188 0.253906250
vt 0.489257842 0.253906250
vt 0.135131866 0.253906250
vt 0.102783240 0.262695312
vt 0.079040565 0.270996094
vt 0.079040565 0.270996094
vt 0.084838904 0.251953125
vn 0.707106454 0.707106771 0.000000020
vn 0.707106452 0.707106774 0.000000038
vn 0.707106455 0.707106770 0.000000005
vn 0.707106450 0.707106776 0.000000009
vn 0.707106437 0.707106788 0.000000093
vn 0.707106438 0.707106787 0.000000106
vn -0.000000071 0.000000267 -0.999999702
vn -0.000000071 0.000000267 -0.999999702
vn -0.000000071 0.000000271 -0.999999642
vn -0.000000066 0.000000273 -0.999999702
vn -0.000000086 0.000000251 -0.999999702
vn -0.000000105 0.000000234 -0.999999702
vn -0.000000095 0.000000235 -0.999999642
vn -0.000000091 0.000000238 -0.999999702
vn -0.000000122 0.000000214 -0.999999702
vn -0.000000125 0.000000212 -0.999999702
vn -0.000000125 0.000000212 -0.999999642
vn -0.000000125 0.000000212 -0.999999702
vn -0.000000131 0.000000222 -0.999999702
vn -0.000000125 0.000000212 -0.999999702
vn -0.000000123 0.000000223 -0.999999642
vn -0.000000117 0.000000228 -0.999999702
vn -0.000000115 0.000000222 -0.999999702
vn -0.000000109 0.000000226 -0.999999642
vn -0.000000108 0.000000228 -0.999999702
vn -0.000000108 0.000000230 -0.999999702
vn -0.000000110 0.000000217 -0.999999702
vn -0.000000111 0.000000213 -0.999999702
vn -0.000000125 0.000000212 -0.999999702
vn -0.000000125 0.000000212 -0.999999642
vn -0.000000125 0.000000212 -0.999999702
vn 0.674732870 0.605671360 -0.421778649
vn 0.714480325 0.561349792 -0.417616636
vn 0.786334280 0.617800876 0.000000044
vn 0.618910839 0.785461097 0.000000111
vn 0.563052320 0.714573928 -0.415157586
vn 0.716276634 0.697815967 0.000000068
vn 0.649306259 0.632565272 -0.422211021
vn 0.778172163 0.628050526 0.000000055
vn 0.707441838 0.570964547 -0.416563630
vn 0.692639310 0.721283607 0.000000059
vn 0.630555883 0.656632810 -0.413802117
vn 0.699244080 0.714882744 0.000000096
vn 0.636564066 0.650800885 -0.413816631
vn -0.001315361 0.001315325 0.999998212
vn 0.291404848 0.293799886 0.910365045
vn -0.106822085 0.106822018 0.988523126
vn 0.198280787 0.392401184 0.898168027
vn -0.003591146 0.003591165 0.999987066
vn 0.300286645 0.306766173 0.903173387
vn 0.707106447 0.707106779 -0.000000002
vn 0.707106444 0.707106781 0.000000002
vn 0.452099666 0.133104226 -0.881980121
vn 0.452099571 0.133104152 -0.881980062
vn 0.175201613 -0.175201554 -0.968818069
vn 0.175201626 -0.175201540 -0.968818069
vn 0.477464050 0.107739883 0.872020721
vn 0.203063173 -0.203063059 0.957877994
vn 0.604450888 -0.604450624 0.518920004
vn 0.842872675 -0.257672492 0.472408682
vn 0.604450443 -0.604450310 0.518920839
vn 0.842870758 -0.257675759 0.472410440
vn -0.198837982 0.198837890 -0.959649146
vn 0.111587996 0.473618762 -0.873632073
vn -0.178663851 0.178663748 -0.967552722
vn 0.130071138 0.455345595 -0.880761921
vn -0.077073537 0.077073503 -0.994041741
vn 0.224176859 0.364339733 -0.903881073
vn -0.701850328 -0.712324207 -0.000000045
vn -0.638941265 -0.648476201 -0.413802326
vn -0.619640986 -0.784885208 -0.000000138
vn -0.563515250 -0.713792789 -0.415872812
vn -0.529977633 -0.848011303 -0.000000098
vn -0.482474457 -0.772001706 -0.413801432
vn 0.974998557 -0.222209228 -0.000000122
vn 0.887607340 -0.202292629 -0.413799971
vn 0.974998177 -0.222210281 -0.000000047
vn 0.887605022 -0.202293514 -0.413804471
vn -0.000000125 0.000000212 -0.999999702
vn -0.861076278 -0.295489722 -0.413802922
vn -0.709528270 -0.555540661 -0.433524877
vn -0.787364622 -0.616487474 -0.000000008
vn -0.945856940 -0.324583438 0.000000063
vn -0.693286491 -0.720661715 -0.000000075
vn -0.629088222 -0.653924477 -0.420274049
vn -0.673540446 -0.739150098 -0.000000073
vn -0.610553788 -0.670027543 -0.422240406
vn -0.495745752 -0.868467318 -0.000000109
vn -0.451310919 -0.790624618 -0.413800418
vn 0.780900012 -0.624655492 -0.000000213
vn 0.710905903 -0.568667950 -0.413798213
vn 0.780898558 -0.624657451 -0.000000238
vn 0.710902611 -0.568668629 -0.413803041
vn -0.904750465 -0.425941530 0.000000039
vn -0.823654513 -0.387762744 -0.413802892
vn -0.844605395 -0.535388888 -0.000000007
vn -0.767862254 -0.486745577 -0.416492522
vn -0.771285173 -0.636489615 -0.000000009
vn -0.702152398 -0.579438856 -0.413802385
vn 0.936089050 -0.351762023 -0.000000162
vn 0.852184305 -0.320231776 -0.413803250
vn 0.936089387 -0.351761096 -0.000000211
vn 0.852185633 -0.320231207 -0.413800865
vn -0.875817708 -0.482641475 0.000000007
vn -0.795806868 -0.437534758 -0.418633908
vn -0.794857089 -0.606796460 -0.000000009
vn -0.691803150 -0.537519775 -0.482162416
vn -0.668336045 -0.743859273 -0.000000086
vn -0.607123490 -0.680236824 -0.410704732
vn -0.691802939 -0.537519901 0.482162327
vn -0.607123432 -0.680237051 0.410704613
vn 0.000000142 -0.000000195 0.999999702
vn 0.000000140 -0.000000207 0.999999702
vn 0.000000142 -0.000000197 0.999999702
vn 0.000000139 -0.000000212 0.999999702
vn 0.000000135 -0.000000202 0.999999702
vn 0.852184368 -0.320231966 0.413802922
vn 0.000000125 -0.000000212 0.999999702
vn -0.795806636 -0.437534906 0.418633878
vn 0.852185759 -0.320231418 0.413800538
vn 0.000000140 -0.000000199 0.999999642
vn 0.000000133 -0.000000196 0.999999702
vn 0.000000127 -0.000000202 0.999999702
vn 0.000000119 -0.000000202 0.999999702
vn 0.000000125 -0.000000212 0.999999702
vn 0.000000125 -0.000000212 0.999999642
vn 0.000000125 -0.000000212 0.999999702
vn 0.000000127 -0.000000210 0.999999702
vn 0.000000125 -0.000000212 0.999999702
vn 0.000000125 -0.000000212 0.999999642
vn 0.000000125 -0.000000212 0.999999702
vn 0.000000155 -0.000000190 0.999999702
vn 0.000000159 -0.000000186 0.999999702
vn 0.000000164 -0.000000173 0.999999702
vn 0.000000145 -0.000000190 0.999999702
vn 0.000000179 -0.000000154 0.999999642
vn 0.000000184 -0.000000151 0.999999702
vn 0.000000179 -0.000000157 0.999999642
vn 0.000000179 -0.000000158 0.999999702
vn 0.000000125 -0.000000212 0.999999702
vn -0.707106451 -0.707106774 0.000000088
vn -0.707106450 -0.707106776 0.000000102
vn -0.707106438 -0.707106787 0.000000005
vn -0.707106434 -0.707106792 0.000000015
vn -0.707106433 -0.707106793 0.000000001
vn -0.707106437 -0.707106789 0.000000034
vn -0.707106441 -0.707106784 -0.000000006
vn -0.707106444 -0.707106781 -0.000000002
vn -0.133103931 -0.452099708 -0.881980121
vn -0.133103994 -0.452099729 -0.881980002
vn -0.107739715 -0.477464008 0.872020721
vn -0.306766043 -0.300286818 0.903173387
vn -0.392401089 -0.198280924 0.898168027
vn -0.293799829 -0.291405074 0.910364926
vn 0.636564125 0.650800657 0.413816839
vn 0.630555891 0.656632549 0.413802236
vn 0.707441954 0.570964347 0.416563749
vn 0.649306365 0.632565082 0.422211170
vn 0.563052404 0.714573759 0.415157795
vn 0.714480399 0.561349634 0.417616695
vn 0.674732968 0.605671179 0.421778828
vn 0.744163413 0.667997514 0.000000060
vn 0.780738379 0.435103454 -0.448477626
vn 0.873509409 0.486806848 0.000000015
vn 0.814003074 0.381669469 -0.437866539
vn 0.905414742 0.424527714 0.000000002
vn 0.615213459 0.670973909 -0.413891524
vn 0.675816294 0.737069811 0.000000051
vn 0.599695095 0.684933261 -0.413801700
vn 0.658740011 0.752370363 0.000000067
vn 0.599695085 0.684933103 -0.413801908
vn 0.658740106 0.752370352 0.000000098
vn 0.780738506 0.435103243 0.448477685
vn 0.814003117 0.381669343 0.437866569
vn 0.615213512 0.670973687 0.413891703
vn 0.599695206 0.684933066 0.413801789
vn 0.599695185 0.684932919 0.413802087
vn -0.767862180 -0.486745735 0.416492522
vn -0.702152251 -0.579439004 0.413802296
vn -0.823654513 -0.387762913 0.413802922
vn 0.710902690 -0.568668803 0.413802564
vn 0.710906035 -0.568668155 0.413797736
vn -0.451310793 -0.790624829 0.413800299
vn -0.610553683 -0.670027733 0.422240287
vn -0.629088127 -0.653924656 0.420273870
vn -0.709528112 -0.555540819 0.433524728
vn -0.861076236 -0.295489932 0.413803130
vn 0.887605149 -0.202293725 0.413804233
vn 0.887607488 -0.202292903 0.413799703
vn -0.482474289 -0.772001875 0.413801223
vn -0.563515081 -0.713792873 0.415872693
vn -0.638941164 -0.648476386 0.413802236
vn -0.364339623 -0.224177054 -0.903881073
vn -0.455345479 -0.130071423 -0.880761921
vn -0.473618698 -0.111588270 -0.873632014
vn 0.257675906 -0.842870779 0.472410351
vn 0.257672829 -0.842872591 0.472408563
usemtl pmx_crystal_front
f 519/519/519 518/518/518 517/517/517
f 519/519/519 517/517/517 520/520/520
f 520/520/520 517/517/517 521/521/521
f 520/520/520 521/521/521 522/522/522
f 523/523/523 522/522/522 521/521/521
f 523/523/523 521/521/521 524/524/524
f 523/523/523 524/524/524 525/525/525
f 523/523/523 525/525/525 526/526/526
f 527/527/527 526/526/526 525/525/525
f 527/527/527 525/525/525 528/528/528
f 527/527/527 528/528/528 529/529/529
f 527/527/527 529/529/529 530/530/530
f 531/531/531 530/530/530 529/529/529
f 531/531/531 529/529/529 532/532/532
f 531/531/531 532/532/532 533/533/533
f 531/531/531 533/533/533 534/534/534
f 535/535/535 534/534/534 533/533/533
f 535/535/535 533/533/533 536/536/536
f 535/535/535 536/536/536 537/537/537
f 535/535/535 537/537/537 538/538/538
f 538/538/538 537/537/537 539/539/539
f 539/539/539 540/540/540 538/538/538
f 539/539/539 541/541/541 540/540/540
f 539/539/539 542/542/542 541/541/541
f 541/541/541 542/542/542 543/543/543
f 541/541/541 543/543/543 544/544/544
f 542/542/542 539/539/539 545/545/545
f 540/540/540 546/546/546 538/538/538
f 537/537/537 536/536/536 547/547/547
f 550/550/550 549/549/549 548/548/548
f 551/551/551 549/549/549 550/550/550
f 551/551/551 552/552/552 549/549/549
f 553/553/553 552/552/552 551/551/551
f 553/553/553 554/554/554 552/552/552
f 555/555/555 554/554/554 553/553/553
f 555/555/555 556/556/556 554/554/554
f 557/557/557 556/556/556 555/555/555
f 557/557/557 558/558/558 556/556/556
f 559/559/559 558/558/558 557/557/557
f 559/559/559 560/560/560 558/558/558
f 561/561/561 560/560/560 559/559/559
f 561/561/561 562/562/562 560/560/560
f 563/563/563 562/562/562 561/561/561
f 563/563/563 564/564/564 562/562/562
f 565/565/565 564/564/564 563/563/563
f 565/565/565 566/566/566 564/564/564
f 519/519/519 520/520/520 567/567/567
f 519/519/519 567/567/567 568/568/568
f 571/571/571 570/570/570 569/569/569
f 571/571/571 569/569/569 572/572/572
f 574/574/574 573/573/573 566/566/566
f 574/574/574 566/566/566 565/565/565
f 577/577/577 576/576/576 575/575/575
f 577/577/577 578/578/578 576/576/576
f 581/581/581 580/580/580 579/579/579
f 581/581/581 582/582/582 580/580/580
f 583/583/583 582/582/582 581/581/581
f 583/583/583 584/584/584 582/582/582
f 585/585/585 584/584/584 583/583/583
f 585/585/585 586/586/586 584/584/584
f 587/587/587 586/586/586 585/585/585
f 587/587/587 588/588/588 586/586/586
f 589/589/589 588/588/588 587/587/587
f 589/589/589 590/590/590 588/588/588
f 593/593/593 592/592/592 591/591/591
f 593/593/593 594/594/594 592/592/592
f 529/529/529 528/528/528 595/595/595
f 598/598/598 597/597/597 596/596/596
f 598/598/598 596/596/596 599/599/599
f 600/600/600 597/597/597 598/598/598
f 600/600/600 601/601/601 597/597/597
f 602/602/602 601/601/601 600/600/600
f 602/602/602 603/603/603 601/601/601
f 604/604/604 603/603/603 602/602/602
f 604/604/604 605/605/605 603/603/603
f 608/608/608 607/607/607 606/606/606
f 608/608/608 609/609/609 607/607/607
f 612/612/612 611/611/611 610/610/610
f 612/612/612 613/613/613 611/611/611
f 614/614/614 613/613/613 612/612/612
f 614/614/614 615/615/615 613/613/613
f 618/618/618 617/617/617 616/616/616
f 618/618/618 619/619/619 617/617/617
f 622/622/622 621/621/621 620/620/620
f 622/622/622 623/623/623 621/621/621
f 624/624/624 623/623/623 622/622/622
f 624/624/624 625/625/625 623/623/623
f 624/624/624 622/622/622 626/626/626
f 624/624/624 626/626/626 627/627/627
f 630/630/630 629/629/629 628/628/628
f 630/630/630 631/631/631 629/629/629
f 632/632/632 630/630/630 628/628/628
f 618/618/618 616/616/616 633/633/633
f 628/628/628 634/634/634 632/632/632
f 622/622/622 620/620/620 635/635/635
f 622/622/622 635/635/635 626/626/626
f 618/618/618 633/633/633 636/636/636
f 632/632/632 637/637/637 630/630/630
f 638/638/638 637/637/637 632/632/632
f 632/632/632 639/639/639 638/638/638
f 640/640/640 638/638/638 639/639/639
f 640/640/640 639/639/639 641/641/641
f 640/640/640 641/641/641 642/642/642
f 640/640/640 642/642/642 643/643/643
f 644/644/644 643/643/643 642/642/642
f 644/644/644 642/642/642 645/645/645
f 638/638/638 646/646/646 637/637/637
f 639/639/639 647/647/647 641/641/641
f 644/644/644 645/645/645 648/648/648
f 644/644/644 648/648/648 649/649/649
f 650/650/650 649/649/649 648/648/648
f 650/650/650 648/648/648 651/651/651
f 650/650/650 651/651/651 652/652/652
f 650/650/650 652/652/652 653/653/653
f 654/654/654 653/653/653 652/652/652
f 654/654/654 652/652/652 655/655/655
f 648/648/648 656/656/656 651/651/651
f 654/654/654 655/655/655 657/657/657
f 654/654/654 657/657/657 658/658/658
f 659/659/659 658/658/658 657/657/657
f 659/659/659 657/657/657 660/660/660
f 661/661/661 659/659/659 660/660/660
f 661/661/661 660/660/660 662/662/662
f 661/661/661 663/663/663 659/659/659
f 661/661/661 664/664/664 663/663/663
f 571/571/571 666/666/666 665/665/665
f 571/571/571 572/572/572 666/666/666
f 574/574/574 668/668/668 667/667/667
f 574/574/574 565/565/565 668/668/668
f 565/565/565 669/669/669 668/668/668
f 565/565/565 563/563/563 669/669/669
f 563/563/563 670/670/670 669/669/669
f 563/563/563 561/561/561 670/670/670
f 561/561/561 671/671/671 670/670/670
f 561/561/561 559/559/559 671/671/671
f 559/559/559 672/672/672 671/671/671
f 559/559/559 557/557/557 672/672/672
f 557/557/557 673/673/673 672/672/672
f 557/557/557 555/555/555 673/673/673
f 555/555/555 674/674/674 673/673/673
f 555/555/555 553/553/553 674/674/674
f 553/553/553 675/675/675 674/674/674
f 553/553/553 551/551/551 675/675/675
f 551/551/551 676/676/676 675/675/675
f 551/551/551 550/550/550 676/676/676
f 550/550/550 677/677/677 676/676/676
f 550/550/550 678/678/678 677/677/677
f 550/550/550 548/548/548 678/678/678
f 678/678/678 548/548/548 679/679/679
f 678/678/678 679/679/679 680/680/680
f 680/680/680 679/679/679 681/681/681
f 680/680/680 681/681/681 682/682/682
f 682/682/682 681/681/681 683/683/683
f 682/682/682 683/683/683 684/684/684
f 684/684/684 683/683/683 685/685/685
f 684/684/684 685/685/685 686/686/686
f 686/686/686 685/685/685 687/687/687
f 686/686/686 687/687/687 688/688/688
f 678/678/678 680/680/680 689/689/689
f 678/678/678 689/689/689 677/677/677
f 680/680/680 682/682/682 690/690/690
f 680/680/680 690/690/690 689/689/689
f 682/682/682 684/684/684 691/691/691
f 682/682/682 691/691/691 690/690/690
f 684/684/684 686/686/686 692/692/692
f 684/684/684 692/692/692 691/691/691
f 686/686/686 688/688/688 693/693/693
f 686/686/686 693/693/693 692/692/692
f 614/614/614 612/612/612 694/694/694
f 614/614/614 694/694/694 695/695/695
f 612/612/612 696/696/696 694/694/694
f 612/612/612 610/610/610 696/696/696
f 608/608/608 698/698/698 697/697/697
f 608/608/608 606/606/606 698/698/698
f 604/604/604 700/700/700 699/699/699
f 604/604/604 602/602/602 700/700/700
f 602/602/602 701/701/701 700/700/700
f 602/602/602 600/600/600 701/701/701
f 600/600/600 702/702/702 701/701/701
f 600/600/600 598/598/598 702/702/702
f 598/598/598 703/703/703 702/702/702
f 598/598/598 599/599/599 703/703/703
f 593/593/593 705/705/705 704/704/704
f 593/593/593 591/591/591 705/705/705
f 589/589/589 707/707/707 706/706/706
f 589/589/589 587/587/587 707/707/707
f 587/587/587 708/708/708 707/707/707
f 587/587/587 585/585/585 708/708/708
f 585/585/585 709/709/709 708/708/708
f 585/585/585 583/583/583 709/709/709
f 583/583/583 710/710/710 709/709/709
f 583/583/583 581/581/581 710/710/710
f 581/581/581 711/711/711 710/710/710
f 581/581/581 579/579/579 711/711/711
f 577/577/577 713/713/713 712/712/712
f 577/577/577 575/575/575 713/713/713
