# PMX conversion: 微波叮桃子; local replacement. See pmx_source_notice.txt.
mtllib sonnet.mtl
g body_e1f0d2f2
v 0.509680244 0.517135650 0.500000043
v 0.520912383 0.512185239 0.513839808
v 0.507352324 0.492647649 0.513839806
v 0.498359893 0.501640088 0.500000042
v 0.509680244 0.517135650 0.500000043
v 0.507352324 0.492647649 0.513839806
v 0.482864346 0.490319723 0.500000041
v 0.507352324 0.492647649 0.513839806
v 0.487814742 0.479087584 0.513839806
v 0.482864346 0.490319723 0.500000041
v 0.468096318 0.476353429 0.513839805
v 0.463561378 0.490063823 0.500000041
v 0.516430864 0.525883917 0.513839809
v 0.463561378 0.490063823 0.500000041
v 0.468096318 0.476353429 0.513839805
v 0.452401991 0.476826050 0.513839806
v 0.525194679 0.537776126 0.513839810
v 0.517565402 0.537107362 0.513839809
v 0.527044877 0.549973543 0.513839813
v 0.516625608 0.547670925 0.500000045
v 0.509936130 0.536438604 0.500000045
v 0.544293711 0.529471945 0.500000042
v 0.538546236 0.504413455 0.500000042
v 0.531408624 0.506620046 0.513839806
v 0.535521985 0.529842512 0.513839809
v 0.515833635 0.484166336 0.513839806
v 0.507352324 0.492647649 0.513839806
v 0.520912383 0.512185239 0.513839808
v 0.487814742 0.479087584 0.513839806
v 0.493520364 0.468450908 0.513839805
v 0.473329723 0.464213113 0.513839802
v 0.468096318 0.476353429 0.513839805
v 0.520956305 0.479043671 0.500000040
v 0.495586510 0.461453714 0.500000039
v 0.474923664 0.455712322 0.500000038
v 0.525194679 0.537776126 0.513839810
v 0.474923664 0.455712322 0.500000038
v 0.466635816 0.456250252 0.513839802
v 0.473329723 0.464213113 0.513839802
v 0.532773235 0.538440428 0.513839809
v 0.527044877 0.549973543 0.513839813
v 0.452401991 0.476826050 0.513839806
v 0.441393703 0.456564454 0.513839802
v 0.465174364 0.445037466 0.513839801
v 0.449428028 0.435884977 0.513839800
v 0.470310455 0.448174270 0.500000036
v 0.465789205 0.436697965 0.506919917
v 0.470909875 0.432864294 0.500000033
v 0.453110701 0.425401935 0.506919914
v 0.461885467 0.420010970 0.500000036
v 0.474923664 0.455712322 0.500000038
v 0.470909875 0.432864294 0.500000033
v 0.453110701 0.425401935 0.493080152
v 0.465789209 0.436697969 0.493080156
v 0.470310455 0.448174270 0.500000036
v 0.465174364 0.445037466 0.486160273
v 0.466635823 0.456250259 0.486160274
v 0.441393703 0.456564454 0.486160271
v 0.452401995 0.476826054 0.486160273
v 0.473329723 0.464213113 0.486160276
v 0.493520379 0.468450908 0.486160275
v 0.487814748 0.479087590 0.486160275
v 0.515833641 0.484166342 0.486160275
v 0.507352330 0.492647655 0.486160276
v 0.531408638 0.506620046 0.486160276
v 0.520912388 0.512185245 0.486160278
v 0.468096335 0.476353431 0.486160273
v 0.473329723 0.464213113 0.486160276
v 0.468096335 0.476353431 0.486160273
v 0.466635823 0.456250259 0.486160274
v 0.538546236 0.504413455 0.500000042
v 0.544293711 0.529471945 0.500000042
v 0.535521985 0.529842512 0.486160279
v 0.495586510 0.461453714 0.500000039
v 0.525194683 0.537776129 0.486160280
v 0.532773235 0.538440428 0.486160279
v 0.527044877 0.549973543 0.486160283
v 0.509680244 0.517135650 0.500000043
v 0.498359893 0.501640088 0.500000042
v 0.507352330 0.492647655 0.486160276
v 0.520912388 0.512185245 0.486160278
v 0.482864346 0.490319723 0.500000041
v 0.487814748 0.479087590 0.486160275
v 0.468096335 0.476353431 0.486160273
v 0.463561378 0.490063823 0.500000041
v 0.452401995 0.476826054 0.486160273
v 0.516430854 0.525883907 0.486160279
v 0.525194683 0.537776129 0.486160280
v 0.517565405 0.537107366 0.486160280
v 0.509936130 0.536438604 0.500000045
v 0.516625608 0.547670925 0.500000045
v 0.527044877 0.549973543 0.486160283
v 0.449428028 0.435884977 0.486160275
v 0.463561378 0.490063823 0.500000041
v 0.452401991 0.476826050 0.513839806
v 0.452401995 0.476826054 0.486160273
v 0.535521985 0.529842512 0.486160279
v 0.544293711 0.529471945 0.500000042
v 0.535521985 0.529842512 0.513839809
v 0.532773235 0.538440428 0.513839809
v 0.532773235 0.538440428 0.486160279
v 0.527044877 0.549973543 0.513839813
v 0.527044877 0.549973543 0.486160283
v 0.516625608 0.547670925 0.500000045
v 0.528890465 0.573353297 0.550680621
v 0.494643972 0.578842093 0.531686217
v 0.532111732 0.582365858 0.540072047
v 0.540247046 0.577834814 0.542638957
v 0.537535218 0.571793560 0.553445329
v 0.557814398 0.568010326 0.558568339
v 0.556129248 0.583985248 0.545537603
v 0.571223242 0.574677836 0.550427045
v 0.616564450 0.556654653 0.568874522
v 0.618146406 0.563464344 0.563130573
v 0.634776677 0.558387420 0.565492279
v 0.658374550 0.548218272 0.571991351
v 0.616564450 0.556654653 0.568874522
v 0.632533661 0.547693839 0.566545910
v 0.615195755 0.549272586 0.564430391
v 0.567239655 0.555518126 0.552181849
v 0.557814398 0.568010326 0.558568339
v 0.658374550 0.548218272 0.571991351
v 0.549530436 0.552246882 0.548444469
v 0.537281969 0.563573766 0.543945089
v 0.537535218 0.571793560 0.553445329
v 0.528890465 0.573353297 0.550680621
v 0.527931550 0.562260385 0.541913478
v 0.494643972 0.578842093 0.531686217
v 0.494643972 0.578842093 0.531686217
v 0.531155641 0.571565255 0.535684469
v 0.532111732 0.582365858 0.540072047
v 0.632533661 0.547693839 0.566545910
v 0.617747880 0.555490482 0.558372169
v 0.615195755 0.549272586 0.564430391
v 0.582193744 0.562285816 0.550479190
v 0.578030006 0.559130071 0.551607968
v 0.567239655 0.555518126 0.552181849
v 0.555461606 0.559157961 0.545969405
v 0.555461606 0.559157961 0.545969405
v 0.549530436 0.552246882 0.548444469
v 0.567239655 0.555518126 0.552181849
v 0.658374550 0.548218272 0.571991351
v 0.617747880 0.555490482 0.558372169
v 0.545956324 0.564273834 0.542666415
v 0.549530436 0.552246882 0.548444469
v 0.537281969 0.563573766 0.543945089
v 0.544327765 0.569055372 0.537993875
v 0.540079862 0.569825478 0.537090750
v 0.531155641 0.571565255 0.535684469
v 0.527931550 0.562260385 0.541913478
v 0.618146406 0.563464344 0.563130573
v 0.571223242 0.574677836 0.550427045
v 0.579556651 0.567316491 0.550812560
v 0.556129248 0.583985248 0.545537603
v 0.558569200 0.573967618 0.544606194
v 0.617747880 0.555490482 0.558372169
v 0.634776677 0.558387420 0.565492279
v 0.582193744 0.562285816 0.550479190
v 0.556129248 0.583985248 0.545537603
v 0.540247046 0.577834814 0.542638957
v 0.547918640 0.573618634 0.541809216
v 0.540079862 0.569825478 0.537090750
v 0.531155641 0.571565255 0.535684469
v 0.532111732 0.582365858 0.540072047
v 0.544327765 0.569055372 0.537993875
v 0.617747880 0.555490482 0.558372169
v 0.658374550 0.548218272 0.571991351
v 0.531155641 0.571565255 0.535684469
v 0.494643972 0.578842093 0.531686217
v 0.527931550 0.562260385 0.541913478
v 0.551230736 0.571732410 0.535582754
v 0.546512748 0.568261673 0.535125579
v 0.552458008 0.566781452 0.532529209
v 0.560584343 0.565184727 0.533159591
v 0.560072137 0.572216276 0.537707731
v 0.577603873 0.567222289 0.545754697
v 0.579185858 0.562517941 0.546771410
v 0.579185858 0.562517941 0.546771410
v 0.575811679 0.558404561 0.546556226
v 0.560584343 0.565184727 0.533159591
v 0.557274478 0.558984323 0.539002975
v 0.549418175 0.563125669 0.536398319
v 0.552458008 0.566781452 0.532529209
v 0.546512748 0.568261673 0.535125579
v 0.549418175 0.563125669 0.536398319
v 0.545956324 0.564273834 0.542666415
v 0.555461606 0.559157961 0.545969405
v 0.557274478 0.558984323 0.539002975
v 0.578030006 0.559130071 0.551607968
v 0.575811679 0.558404561 0.546556226
v 0.582193744 0.562285816 0.550479190
v 0.579185858 0.562517941 0.546771410
v 0.546512748 0.568261673 0.535125579
v 0.544327765 0.569055372 0.537993875
v 0.577603873 0.567222289 0.545754697
v 0.579556651 0.567316491 0.550812560
v 0.558569200 0.573967618 0.544606194
v 0.560072137 0.572216276 0.537707731
v 0.547918640 0.573618634 0.541809216
v 0.551230736 0.571732410 0.535582754
v 0.544327765 0.569055372 0.537993875
v 0.546512748 0.568261673 0.535125579
v 0.579185858 0.562517941 0.546771410
v 0.582193744 0.562285816 0.550479190
v 0.525986601 0.550666939 0.543504512
v 0.504336494 0.567319305 0.530856859
v 0.531336981 0.557712837 0.537179385
v 0.535683147 0.551867407 0.538178752
v 0.531510556 0.546683399 0.545163027
v 0.544506693 0.537480689 0.548022798
v 0.548461692 0.551100986 0.541187156
v 0.556267525 0.539615955 0.542977834
v 0.582361981 0.511307964 0.552563892
v 0.585607549 0.516492334 0.549794030
v 0.595812127 0.507897949 0.550431464
v 0.609298380 0.493141572 0.553149057
v 0.582361981 0.511307964 0.552563892
v 0.591190108 0.501018448 0.549372251
v 0.579497326 0.507371460 0.548315024
v 0.548018268 0.527302372 0.540981029
v 0.544506693 0.537480689 0.548022798
v 0.609298380 0.493141572 0.553149057
v 0.534796800 0.530703117 0.537879453
v 0.529542972 0.542701996 0.536692492
v 0.531510556 0.546683399 0.545163027
v 0.525986601 0.550666939 0.543504512
v 0.522680531 0.544791306 0.535084034
v 0.504336494 0.567319305 0.530856859
v 0.504336494 0.567319305 0.530856859
v 0.527882327 0.551304774 0.532053881
v 0.531336981 0.557712837 0.537179385
v 0.591190108 0.501018448 0.549372251
v 0.583354651 0.511928143 0.544880596
v 0.579497326 0.507371460 0.548315024
v 0.560557203 0.527992007 0.540701757
v 0.556676628 0.526817943 0.541042138
v 0.548018268 0.527302372 0.540981029
v 0.541044002 0.534178478 0.537174715
v 0.534796800 0.530703117 0.537879453
v 0.535932357 0.540936814 0.535750888
v 0.529542972 0.542701996 0.536692492
v 0.536363083 0.545461411 0.533148043
v 0.533625499 0.547345403 0.532671012
v 0.527882327 0.551304774 0.532053881
v 0.522680531 0.544791306 0.535084034
v 0.609298380 0.493141572 0.553149057
v 0.583354651 0.511928143 0.544880596
v 0.585607549 0.516492334 0.549794030
v 0.556267525 0.539615955 0.542977834
v 0.560079959 0.532136675 0.541863921
v 0.548461692 0.551100986 0.541187156
v 0.547440818 0.543689624 0.538712731
v 0.583354651 0.511928143 0.544880596
v 0.595812127 0.507897949 0.550431464
v 0.560557203 0.527992007 0.540701757
v 0.583354651 0.511928143 0.544880596
v 0.609298380 0.493141572 0.553149057
v 0.547440818 0.543689624 0.538712731
v 0.548461692 0.551100986 0.541187156
v 0.535683147 0.551867407 0.538178752
v 0.539969499 0.546937344 0.536723547
v 0.533625499 0.547345403 0.532671012
v 0.527882327 0.551304774 0.532053881
v 0.531336981 0.557712837 0.537179385
v 0.536363083 0.545461411 0.533148043
v 0.527882327 0.551304774 0.532053881
v 0.504336494 0.567319305 0.530856859
v 0.522680531 0.544791306 0.535084034
v 0.542112665 0.545744628 0.531737213
v 0.537836930 0.544776690 0.530855317
v 0.541760581 0.542509249 0.528593248
v 0.547021318 0.539003975 0.528671431
v 0.548379425 0.543214777 0.533276646
v 0.558942419 0.533471232 0.538127410
v 0.558694109 0.529624001 0.538036569
v 0.558694109 0.529624001 0.538036569
v 0.555175326 0.527793523 0.537203392
v 0.547021318 0.539003975 0.528671431
v 0.542645051 0.534709925 0.531960013
v 0.538389300 0.540215254 0.530860766
v 0.541760581 0.542509249 0.528593248
v 0.537836930 0.544776690 0.530855317
v 0.538389300 0.540215254 0.530860766
v 0.535932357 0.540936814 0.535750888
v 0.541044002 0.534178478 0.537174715
v 0.542645051 0.534709925 0.531960013
v 0.556676628 0.526817943 0.541042138
v 0.555175326 0.527793523 0.537203392
v 0.560557203 0.527992007 0.540701757
v 0.558694109 0.529624001 0.538036569
v 0.537836930 0.544776690 0.530855317
v 0.536363083 0.545461411 0.533148043
v 0.558942419 0.533471232 0.538127410
v 0.560079959 0.532136675 0.541863921
v 0.547440818 0.543689624 0.538712731
v 0.548379425 0.543214777 0.533276646
v 0.539969499 0.546937344 0.536723547
v 0.542112665 0.545744628 0.531737213
v 0.536363083 0.545461411 0.533148043
v 0.537836930 0.544776690 0.530855317
v 0.558694109 0.529624001 0.538036569
v 0.560557203 0.527992007 0.540701757
v 0.494643983 0.578842104 0.468313883
v 0.528890491 0.573353308 0.449319472
v 0.532111754 0.582365851 0.459928059
v 0.540247060 0.577834829 0.457361149
v 0.537535248 0.571793589 0.446554774
v 0.557814420 0.568010348 0.441431759
v 0.556129263 0.583985263 0.454462505
v 0.571223271 0.574677865 0.449573053
v 0.557814420 0.568010348 0.441431759
v 0.616564487 0.556654675 0.431125576
v 0.571223271 0.574677865 0.449573053
v 0.618146435 0.563464358 0.436869520
v 0.634776721 0.558387449 0.434507824
v 0.658374598 0.548218298 0.428008747
v 0.632533698 0.547693861 0.433454189
v 0.616564487 0.556654675 0.431125576
v 0.615195777 0.549272608 0.435569707
v 0.567239680 0.555518152 0.447818244
v 0.557814420 0.568010348 0.441431759
v 0.658374598 0.548218298 0.428008747
v 0.549530483 0.552246900 0.451555629
v 0.537281976 0.563573773 0.456054999
v 0.537535248 0.571793589 0.446554774
v 0.528890491 0.573353308 0.449319472
v 0.527931572 0.562260393 0.458086628
v 0.494643983 0.578842104 0.468313883
v 0.531155656 0.571565270 0.464315635
v 0.494643983 0.578842104 0.468313883
v 0.532111754 0.582365851 0.459928059
v 0.617747909 0.555490511 0.441627924
v 0.632533698 0.547693861 0.433454189
v 0.615195777 0.549272608 0.435569707
v 0.582193758 0.562285831 0.449520893
v 0.578030036 0.559130100 0.448392120
v 0.567239680 0.555518152 0.447818244
v 0.555461624 0.559157979 0.454030704
v 0.549530483 0.552246900 0.451555629
v 0.658374598 0.548218298 0.428008747
v 0.617747909 0.555490511 0.441627924
v 0.545956324 0.564273834 0.457333686
v 0.549530483 0.552246900 0.451555629
v 0.537281976 0.563573773 0.456054999
v 0.544327795 0.569055372 0.462006223
v 0.540079876 0.569825492 0.462909353
v 0.531155656 0.571565270 0.464315635
v 0.527931572 0.562260393 0.458086628
v 0.571223271 0.574677865 0.449573053
v 0.618146435 0.563464358 0.436869520
v 0.579556680 0.567316521 0.449187528
v 0.556129263 0.583985263 0.454462505
v 0.558569214 0.573967633 0.455393899
v 0.617747909 0.555490511 0.441627924
v 0.634776721 0.558387449 0.434507824
v 0.582193758 0.562285831 0.449520893
v 0.547918666 0.573618645 0.458190883
v 0.540247060 0.577834829 0.457361149
v 0.556129263 0.583985263 0.454462505
v 0.540079876 0.569825492 0.462909353
v 0.531155656 0.571565270 0.464315635
v 0.532111754 0.582365851 0.459928059
v 0.544327795 0.569055372 0.462006223
v 0.658374598 0.548218298 0.428008747
v 0.617747909 0.555490511 0.441627924
v 0.494643983 0.578842104 0.468313883
v 0.531155656 0.571565270 0.464315635
v 0.527931572 0.562260393 0.458086628
v 0.546512759 0.568261684 0.464874521
v 0.551230758 0.571732417 0.464417341
v 0.552458026 0.566781470 0.467470886
v 0.560584387 0.565184741 0.466840502
v 0.560072181 0.572216320 0.462292372
v 0.577603895 0.567222297 0.454245391
v 0.579185880 0.562517948 0.453228693
v 0.579185880 0.562517948 0.453228693
v 0.575811715 0.558404582 0.453443872
v 0.560584387 0.565184741 0.466840502
v 0.557274504 0.558984334 0.460997126
v 0.549418193 0.563125688 0.463601780
v 0.552458026 0.566781470 0.467470886
v 0.546512759 0.568261684 0.464874521
v 0.549418193 0.563125688 0.463601780
v 0.557274504 0.558984334 0.460997126
v 0.555461624 0.559157979 0.454030704
v 0.545956324 0.564273834 0.457333686
v 0.578030036 0.559130100 0.448392120
v 0.575811715 0.558404582 0.453443872
v 0.582193758 0.562285831 0.449520893
v 0.579185880 0.562517948 0.453228693
v 0.546512759 0.568261684 0.464874521
v 0.544327795 0.569055372 0.462006223
v 0.577603895 0.567222297 0.454245391
v 0.560072181 0.572216320 0.462292372
v 0.558569214 0.573967633 0.455393899
v 0.579556680 0.567316521 0.449187528
v 0.547918666 0.573618645 0.458190883
v 0.551230758 0.571732417 0.464417341
v 0.544327795 0.569055372 0.462006223
v 0.546512759 0.568261684 0.464874521
v 0.579185880 0.562517948 0.453228693
v 0.582193758 0.562285831 0.449520893
v 0.504336502 0.567319312 0.469143244
v 0.525986630 0.550666953 0.456495586
v 0.531336995 0.557712852 0.462820709
v 0.535683166 0.551867425 0.461821346
v 0.531510585 0.546683399 0.454837066
v 0.544506719 0.537480714 0.451977305
v 0.548461703 0.551100997 0.458812940
v 0.556267533 0.539615962 0.457022259
v 0.582362011 0.511307986 0.447436191
v 0.585607582 0.516492345 0.450206068
v 0.595812160 0.507897967 0.449568614
v 0.609298394 0.493141586 0.446851020
v 0.591190137 0.501018470 0.450627842
v 0.582362011 0.511307986 0.447436191
v 0.579497359 0.507371471 0.451685074
v 0.548018283 0.527302387 0.459019066
v 0.544506719 0.537480714 0.451977305
v 0.609298394 0.493141586 0.446851020
v 0.534796811 0.530703128 0.462120648
v 0.529542979 0.542702003 0.463307608
v 0.531510585 0.546683399 0.454837066
v 0.525986630 0.550666953 0.456495586
v 0.522680545 0.544791321 0.464916064
v 0.504336502 0.567319312 0.469143244
v 0.527882334 0.551304782 0.467946217
v 0.504336502 0.567319312 0.469143244
v 0.531336995 0.557712852 0.462820709
v 0.583354684 0.511928161 0.455119492
v 0.591190137 0.501018470 0.450627842
v 0.579497359 0.507371471 0.451685074
v 0.560557221 0.527992010 0.459298336
v 0.556676646 0.526817961 0.458957956
v 0.548018283 0.527302387 0.459019066
v 0.541044020 0.534178482 0.462825378
v 0.534796811 0.530703128 0.462120648
v 0.535932372 0.540936828 0.464249208
v 0.529542979 0.542702003 0.463307608
v 0.536363093 0.545461422 0.466852048
v 0.533625513 0.547345418 0.467329084
v 0.527882334 0.551304782 0.467946217
v 0.522680545 0.544791321 0.464916064
v 0.609298394 0.493141586 0.446851020
v 0.583354684 0.511928161 0.455119492
v 0.556267533 0.539615962 0.457022259
v 0.585607582 0.516492345 0.450206068
v 0.560079973 0.532136690 0.458136177
v 0.548461703 0.551100997 0.458812940
v 0.547440833 0.543689624 0.461287362
v 0.583354684 0.511928161 0.455119492
v 0.595812160 0.507897967 0.449568614
v 0.560557221 0.527992010 0.459298336
v 0.609298394 0.493141586 0.446851020
v 0.583354684 0.511928161 0.455119492
v 0.547440833 0.543689624 0.461287362
v 0.539969518 0.546937362 0.463276546
v 0.535683166 0.551867425 0.461821346
v 0.548461703 0.551100997 0.458812940
v 0.533625513 0.547345418 0.467329084
v 0.527882334 0.551304782 0.467946217
v 0.531336995 0.557712852 0.462820709
v 0.536363093 0.545461422 0.466852048
v 0.504336502 0.567319312 0.469143244
v 0.527882334 0.551304782 0.467946217
v 0.522680545 0.544791321 0.464916064
v 0.537836948 0.544776709 0.469144778
v 0.542112686 0.545744635 0.468262883
v 0.541760600 0.542509268 0.471406845
v 0.547021325 0.539003982 0.471328662
v 0.548379432 0.543214784 0.466723449
v 0.558942433 0.533471232 0.461872686
v 0.558694123 0.529624016 0.461963524
v 0.558694123 0.529624016 0.461963524
v 0.555175341 0.527793538 0.462796706
v 0.547021325 0.539003982 0.471328662
v 0.542645066 0.534709940 0.468040080
v 0.538389307 0.540215262 0.469139330
v 0.541760600 0.542509268 0.471406845
v 0.537836948 0.544776709 0.469144778
v 0.538389307 0.540215262 0.469139330
v 0.542645066 0.534709940 0.468040080
v 0.541044020 0.534178482 0.462825378
v 0.535932372 0.540936828 0.464249208
v 0.556676646 0.526817961 0.458957956
v 0.555175341 0.527793538 0.462796706
v 0.560557221 0.527992010 0.459298336
v 0.558694123 0.529624016 0.461963524
v 0.537836948 0.544776709 0.469144778
v 0.536363093 0.545461422 0.466852048
v 0.558942433 0.533471232 0.461872686
v 0.548379432 0.543214784 0.466723449
v 0.547440833 0.543689624 0.461287362
v 0.560079973 0.532136690 0.458136177
v 0.539969518 0.546937362 0.463276546
v 0.542112686 0.545744635 0.468262883
v 0.536363093 0.545461422 0.466852048
v 0.537836948 0.544776709 0.469144778
v 0.558694123 0.529624016 0.461963524
v 0.560557221 0.527992010 0.459298336
v 0.499905921 0.542453176 0.500000052
v 0.516151386 0.552999294 0.510817448
v 0.510320721 0.540228034 0.500000049
v 0.500220557 0.549886831 0.500000050
v 0.498516001 0.557782391 0.500000051
v 0.509544909 0.561407449 0.509862738
v 0.500573178 0.569397274 0.508547267
v 0.493605224 0.565928126 0.500000052
v 0.490014449 0.574761889 0.507403441
v 0.487127966 0.571883015 0.500000053
v 0.477294927 0.576949405 0.500000056
v 0.516151382 0.552999291 0.489182656
v 0.499905921 0.542453176 0.500000052
v 0.510320721 0.540228034 0.500000049
v 0.500220557 0.549886831 0.500000050
v 0.498516001 0.557782391 0.500000051
v 0.509544909 0.561407449 0.490137368
v 0.500573170 0.569397266 0.491452838
v 0.493605224 0.565928126 0.500000052
v 0.490014449 0.574761889 0.492596667
v 0.487127966 0.571883015 0.500000053
v 0.477294927 0.576949405 0.500000056
v 0.516151382 0.552999291 0.489182656
v 0.510320721 0.540228034 0.500000049
v 0.516151386 0.552999294 0.510817448
v 0.393362236 0.462063168 0.514329455
v 0.383860419 0.461667848 0.512967308
v 0.382314816 0.471042505 0.512967311
v 0.388856023 0.478881116 0.514376216
v 0.406408511 0.470120293 0.515158781
v 0.398723456 0.490486859 0.516209747
v 0.415500665 0.450622352 0.510948418
v 0.395778824 0.452837694 0.512967308
v 0.405503882 0.472565638 0.519977312
v 0.400295127 0.491260016 0.521367322
v 0.420355983 0.454943922 0.518576866
v 0.378861471 0.449588369 0.512967306
v 0.382004046 0.444435723 0.512967306
v 0.369204398 0.433932748 0.504687121
v 0.367743506 0.443627879 0.504687122
v 0.435080812 0.442535442 0.517757019
v 0.428433757 0.462911733 0.518576867
v 0.444028180 0.452870084 0.517757021
v 0.429258987 0.438463942 0.510948416
v 0.419704150 0.478864382 0.519315789
v 0.369382419 0.431952421 0.500000035
v 0.382571460 0.442831120 0.500000038
v 0.396346253 0.451233077 0.500000041
v 0.378861471 0.449588369 0.500000039
v 0.366781985 0.444589414 0.500000037
v 0.383860419 0.461667848 0.500000042
v 0.379235718 0.474121588 0.500000056
v 0.385381532 0.483197015 0.500000040
v 0.392694352 0.498008385 0.500000044
v 0.395488271 0.516759395 0.500000042
v 0.397614076 0.516308072 0.521753457
v 0.402473942 0.542350114 0.517936340
v 0.398719102 0.543254037 0.500000047
v 0.411930564 0.535744395 0.524685370
v 0.410327456 0.560249276 0.523795209
v 0.406977122 0.515487320 0.524211589
v 0.410331043 0.496842666 0.525742514
v 0.406043026 0.472439910 0.524648738
v 0.418800600 0.477752320 0.529215367
v 0.423199687 0.548777233 0.515904050
v 0.401578137 0.558012408 0.515458676
v 0.410327456 0.560249276 0.523795209
v 0.398914095 0.554877283 0.500000046
v 0.398719102 0.543254037 0.500000047
v 0.402473940 0.542350112 0.482063754
v 0.395488271 0.516759395 0.500000042
v 0.397614091 0.516308086 0.478246631
v 0.411930576 0.535744407 0.475314726
v 0.410327464 0.560249284 0.476204887
v 0.406977129 0.515487327 0.475788499
v 0.400295138 0.491260027 0.478632760
v 0.410331050 0.496842674 0.474257572
v 0.406043034 0.472439917 0.475351337
v 0.418800615 0.477752335 0.470784713
v 0.398723463 0.490486866 0.483790332
v 0.405503904 0.472565660 0.480022770
v 0.392694352 0.498008385 0.500000044
v 0.388856023 0.478881116 0.485623869
v 0.406408511 0.470120293 0.484841293
v 0.393362236 0.462063168 0.485670619
v 0.382314808 0.471042498 0.487032766
v 0.383860419 0.461667848 0.487032763
v 0.415500665 0.450622352 0.489051650
v 0.395778824 0.452837694 0.487032764
v 0.420355990 0.454943900 0.481423207
v 0.378861471 0.449588369 0.487032772
v 0.382004038 0.444435715 0.487032772
v 0.369204398 0.433932748 0.495312950
v 0.367743513 0.443627886 0.495312952
v 0.435080841 0.442535442 0.482243055
v 0.428433764 0.462911740 0.481423208
v 0.444028191 0.452870095 0.482243052
v 0.429258987 0.438463942 0.489051648
v 0.419704164 0.478864396 0.480684291
v 0.369382419 0.431952421 0.500000035
v 0.382571460 0.442831120 0.500000038
v 0.396346253 0.451233077 0.500000041
v 0.411426161 0.445442829 0.494986972
v 0.378861471 0.449588369 0.500000039
v 0.378861471 0.449588369 0.500000039
v 0.366781985 0.444589414 0.500000037
v 0.367743513 0.443627886 0.495312952
v 0.383860419 0.461667848 0.500000042
v 0.425201906 0.433780038 0.491764226
v 0.442955581 0.434113586 0.488043744
v 0.437142459 0.429833424 0.489051648
v 0.429010216 0.421651526 0.489796876
v 0.445483486 0.422028429 0.478750795
v 0.435116472 0.413014986 0.481190855
v 0.427276640 0.401841366 0.483800000
v 0.421044637 0.405671123 0.490945179
v 0.419538780 0.390671360 0.492794747
v 0.424514313 0.388806293 0.485659545
v 0.418935958 0.375586147 0.492644916
v 0.422655100 0.375685851 0.489295583
v 0.426735377 0.357536577 0.500000026
v 0.450269546 0.433735139 0.486804350
v 0.453026795 0.425485856 0.481527750
v 0.453026795 0.425485856 0.481527750
v 0.451981807 0.411895041 0.478750793
v 0.461674658 0.420176706 0.481527754
v 0.451981807 0.411895041 0.478750793
v 0.469876638 0.417374774 0.481527755
v 0.464777693 0.402247640 0.478750793
v 0.423193063 0.503779955 0.516355183
v 0.410331043 0.496842666 0.525742514
v 0.406977122 0.515487320 0.524211589
v 0.423174892 0.520520082 0.512946298
v 0.411930564 0.535744395 0.524685370
v 0.418345353 0.537223801 0.513171252
v 0.424559028 0.536177615 0.509163394
v 0.420469676 0.540060647 0.508609721
v 0.423199687 0.548777233 0.515904050
v 0.420469676 0.540060647 0.508609721
v 0.419704150 0.478864382 0.519315789
v 0.426226885 0.488946597 0.515172411
v 0.438548092 0.478895231 0.515172413
v 0.428433757 0.462911733 0.518576867
v 0.445259882 0.461762192 0.517757025
v 0.453036519 0.466812752 0.515147642
v 0.452332957 0.477599961 0.515172418
v 0.451387531 0.445492711 0.517757021
v 0.449402996 0.435848925 0.517757020
v 0.442955581 0.434113586 0.511956331
v 0.437142467 0.429833432 0.510948415
v 0.429010216 0.421651526 0.510203195
v 0.425201898 0.433780030 0.508235850
v 0.411426169 0.445442837 0.505013105
v 0.445483478 0.422028422 0.521249275
v 0.435116458 0.413014986 0.518809206
v 0.427276625 0.401841366 0.516200059
v 0.421044651 0.405671137 0.509054893
v 0.419538780 0.390671360 0.507205316
v 0.424514306 0.388806286 0.514340533
v 0.418935972 0.375586161 0.507355142
v 0.422655086 0.375685836 0.510704488
v 0.426735377 0.357536577 0.500000026
v 0.453026776 0.425485853 0.518472317
v 0.451981799 0.411895033 0.521249273
v 0.461674651 0.420176698 0.518472315
v 0.451981799 0.411895033 0.521249273
v 0.469876624 0.417374774 0.518472316
v 0.464777686 0.402247633 0.521249273
v 0.453026776 0.425485853 0.518472317
v 0.450269546 0.433735139 0.513195725
v 0.423189357 0.507198019 0.500000043
v 0.423193063 0.503779955 0.516355183
v 0.423174892 0.520520082 0.512946298
v 0.423563697 0.524918406 0.500000043
v 0.424559028 0.536177615 0.509163394
v 0.424559030 0.536177617 0.500000045
v 0.426226885 0.488946597 0.500000040
v 0.426226885 0.488946597 0.515172411
v 0.438548092 0.478895231 0.500000039
v 0.438548092 0.478895231 0.515172413
v 0.420469676 0.540060647 0.508609721
v 0.420469680 0.540060650 0.500000046
v 0.423199687 0.548777233 0.515904050
v 0.422080141 0.547657687 0.500000046
v 0.420469684 0.540060654 0.491390367
v 0.424559034 0.536177620 0.490836696
v 0.423563697 0.524918406 0.500000043
v 0.423174901 0.520520092 0.487053788
v 0.423189357 0.507198019 0.500000043
v 0.423193077 0.503779970 0.483644902
v 0.426226892 0.488946604 0.484827670
v 0.438548092 0.478895231 0.500000039
v 0.438548092 0.478895231 0.484827664
v 0.423199691 0.548777238 0.484096042
v 0.422080141 0.547657687 0.500000046
v 0.452332957 0.477599961 0.500000040
v 0.438548092 0.478895231 0.484827664
v 0.452332960 0.477599964 0.484827661
v 0.452332957 0.477599961 0.500000040
v 0.452332957 0.477599961 0.515172418
v 0.438548092 0.478895231 0.515172413
v 0.401578137 0.558012408 0.515458676
v 0.398914095 0.554877283 0.500000046
v 0.422080141 0.547657687 0.500000046
v 0.423199687 0.548777233 0.515904050
v 0.401578137 0.558012408 0.515458676
v 0.423199687 0.548777233 0.515904050
v 0.410327456 0.560249276 0.523795209
v 0.445483478 0.422028422 0.521249275
v 0.442620086 0.402363018 0.500000037
v 0.435116458 0.413014986 0.518809206
v 0.433800513 0.393160359 0.500000034
v 0.427276625 0.401841366 0.516200059
v 0.433800513 0.393160359 0.500000034
v 0.424514306 0.388806286 0.514340533
v 0.428224433 0.384695584 0.500000032
v 0.422655086 0.375685836 0.510704488
v 0.426866795 0.374914718 0.500000030
v 0.426735377 0.357536577 0.500000026
v 0.435116472 0.413014986 0.481190855
v 0.427276640 0.401841366 0.483800000
v 0.442620086 0.402363018 0.500000037
v 0.445483486 0.422028429 0.478750795
v 0.424514313 0.388806293 0.485659545
v 0.428224433 0.384695584 0.500000032
v 0.422655100 0.375685851 0.489295583
v 0.426866795 0.374914718 0.500000030
v 0.426735377 0.357536577 0.500000026
v 0.451981799 0.411895033 0.521249273
v 0.442620086 0.402363018 0.500000037
v 0.445483478 0.422028422 0.521249275
v 0.451981799 0.411895033 0.521249273
v 0.464777686 0.402247633 0.521249273
v 0.455565002 0.390624976 0.500000036
v 0.469185285 0.382544231 0.516978369
v 0.455565002 0.390624976 0.500000036
v 0.464777686 0.402247633 0.521249273
v 0.483000275 0.383246930 0.500000031
v 0.479803356 0.411105544 0.500000036
v 0.476949036 0.360754581 0.500000032
v 0.465758297 0.365276983 0.513314933
v 0.460279595 0.337463012 0.500000026
v 0.451882490 0.340128297 0.509108355
v 0.455141712 0.369317722 0.500000032
v 0.443553003 0.342772166 0.500000025
v 0.434586222 0.325453178 0.500000021
v 0.431305389 0.309277017 0.506415192
v 0.426545744 0.342658851 0.506698554
v 0.429886180 0.343482826 0.500000024
v 0.426735377 0.357536577 0.500000026
v 0.422166529 0.359330820 0.506698557
v 0.418935972 0.375586161 0.507355142
v 0.444359395 0.312280319 0.500000032
v 0.423172911 0.267930745 0.500000021
v 0.412554727 0.317139818 0.500000029
v 0.404817010 0.337298941 0.500000032
v 0.397027011 0.369203350 0.500000025
v 0.394629368 0.391924070 0.500000030
v 0.419538780 0.390671360 0.507205316
v 0.412225825 0.418164135 0.508235852
v 0.421044651 0.405671137 0.509054893
v 0.429010216 0.421651526 0.510203195
v 0.425201898 0.433780030 0.508235850
v 0.398792483 0.422672667 0.500000036
v 0.411426169 0.445442837 0.505013105
v 0.396346253 0.451233077 0.500000041
v 0.469876624 0.417374774 0.518472316
v 0.486882141 0.433712068 0.500000035
v 0.451930648 0.381964557 0.500000034
v 0.445259886 0.461762196 0.500000036
v 0.444028184 0.452870087 0.500000041
v 0.444028180 0.452870084 0.517757021
v 0.445259882 0.461762192 0.517757025
v 0.453036512 0.466812745 0.500000038
v 0.453036519 0.466812752 0.515147642
v 0.452332957 0.477599961 0.500000040
v 0.452332957 0.477599961 0.515172418
v 0.451387531 0.445492711 0.517757021
v 0.451387542 0.445492722 0.500000040
v 0.449402996 0.435848925 0.517757020
v 0.449403003 0.435848933 0.500000038
v 0.450269546 0.433735139 0.513195725
v 0.450269546 0.433735139 0.500000038
v 0.453026776 0.425485853 0.518472317
v 0.453026780 0.425485856 0.500000036
v 0.451387545 0.445492726 0.482243052
v 0.449403007 0.435848936 0.482243056
v 0.449403003 0.435848933 0.500000038
v 0.450269546 0.433735139 0.486804350
v 0.450269546 0.433735139 0.500000038
v 0.453026795 0.425485856 0.481527750
v 0.453026780 0.425485856 0.500000036
v 0.461674654 0.420176702 0.500000036
v 0.461674651 0.420176698 0.518472315
v 0.469876624 0.417374774 0.518472316
v 0.469876635 0.417374770 0.500000036
v 0.453026776 0.425485853 0.518472317
v 0.444028191 0.452870095 0.482243052
v 0.445259886 0.461762196 0.500000036
v 0.445259893 0.461762203 0.482243054
v 0.453036512 0.466812745 0.500000038
v 0.453036519 0.466812752 0.484852435
v 0.452332957 0.477599961 0.500000040
v 0.452332960 0.477599964 0.484827661
v 0.453026795 0.425485856 0.481527750
v 0.461674658 0.420176706 0.481527754
v 0.461674654 0.420176702 0.500000036
v 0.469876638 0.417374774 0.481527755
v 0.469876635 0.417374770 0.500000036
v 0.469876624 0.417374774 0.518472316
v 0.469876635 0.417374770 0.500000036
v 0.486882141 0.433712068 0.500000035
v 0.428304363 0.456465828 0.537556429
v 0.412626728 0.448852673 0.536096446
v 0.410274452 0.458496553 0.530085580
v 0.425193619 0.466974364 0.532246874
v 0.424213794 0.442510421 0.543291450
v 0.412627336 0.435474942 0.541786988
v 0.418997444 0.431489021 0.545053523
v 0.412436941 0.422618805 0.544193159
v 0.406043026 0.472439910 0.524648738
v 0.418800600 0.477752320 0.529215367
v 0.410274452 0.458496553 0.530085580
v 0.412626728 0.448852673 0.536096446
v 0.412246554 0.448399604 0.533303958
v 0.409909241 0.457982555 0.527313134
v 0.406043026 0.472439910 0.524648738
v 0.405503882 0.472565638 0.519977312
v 0.412246533 0.435076943 0.538303406
v 0.412627336 0.435474942 0.541786988
v 0.412436941 0.422618805 0.544193159
v 0.418997444 0.431489021 0.545053523
v 0.419496787 0.430865212 0.540510329
v 0.424751113 0.441971990 0.535846295
v 0.424213794 0.442510421 0.543291450
v 0.428886394 0.456088044 0.528845991
v 0.428304363 0.456465828 0.537556429
v 0.426389305 0.467435518 0.523331530
v 0.425193619 0.466974364 0.532246874
v 0.419704150 0.478864382 0.519315789
v 0.418800600 0.477752320 0.529215367
v 0.400295127 0.491260016 0.521367322
v 0.406043026 0.472439910 0.524648738
v 0.405503882 0.472565638 0.519977312
v 0.418800600 0.477752320 0.529215367
v 0.428886394 0.456088044 0.528845991
v 0.426389305 0.467435518 0.523331530
v 0.409909241 0.457982555 0.527313134
v 0.412246554 0.448399604 0.533303958
v 0.424751113 0.441971990 0.535846295
v 0.412246533 0.435076943 0.538303406
v 0.419496787 0.430865212 0.540510329
v 0.405503882 0.472565638 0.519977312
v 0.419704150 0.478864382 0.519315789
v 0.412436941 0.422618805 0.544193159
v 0.743466929 0.607679123 0.595368033
v 0.747577711 0.589235821 0.598012837
v 0.702926255 0.584088092 0.585855095
v 0.707489052 0.610449631 0.583891270
v 0.783259855 0.606003602 0.607988325
v 0.665998864 0.612706769 0.572257877
v 0.663595890 0.588987383 0.573341223
v 0.639081392 0.598270220 0.564734310
v 0.640093219 0.589586294 0.566698358
v 0.617726514 0.582235245 0.559201370
v 0.618250113 0.597908581 0.558238761
v 0.592179822 0.576565000 0.551542997
v 0.590239073 0.607535756 0.548721804
v 0.565288362 0.605458981 0.541002271
v 0.572503530 0.579986624 0.544591728
v 0.552128824 0.603707807 0.536964524
v 0.561548161 0.575976476 0.541886068
v 0.542305876 0.597921876 0.534274754
v 0.543773163 0.583282948 0.535774503
v 0.423193077 0.503779970 0.483644902
v 0.423174901 0.520520092 0.487053788
v 0.406977129 0.515487327 0.475788499
v 0.410331050 0.496842674 0.474257572
v 0.411930576 0.535744407 0.475314726
v 0.418345362 0.537223810 0.486828838
v 0.424559034 0.536177620 0.490836696
v 0.420469684 0.540060654 0.491390367
v 0.423199691 0.548777238 0.484096042
v 0.420469684 0.540060654 0.491390367
v 0.419704164 0.478864396 0.480684291
v 0.426226892 0.488946604 0.484827670
v 0.438548092 0.478895231 0.484827664
v 0.428433764 0.462911740 0.481423208
v 0.445259893 0.461762203 0.482243054
v 0.453036519 0.466812752 0.484852435
v 0.452332960 0.477599964 0.484827661
v 0.418800615 0.477752335 0.470784713
v 0.451387545 0.445492726 0.482243052
v 0.449403007 0.435848936 0.482243056
v 0.401578145 0.558012416 0.484541419
v 0.410327464 0.560249284 0.476204887
v 0.398914095 0.554877283 0.500000046
v 0.385381532 0.483197015 0.500000040
v 0.379235718 0.474121588 0.500000056
v 0.423199691 0.548777238 0.484096042
v 0.401578145 0.558012416 0.484541419
v 0.423199691 0.548777238 0.484096042
v 0.422080141 0.547657687 0.500000046
v 0.398914095 0.554877283 0.500000046
v 0.423199691 0.548777238 0.484096042
v 0.401578145 0.558012416 0.484541419
v 0.410327464 0.560249284 0.476204887
v 0.442620086 0.402363018 0.500000037
v 0.451981807 0.411895041 0.478750793
v 0.445483486 0.422028429 0.478750795
v 0.455565002 0.390624976 0.500000036
v 0.464777693 0.402247640 0.478750793
v 0.451981807 0.411895041 0.478750793
v 0.455565002 0.390624976 0.500000036
v 0.469185292 0.382544238 0.483021701
v 0.464777693 0.402247640 0.478750793
v 0.483000275 0.383246930 0.500000031
v 0.479803356 0.411105544 0.500000036
v 0.476949036 0.360754581 0.500000032
v 0.465758297 0.365276983 0.486685129
v 0.460279595 0.337463012 0.500000026
v 0.451882490 0.340128297 0.490891710
v 0.455141712 0.369317722 0.500000032
v 0.443553003 0.342772166 0.500000025
v 0.434586222 0.325453178 0.500000021
v 0.431305389 0.309277017 0.493584867
v 0.426545744 0.342658851 0.493301505
v 0.429886180 0.343482826 0.500000024
v 0.426735377 0.357536577 0.500000026
v 0.422166529 0.359330820 0.493301496
v 0.418935958 0.375586147 0.492644916
v 0.444359395 0.312280319 0.500000032
v 0.423172911 0.267930745 0.500000021
v 0.412554727 0.317139818 0.500000029
v 0.404817010 0.337298941 0.500000032
v 0.397027011 0.369203350 0.500000025
v 0.394629368 0.391924070 0.500000030
v 0.419538780 0.390671360 0.492794747
v 0.412225825 0.418164135 0.491764221
v 0.421044637 0.405671123 0.490945179
v 0.429010216 0.421651526 0.489796876
v 0.425201906 0.433780038 0.491764226
v 0.398792483 0.422672667 0.500000036
v 0.411426161 0.445442829 0.494986972
v 0.396346253 0.451233077 0.500000041
v 0.486882141 0.433712068 0.500000035
v 0.469876638 0.417374774 0.481527755
v 0.451930648 0.381964557 0.500000034
v 0.469876635 0.417374770 0.500000036
v 0.469876638 0.417374774 0.481527755
v 0.486882141 0.433712068 0.500000035
v 0.428304378 0.456465843 0.462443646
v 0.425193630 0.466974375 0.467753207
v 0.410274459 0.458496561 0.469914503
v 0.412626750 0.448852695 0.463903627
v 0.424213809 0.442510435 0.456708628
v 0.412627365 0.435474971 0.458213098
v 0.418997474 0.431489050 0.454946565
v 0.412436971 0.422618834 0.455806918
v 0.406043034 0.472439917 0.475351337
v 0.418800615 0.477752335 0.470784713
v 0.410274459 0.458496561 0.469914503
v 0.409909241 0.457982555 0.472686941
v 0.412246569 0.448399619 0.466696125
v 0.412626750 0.448852695 0.463903627
v 0.406043034 0.472439917 0.475351337
v 0.405503904 0.472565660 0.480022770
v 0.412246554 0.435076965 0.461696675
v 0.412627365 0.435474971 0.458213098
v 0.412436971 0.422618834 0.455806918
v 0.418997474 0.431489050 0.454946565
v 0.419496831 0.430865227 0.459489748
v 0.424751128 0.441972004 0.464153780
v 0.424213809 0.442510435 0.456708628
v 0.428886401 0.456088051 0.471154089
v 0.428304378 0.456465843 0.462443646
v 0.426389316 0.467435529 0.476668548
v 0.425193630 0.466974375 0.467753207
v 0.419704164 0.478864396 0.480684291
v 0.418800615 0.477752335 0.470784713
v 0.406043034 0.472439917 0.475351337
v 0.400295138 0.491260027 0.478632760
v 0.405503904 0.472565660 0.480022770
v 0.428886401 0.456088051 0.471154089
v 0.412246569 0.448399619 0.466696125
v 0.409909241 0.457982555 0.472686941
v 0.426389316 0.467435529 0.476668548
v 0.424751128 0.441972004 0.464153780
v 0.412246554 0.435076965 0.461696675
v 0.419496831 0.430865227 0.459489748
v 0.405503904 0.472565660 0.480022770
v 0.419704164 0.478864396 0.480684291
v 0.412436971 0.422618834 0.455806918
v 0.743466965 0.607679145 0.404632081
v 0.707489088 0.610449653 0.416108844
v 0.702926295 0.584088110 0.414144993
v 0.747577755 0.589235836 0.401987287
v 0.783259921 0.606003653 0.392011768
v 0.665998930 0.612706820 0.427742216
v 0.663595960 0.588987430 0.426658881
v 0.639081429 0.598270257 0.435265793
v 0.640093277 0.589586324 0.433301745
v 0.617726558 0.582235275 0.440798739
v 0.618250157 0.597908610 0.441761352
v 0.592179851 0.576565030 0.448457096
v 0.590239110 0.607535793 0.451278310
v 0.565288384 0.605459002 0.458997835
v 0.572503567 0.579986632 0.455408386
v 0.552128853 0.603707836 0.463035582
v 0.561548190 0.575976476 0.458114035
v 0.542305905 0.597921906 0.465725347
v 0.543773200 0.583282955 0.464225596
v 0.593049796 0.539639366 0.505745760
v 0.617215065 0.534492936 0.499648003
v 0.591634842 0.532709563 0.500000047
v 0.532773250 0.538440442 0.500000045
v 0.593049796 0.539639366 0.505745760
v 0.527044892 0.549973558 0.511147069
v 0.537380708 0.569796293 0.500000049
v 0.595289300 0.546348219 0.500000044
v 0.593049796 0.539639366 0.505745760
v 0.527044892 0.549973558 0.511147069
v 0.516625608 0.547670925 0.500000045
v 0.593049796 0.539639366 0.505745760
v 0.617215065 0.534492936 0.499648003
v 0.617215065 0.534492936 0.499648003
v 0.593049804 0.539639374 0.494254331
v 0.591634842 0.532709563 0.500000047
v 0.532773250 0.538440442 0.500000045
v 0.593049804 0.539639374 0.494254331
v 0.527044899 0.549973565 0.488853025
v 0.537380708 0.569796293 0.500000049
v 0.527044899 0.549973565 0.488853025
v 0.593049804 0.539639374 0.494254331
v 0.595289300 0.546348219 0.500000044
v 0.516625608 0.547670925 0.500000045
v 0.593049804 0.539639374 0.494254331
v 0.617215065 0.534492936 0.499648003
v 0.992112194 0.793849728 0.500000061
v 1.041872181 0.793024264 0.500000066
v 1.035855129 0.757575108 0.529947764
v 0.990496667 0.760586601 0.534586067
v 1.081558144 0.768647524 0.524652083
v 1.082695578 0.797584134 0.500000071
v 1.131612130 0.781327418 0.519797148
v 1.079929607 0.758942551 0.524542072
v 1.128885877 0.764971158 0.500000070
v 1.074187134 0.741741766 0.500000059
v 1.181414433 0.796385089 0.500000081
v 1.182777589 0.804563248 0.513501494
v 1.181418663 0.817488196 0.500000085
v 1.127870100 0.803751621 0.500000077
v 1.206731679 0.826814121 0.500000090
v 1.211978834 0.824082336 0.507658876
v 1.209557315 0.816042326 0.500000088
v 1.227233061 0.833426994 0.500000093
v 1.206731679 0.826814121 0.500000090
v 1.036153906 0.743807595 0.528001770
v 1.033507776 0.729177748 0.500000053
v 1.003705596 0.739518733 0.532401226
v 1.003138438 0.722647004 0.500000048
v 0.995021187 0.730055127 0.519665624
v 0.986820301 0.721888720 0.500000046
v 1.004629265 0.750882214 0.534709298
v 1.081558144 0.768647524 0.524652083
v 0.953726648 0.767566952 0.532718849
v 0.945617044 0.797614954 0.500000056
v 0.893298906 0.774663101 0.529628855
v 0.880127184 0.797235998 0.500000049
v 0.880127184 0.797235998 0.500000049
v 0.820702415 0.763368209 0.529628894
v 0.805630343 0.788565101 0.500000089
v 0.765290937 0.744289947 0.529628886
v 0.740168893 0.770135226 0.500000054
v 0.726254692 0.726916563 0.529628878
v 0.684383746 0.750707544 0.500000069
v 0.691879427 0.705067735 0.529628871
v 0.609983583 0.713619073 0.500000054
v 0.653546383 0.690874872 0.524551170
v 0.639437214 0.678898032 0.522019564
v 0.604066521 0.665614072 0.518487452
v 0.574357445 0.691304555 0.500000058
v 0.587233382 0.660459874 0.515271949
v 0.561162579 0.676947918 0.500000054
v 0.574287851 0.647847687 0.508873869
v 0.557309429 0.651698108 0.500000060
v 0.570591348 0.628015319 0.500000057
v 0.632551607 0.665221612 0.521398609
v 0.604066521 0.665614072 0.518487452
v 0.921742785 0.747645614 0.510496551
v 0.880003476 0.747648094 0.500000040
v 0.893298906 0.774663101 0.529628855
v 0.961412980 0.753656819 0.520993113
v 0.931028670 0.730384417 0.507053587
v 0.967778925 0.735649573 0.514107188
v 0.953726648 0.767566952 0.532718849
v 0.990531109 0.747433480 0.527291126
v 0.929683888 0.719253734 0.507806329
v 0.964932377 0.724533327 0.507285444
v 0.986820301 0.721888720 0.500000046
v 0.995021187 0.730055127 0.519665624
v 1.003705596 0.739518733 0.532401226
v 1.004629265 0.750882214 0.534709298
v 0.990496667 0.760586601 0.534586067
v 0.907951148 0.724497304 0.500000038
v 0.904612172 0.704558185 0.500000083
v 0.902996309 0.734868591 0.500000040
v 0.929683888 0.719253734 0.507806329
v 0.845690784 0.754444611 0.500000086
v 0.893298906 0.774663101 0.529628855
v 0.820702415 0.763368209 0.529628894
v 0.845690784 0.754444611 0.500000086
v 0.814291505 0.746414387 0.500000057
v 0.765290937 0.744289947 0.529628886
v 0.765815033 0.740612593 0.500000051
v 0.726254692 0.726916563 0.529628878
v 0.732600083 0.724559647 0.500000069
v 0.701490644 0.701850225 0.500000061
v 0.691879427 0.705067735 0.529628871
v 0.660168614 0.685505907 0.512499145
v 0.653546383 0.690874872 0.524551170
v 0.639437214 0.678898032 0.522019564
v 0.645826677 0.673138290 0.509662056
v 0.632551607 0.665221612 0.521398609
v 0.640670343 0.655329824 0.500000046
v 0.604066521 0.665614072 0.518487452
v 0.606347645 0.659392005 0.500000055
v 0.587233382 0.660459874 0.515271949
v 0.591065225 0.656251341 0.500000053
v 0.574287851 0.647847687 0.508873869
v 0.578391770 0.644591293 0.500000049
v 0.570591348 0.628015319 0.500000057
v 0.937738167 0.712381393 0.513695118
v 0.929683888 0.719253734 0.507806329
v 0.964932377 0.724533327 0.507285444
v 0.945985013 0.705701663 0.500000039
v 0.937738167 0.712381393 0.513695118
v 0.925975685 0.683053947 0.500000081
v 0.915293943 0.693806110 0.513695162
v 0.888024037 0.668642922 0.513695130
v 0.899490500 0.651240839 0.500000048
v 0.856200699 0.635328464 0.500000065
v 0.852222724 0.655902265 0.513695124
v 0.812877802 0.636222703 0.500000060
v 0.812021489 0.655954393 0.513695143
v 0.986820301 0.721888720 0.500000046
v 0.904612172 0.704558185 0.500000083
v 0.876557522 0.686044996 0.500000052
v 0.848244779 0.676476095 0.500000047
v 0.810911999 0.674482868 0.500000067
v 0.765695396 0.672134703 0.513695141
v 0.770461108 0.685005913 0.500000065
v 0.731953167 0.682586720 0.513695140
v 0.734005876 0.699434471 0.500000064
v 0.703635067 0.685253455 0.513695137
v 0.701490644 0.701850225 0.500000061
v 0.762237025 0.655834069 0.500000059
v 0.705779542 0.668656693 0.500000055
v 0.729900487 0.665738970 0.500000057
v 0.677450598 0.663530476 0.500000051
v 0.677450598 0.663530476 0.500000051
v 0.668809588 0.674518181 0.513695132
v 0.703635067 0.685253455 0.513695137
v 0.660168614 0.685505907 0.512499145
v 0.701490644 0.701850225 0.500000061
v 0.645826677 0.673138290 0.509662056
v 0.654354029 0.661589391 0.510858043
v 0.662881403 0.650040499 0.500000047
v 0.651775877 0.652685172 0.508945241
v 0.652489124 0.644776778 0.505899801
v 0.660723018 0.632233738 0.500000043
v 0.640670343 0.655329824 0.500000046
v 0.647975981 0.641642538 0.500000056
v 0.992112194 0.793849728 0.500000061
v 0.990496696 0.760586630 0.465414031
v 1.035855129 0.757575108 0.470052353
v 1.041872181 0.793024264 0.500000066
v 1.081558086 0.768647465 0.475348052
v 1.082695578 0.797584134 0.500000071
v 1.131612218 0.781327505 0.480203001
v 1.079929607 0.758942551 0.475458052
v 1.128885877 0.764971158 0.500000070
v 1.074187134 0.741741766 0.500000059
v 1.181414433 0.796385089 0.500000081
v 1.182777589 0.804563248 0.486498623
v 1.181418663 0.817488196 0.500000085
v 1.127870100 0.803751621 0.500000077
v 1.206731679 0.826814121 0.500000090
v 1.211978893 0.824082395 0.492341255
v 1.209557315 0.816042326 0.500000088
v 1.227233061 0.833426994 0.500000093
v 1.206731679 0.826814121 0.500000090
v 1.036153906 0.743807595 0.471998341
v 1.033507776 0.729177748 0.500000053
v 1.003705625 0.739518763 0.467598929
v 1.003138438 0.722647004 0.500000048
v 0.995021158 0.730055098 0.480334470
v 0.986820301 0.721888720 0.500000046
v 1.004629294 0.750882243 0.465290811
v 1.081558086 0.768647465 0.475348052
v 0.953726648 0.767566952 0.467281301
v 0.945617044 0.797614954 0.500000056
v 0.893298906 0.774663101 0.470371241
v 0.880127184 0.797235998 0.500000049
v 0.880127184 0.797235998 0.500000049
v 0.820702415 0.763368209 0.470371254
v 0.805630343 0.788565101 0.500000089
v 0.765290944 0.744289940 0.470371269
v 0.740168893 0.770135226 0.500000054
v 0.726254714 0.726916570 0.470371259
v 0.684383746 0.750707544 0.500000069
v 0.691879427 0.705067735 0.470371254
v 0.609983583 0.713619073 0.500000054
v 0.653546368 0.690874858 0.475448936
v 0.639437214 0.678898032 0.477980545
v 0.604066521 0.665614072 0.481512673
v 0.574357445 0.691304555 0.500000058
v 0.587233382 0.660459874 0.484728170
v 0.561162579 0.676947918 0.500000054
v 0.574287866 0.647847701 0.491126244
v 0.557309429 0.651698108 0.500000060
v 0.570591348 0.628015319 0.500000057
v 0.604066521 0.665614072 0.481512673
v 0.632551607 0.665221612 0.478601497
v 0.880003476 0.747648094 0.500000040
v 0.921742814 0.747645643 0.489503538
v 0.893298906 0.774663101 0.470371241
v 0.961412921 0.753656761 0.479007037
v 0.931028670 0.730384417 0.492946496
v 0.967778925 0.735649573 0.485892956
v 0.953726648 0.767566952 0.467281301
v 0.990531138 0.747433509 0.472708980
v 0.929683888 0.719253734 0.492193751
v 0.964932377 0.724533327 0.492714644
v 0.986820301 0.721888720 0.500000046
v 0.995021158 0.730055098 0.480334470
v 1.003705625 0.739518763 0.467598929
v 1.004629294 0.750882243 0.465290811
v 0.990496696 0.760586630 0.465414031
v 0.907951148 0.724497304 0.500000038
v 0.904612172 0.704558185 0.500000083
v 0.902996309 0.734868591 0.500000040
v 0.929683888 0.719253734 0.492193751
v 0.845690784 0.754444611 0.500000086
v 0.893298906 0.774663101 0.470371241
v 0.820702415 0.763368209 0.470371254
v 0.814291505 0.746414387 0.500000057
v 0.845690784 0.754444611 0.500000086
v 0.765290944 0.744289940 0.470371269
v 0.765815033 0.740612593 0.500000051
v 0.726254714 0.726916570 0.470371259
v 0.732600083 0.724559647 0.500000069
v 0.701490644 0.701850225 0.500000061
v 0.691879427 0.705067735 0.470371254
v 0.660168614 0.685505907 0.487500964
v 0.653546368 0.690874858 0.475448936
v 0.639437214 0.678898032 0.477980545
v 0.645826677 0.673138290 0.490338068
v 0.632551607 0.665221612 0.478601497
v 0.640670343 0.655329824 0.500000046
v 0.604066521 0.665614072 0.481512673
v 0.606347645 0.659392005 0.500000055
v 0.587233382 0.660459874 0.484728170
v 0.591065225 0.656251341 0.500000053
v 0.574287866 0.647847701 0.491126244
v 0.578391770 0.644591293 0.500000049
v 0.570591348 0.628015319 0.500000057
v 0.929683888 0.719253734 0.492193751
v 0.937738167 0.712381393 0.486304959
v 0.964932377 0.724533327 0.492714644
v 0.945985013 0.705701663 0.500000039
v 0.986820301 0.721888720 0.500000046
v 0.937738167 0.712381393 0.486304959
v 0.925975685 0.683053947 0.500000081
v 0.915293943 0.693806110 0.486305003
v 0.888024037 0.668642922 0.486304970
v 0.899490500 0.651240839 0.500000048
v 0.856200699 0.635328464 0.500000065
v 0.852222724 0.655902265 0.486304963
v 0.812877802 0.636222703 0.500000060
v 0.812021489 0.655954393 0.486304985
v 0.904612172 0.704558185 0.500000083
v 0.876557522 0.686044996 0.500000052
v 0.848244779 0.676476095 0.500000047
v 0.810911999 0.674482868 0.500000067
v 0.765695396 0.672134703 0.486304983
v 0.770461108 0.685005913 0.500000065
v 0.731953196 0.682586750 0.486304982
v 0.734005876 0.699434471 0.500000064
v 0.703635104 0.685253477 0.486304979
v 0.701490644 0.701850225 0.500000061
v 0.762237025 0.655834069 0.500000059
v 0.705779542 0.668656693 0.500000055
v 0.729900487 0.665738970 0.500000057
v 0.677450598 0.663530476 0.500000051
v 0.668809595 0.674518173 0.486304974
v 0.660168614 0.685505907 0.487500964
v 0.645826677 0.673138290 0.490338068
v 0.654354029 0.661589391 0.489142052
v 0.662881403 0.650040499 0.500000047
v 0.651775877 0.652685172 0.491054850
v 0.652489146 0.644776785 0.494100300
v 0.660723018 0.632233738 0.500000043
v 0.640670343 0.655329824 0.500000046
v 0.647975981 0.641642538 0.500000056
v 0.206150419 0.007887484 0.500000021
v 0.239413480 0.009502960 0.534586002
v 0.242425024 -0.035855436 0.529947722
v 0.206975956 -0.041872459 0.500000011
v 0.231352637 -0.081558481 0.524652021
v 0.202415983 -0.082695988 0.500000003
v 0.218672670 -0.131612569 0.519797067
v 0.241057639 -0.079929914 0.524542020
v 0.235028974 -0.128886302 0.499999997
v 0.258258380 -0.074187456 0.500000011
v 0.203615057 -0.181414872 0.499999984
v 0.195436986 -0.182777940 0.513501393
v 0.182511921 -0.181419131 0.499999982
v 0.196248540 -0.127870495 0.499999994
v 0.173185996 -0.206732147 0.499999976
v 0.175917839 -0.211979244 0.507658810
v 0.183957864 -0.209557739 0.499999976
v 0.166573211 -0.227233500 0.499999971
v 0.173185996 -0.206732147 0.499999976
v 0.256192566 -0.036154184 0.528001682
v 0.270822355 -0.033508113 0.500000020
v 0.260481471 -0.003705860 0.532401149
v 0.277353025 -0.003138818 0.499999977
v 0.269945019 0.004978549 0.519665605
v 0.278111339 0.013179348 0.499999981
v 0.249117866 -0.004629638 0.534709267
v 0.231352637 -0.081558481 0.524652021
v 0.232433238 0.046273103 0.532718782
v 0.202385200 0.054382685 0.499999981
v 0.225336975 0.106700783 0.529628803
v 0.202764115 0.119872527 0.499999993
v 0.202764115 0.119872527 0.499999993
v 0.236631930 0.179297388 0.529628816
v 0.211435075 0.194369481 0.500000009
v 0.255710148 0.234708851 0.529628829
v 0.229864899 0.259830924 0.500000023
v 0.273083496 0.273745103 0.529628840
v 0.249292543 0.315616108 0.500000036
v 0.294932345 0.308120434 0.529628821
v 0.286381015 0.390016329 0.500000030
v 0.309125259 0.346453544 0.524551142
v 0.321102041 0.360562683 0.522019548
v 0.334385987 0.395933391 0.518487420
v 0.308695504 0.425642438 0.500000039
v 0.339540184 0.412766530 0.515271922
v 0.323052134 0.438837355 0.500000031
v 0.352152372 0.425712061 0.508873850
v 0.348301966 0.442690498 0.500000035
v 0.371984740 0.429408593 0.500000034
v 0.334385987 0.395933391 0.518487420
v 0.334778498 0.367448342 0.521398592
v 0.265131504 0.097003421 0.499999995
v 0.252354496 0.078256929 0.510496497
v 0.225336975 0.106700783 0.529628803
v 0.252351913 0.119996166 0.499999999
v 0.275502762 0.092048552 0.499999996
v 0.269615627 0.068970993 0.507053536
v 0.246343327 0.038586757 0.520993043
v 0.264350632 0.032220870 0.514107122
v 0.232433238 0.046273103 0.532718782
v 0.252566659 0.009468577 0.527291097
v 0.280746361 0.070315841 0.507806281
v 0.275466790 0.035067331 0.507285385
v 0.278111339 0.013179348 0.499999981
v 0.269945019 0.004978549 0.519665605
v 0.260481471 -0.003705860 0.532401149
v 0.249117866 -0.004629638 0.534709267
v 0.239413480 0.009502960 0.534586002
v 0.295441939 0.095387586 0.499999998
v 0.280746361 0.070315841 0.507806281
v 0.245555565 0.154309040 0.500000004
v 0.225336975 0.106700783 0.529628803
v 0.236631930 0.179297388 0.529628816
v 0.253585711 0.185708279 0.500000011
v 0.245555565 0.154309040 0.500000004
v 0.255710148 0.234708851 0.529628829
v 0.259387524 0.234184791 0.500000021
v 0.273083496 0.273745103 0.529628840
v 0.275440441 0.267399741 0.500000030
v 0.298149863 0.298509210 0.500000014
v 0.294932345 0.308120434 0.529628821
v 0.314494210 0.339831298 0.512499114
v 0.309125259 0.346453544 0.524551142
v 0.321102041 0.360562683 0.522019548
v 0.326861812 0.354173250 0.509662034
v 0.334778498 0.367448342 0.521398592
v 0.344670279 0.359329584 0.500000030
v 0.334385987 0.395933391 0.518487420
v 0.340608075 0.393652275 0.500000036
v 0.339540184 0.412766530 0.515271922
v 0.343748732 0.408934702 0.500000040
v 0.352152372 0.425712061 0.508873850
v 0.355408780 0.421608186 0.500000031
v 0.371984740 0.429408593 0.500000034
v 0.312933445 0.277252953 0.540238582
v 0.307790129 0.249778757 0.540347628
v 0.292091783 0.241909304 0.535005422
v 0.292698981 0.270508181 0.535991891
v 0.286088670 0.301400189 0.533322194
v 0.305648881 0.306661101 0.539864741
v 0.294249985 0.330201240 0.538343587
v 0.296808366 0.231324186 0.537867499
v 0.286836585 0.220938353 0.531789223
v 0.281296053 0.329253374 0.526717501
v 0.287255233 0.358334119 0.530777919
v 0.282311319 0.361295650 0.517445212
v 0.291339154 0.389547602 0.525577704
v 0.288950445 0.390785575 0.512005353
v 0.301310064 0.418736803 0.513595478
v 0.304082430 0.414124154 0.524636656
v 0.316738997 0.435302980 0.516176739
v 0.321116324 0.430275619 0.524551649
v 0.333478687 0.446626311 0.517838911
v 0.335550582 0.441067566 0.526315194
v 0.346540906 0.451504356 0.519667107
v 0.349989128 0.442111076 0.527899259
v 0.361552925 0.448487865 0.521154483
v 0.360212065 0.439786721 0.529391813
v 0.370690878 0.440535610 0.525112701
v 0.367159064 0.436634042 0.527744914
v 0.372885037 0.430423186 0.525859693
v 0.294249985 0.330201240 0.538343587
v 0.287255233 0.358334119 0.530777919
v 0.301871764 0.353336525 0.532558127
v 0.306997900 0.330943134 0.537739798
v 0.309021486 0.384228606 0.528548568
v 0.291339154 0.389547602 0.525577704
v 0.317655055 0.403654180 0.525783712
v 0.304082430 0.414124154 0.524636656
v 0.321116324 0.430275619 0.524551649
v 0.331819513 0.420246816 0.525468454
v 0.335550582 0.441067566 0.526315194
v 0.345309468 0.430768991 0.527616647
v 0.349989128 0.442111076 0.527899259
v 0.354150012 0.432429548 0.529668126
v 0.360212065 0.439786721 0.529391813
v 0.363627272 0.432732496 0.529260281
v 0.367159064 0.436634042 0.527744914
v 0.372885037 0.430423186 0.525859693
v 0.305648881 0.306661101 0.539864741
v 0.317360054 0.321916637 0.534160490
v 0.314693349 0.295095525 0.536978455
v 0.311989193 0.326356512 0.538346433
v 0.355779983 0.462042095 0.520045953
v 0.350077835 0.462042117 0.514374723
v 0.355076805 0.474121588 0.514374725
v 0.359109900 0.470088492 0.520045954
v 0.359109900 0.453995741 0.520045951
v 0.355076819 0.449962660 0.514374722
v 0.367156247 0.450665816 0.520045953
v 0.366781978 0.444589406 0.514374722
v 0.375202652 0.453995741 0.520045954
v 0.378861471 0.449588369 0.514374724
v 0.378532569 0.462042138 0.520045955
v 0.383860412 0.461667840 0.514374720
v 0.375202630 0.470088500 0.520045950
v 0.379235718 0.474121588 0.514374722
v 0.367156298 0.473418410 0.520045955
v 0.367156262 0.479120543 0.514374720
v 0.367156298 0.473418410 0.520045955
v 0.375202630 0.470088500 0.520045950
v 0.378532569 0.462042138 0.520045955
v 0.375202652 0.453995741 0.520045954
v 0.359109900 0.470088492 0.520045954
v 0.367156247 0.450665816 0.520045953
v 0.355779983 0.462042095 0.520045953
v 0.359109900 0.453995741 0.520045951
v 0.349555465 0.476692255 0.514374725
v 0.355076805 0.474121588 0.514374725
v 0.350077835 0.462042117 0.514374723
v 0.342511220 0.462346206 0.513530430
v 0.358369016 0.485474664 0.513193689
v 0.364212087 0.480929142 0.514374720
v 0.346385869 0.452006347 0.514374720
v 0.332964396 0.447359519 0.513086312
v 0.363390223 0.497946097 0.500000041
v 0.357379624 0.496700419 0.510776189
v 0.356496325 0.509929596 0.506826183
v 0.360997928 0.510182757 0.500000043
v 0.355134413 0.524255237 0.500000045
v 0.364212087 0.480929142 0.514374720
v 0.367156262 0.479120543 0.514374720
v 0.355076805 0.474121588 0.514374725
v 0.379435918 0.489125946 0.514374723
v 0.386828375 0.480908764 0.514374723
v 0.379235718 0.474121588 0.514374722
v 0.363390223 0.497946097 0.500000041
v 0.371189855 0.497158844 0.500000041
v 0.391178200 0.502625944 0.514374723
v 0.383505420 0.503132596 0.514374722
v 0.379312337 0.505073634 0.500000044
v 0.382784951 0.518536695 0.500000041
v 0.347676503 0.494689433 0.500000045
v 0.357379624 0.496700419 0.510776189
v 0.358369016 0.485474664 0.513193689
v 0.341097166 0.483068407 0.500000042
v 0.349555465 0.476692255 0.514374725
v 0.356496325 0.509929596 0.506826183
v 0.351852117 0.508031689 0.500000041
v 0.355134413 0.524255237 0.500000045
v 0.338044030 0.476854522 0.505475179
v 0.342511220 0.462346206 0.513530430
v 0.333333133 0.468982874 0.508655244
v 0.332964396 0.447359519 0.513086312
v 0.324859752 0.452140340 0.508655240
v 0.316969943 0.436849798 0.511874898
v 0.317025657 0.436949971 0.508955629
v 0.316738997 0.435302980 0.516176739
v 0.316969943 0.436849798 0.511874898
v 0.332964396 0.447359519 0.513086312
v 0.333478687 0.446626311 0.517838911
v 0.301310064 0.418736803 0.513595478
v 0.300836976 0.419579206 0.510043224
v 0.288950445 0.390785575 0.512005353
v 0.288523265 0.390988555 0.508928484
v 0.282311319 0.361295650 0.517445212
v 0.282145935 0.362395678 0.512473560
v 0.281296053 0.329253374 0.526717501
v 0.281074919 0.329908419 0.521642672
v 0.286088670 0.301400189 0.533322194
v 0.285423146 0.301248056 0.529242267
v 0.292698981 0.270508181 0.535991891
v 0.292019591 0.270435272 0.530819495
v 0.292091783 0.241909304 0.535005422
v 0.291439488 0.242002035 0.530229768
v 0.286836585 0.220938353 0.531789223
v 0.285619525 0.218709233 0.529340233
v 0.355076819 0.449962660 0.514374722
v 0.346385869 0.452006347 0.514374720
v 0.350077835 0.462042117 0.514374723
v 0.391622777 0.502765158 0.500000045
v 0.387372104 0.480365035 0.500000040
v 0.386828375 0.480908764 0.514374723
v 0.391178200 0.502625944 0.514374723
v 0.382784951 0.518536695 0.500000041
v 0.379235718 0.474121588 0.500000056
v 0.386828375 0.480908764 0.514374723
v 0.379235718 0.474121588 0.514374722
v 0.383860419 0.461667848 0.500000042
v 0.383860412 0.461667840 0.514374720
v 0.378861471 0.449588369 0.500000039
v 0.378861471 0.449588369 0.514374724
v 0.366781985 0.444589414 0.500000037
v 0.366781978 0.444589406 0.514374722
v 0.280746361 0.070315841 0.507806281
v 0.287618673 0.062261533 0.513695070
v 0.275466790 0.035067331 0.507285385
v 0.294298432 0.054014716 0.499999990
v 0.278111339 0.013179348 0.499999981
v 0.287618673 0.062261533 0.513695070
v 0.316946118 0.074024015 0.499999997
v 0.306193985 0.084705786 0.513695076
v 0.331357181 0.111975744 0.513695084
v 0.348759234 0.100509251 0.500000005
v 0.364671609 0.143799111 0.500000015
v 0.344097793 0.147777042 0.513695094
v 0.363777392 0.187122015 0.500000023
v 0.344045717 0.187978343 0.513695099
v 0.295441939 0.095387586 0.499999998
v 0.313955150 0.123442273 0.500000006
v 0.323524036 0.151755031 0.500000012
v 0.325517268 0.189087836 0.500000020
v 0.327865414 0.234304457 0.513695107
v 0.314994189 0.229538731 0.500000026
v 0.317413360 0.268046665 0.513695090
v 0.300565609 0.265993955 0.500000032
v 0.314746625 0.296364765 0.513695094
v 0.298149863 0.298509210 0.500000014
v 0.344166012 0.237762806 0.500000031
v 0.331343403 0.294220334 0.500000016
v 0.334261104 0.270099352 0.500000012
v 0.336469626 0.322549299 0.500000022
v 0.325481922 0.331190310 0.513695102
v 0.314494210 0.339831298 0.512499114
v 0.326861812 0.354173250 0.509662034
v 0.338410689 0.345645861 0.510858021
v 0.349959596 0.337118502 0.500000027
v 0.347314923 0.348224028 0.508945225
v 0.355223310 0.347510789 0.505899774
v 0.367766321 0.339276865 0.500000029
v 0.344670279 0.359329584 0.500000030
v 0.358357535 0.352023916 0.500000030
v 0.285619525 0.218709233 0.529340233
v 0.286836585 0.220938353 0.531789223
v 0.296808366 0.231324186 0.537867499
v 0.297290037 0.230864262 0.530189550
v 0.307790129 0.249778757 0.540347628
v 0.308407959 0.249513120 0.531228784
v 0.312933445 0.277252953 0.540238582
v 0.313625611 0.277282910 0.531222746
v 0.305648881 0.306661101 0.539864741
v 0.306419253 0.304486698 0.528545606
v 0.314693349 0.295095525 0.536978455
v 0.350489473 0.436090101 0.513300872
v 0.354150012 0.432429548 0.529668126
v 0.363627272 0.432732496 0.529260281
v 0.359966726 0.436393042 0.516522762
v 0.341648936 0.434429551 0.511473487
v 0.345309468 0.430768991 0.527616647
v 0.329069508 0.424011047 0.510456660
v 0.331819513 0.420246816 0.525468454
v 0.314513915 0.407006466 0.510762004
v 0.317655055 0.403654180 0.525783712
v 0.305949977 0.387733529 0.512645842
v 0.309021486 0.384228606 0.528548568
v 0.302508736 0.353373967 0.522436474
v 0.301871764 0.353336525 0.532558127
v 0.307629369 0.331343101 0.526903633
v 0.306997900 0.330943134 0.537739798
v 0.372885037 0.430423186 0.525859693
v 0.312480897 0.326896011 0.527961151
v 0.311989193 0.326356512 0.538346433
v 0.317360054 0.321916637 0.534160490
v 0.370690878 0.440535610 0.522046516
v 0.372885037 0.430423186 0.525859693
v 0.370690878 0.440535610 0.525112701
v 0.346540906 0.451504356 0.519667107
v 0.346385869 0.452006347 0.514374720
v 0.355076819 0.449962660 0.514374722
v 0.361552925 0.448487865 0.521154483
v 0.361552925 0.448487865 0.517569759
v 0.370690878 0.440535610 0.522046516
v 0.370690878 0.440535610 0.525112701
v 0.300836976 0.419579206 0.510043224
v 0.314513915 0.407006466 0.510762004
v 0.329069508 0.424011047 0.510456660
v 0.316969943 0.436849798 0.511874898
v 0.288523265 0.390988555 0.508928484
v 0.305949977 0.387733529 0.512645842
v 0.282145935 0.362395678 0.512473560
v 0.302508736 0.353373967 0.522436474
v 0.281074919 0.329908419 0.521642672
v 0.307629369 0.331343101 0.526903633
v 0.306419253 0.304486698 0.528545606
v 0.312480897 0.326896011 0.527961151
v 0.317360054 0.321916637 0.534160490
v 0.314693349 0.295095525 0.536978455
v 0.285423146 0.301248056 0.529242267
v 0.313625611 0.277282910 0.531222746
v 0.292019591 0.270435272 0.530819495
v 0.308407959 0.249513120 0.531228784
v 0.291439488 0.242002035 0.530229768
v 0.297290037 0.230864262 0.530189550
v 0.285619525 0.218709233 0.529340233
v 0.361552925 0.448487865 0.517569759
v 0.355076819 0.449962660 0.514374722
v 0.350489473 0.436090101 0.513300872
v 0.359966726 0.436393042 0.516522762
v 0.370690878 0.440535610 0.522046516
v 0.372885037 0.430423186 0.525859693
v 0.341648936 0.434429551 0.511473487
v 0.320389116 0.435052518 0.511652296
v 0.355076819 0.449962660 0.500000037
v 0.355076819 0.449962660 0.514374722
v 0.366781978 0.444589406 0.514374722
v 0.366781985 0.444589414 0.500000037
v 0.320837194 0.434229476 0.500000042
v 0.317025657 0.436949971 0.508955629
v 0.316969943 0.436849798 0.511874898
v 0.320389116 0.435052518 0.511652296
v 0.320389116 0.435052518 0.511652296
v 0.355076819 0.449962660 0.514374722
v 0.355076819 0.449962660 0.500000037
v 0.320837194 0.434229476 0.500000042
v 0.149885283 0.195345380 0.521753987
v 0.120202067 0.181415045 0.499999996
v 0.146116106 0.233035591 0.500000009
v 0.169435323 0.253329925 0.518270010
v 0.182923830 0.322069509 0.500000030
v 0.192656622 0.324012701 0.515015741
v 0.187568031 0.249510068 0.535114807
v 0.197579493 0.271809264 0.536540010
v 0.208213914 0.320131365 0.530031454
v 0.212791148 0.370567984 0.512106166
v 0.204520645 0.370406961 0.500000042
v 0.222646694 0.410941320 0.500000027
v 0.228995121 0.407105658 0.511605138
v 0.249832160 0.444286078 0.510385120
v 0.242363918 0.447929282 0.500000037
v 0.260582369 0.474334658 0.500000044
v 0.266964090 0.470283709 0.510639904
v 0.182923830 0.322069509 0.500000030
v 0.279646516 0.500057571 0.500000038
v 0.284236599 0.494982649 0.512396762
v 0.314532970 0.525982761 0.515784871
v 0.311004419 0.531992131 0.500000048
v 0.221061636 0.370729021 0.524212264
v 0.235343564 0.403269982 0.519742221
v 0.257300445 0.440642888 0.517302179
v 0.276836012 0.464209604 0.517784974
v 0.290292813 0.488441580 0.520317851
v 0.309584928 0.506499513 0.521414272
v 0.328034039 0.548956716 0.500000047
v 0.331609076 0.537748287 0.516812317
v 0.343063964 0.569314636 0.500000046
v 0.320670968 0.513262623 0.520531876
v 0.169435323 0.253329925 0.481730022
v 0.192656622 0.324012701 0.484984321
v 0.197579536 0.271809279 0.463460029
v 0.208213914 0.320131365 0.469968613
v 0.212791148 0.370567984 0.487893920
v 0.204520645 0.370406961 0.500000042
v 0.222646694 0.410941320 0.500000027
v 0.228995121 0.407105658 0.488394919
v 0.249832160 0.444286078 0.489614954
v 0.242363918 0.447929282 0.500000037
v 0.260582369 0.474334658 0.500000044
v 0.266964090 0.470283709 0.489360183
v 0.279646516 0.500057571 0.500000038
v 0.284236584 0.494982634 0.487603312
v 0.314532977 0.525982769 0.484215218
v 0.311004419 0.531992131 0.500000048
v 0.221061636 0.370729021 0.475787777
v 0.235343578 0.403269996 0.480257833
v 0.257300445 0.440642888 0.482697898
v 0.276836012 0.464209604 0.482215102
v 0.290292813 0.488441580 0.479682223
v 0.309584928 0.506499513 0.478585818
v 0.328034039 0.548956716 0.500000047
v 0.331609084 0.537748295 0.483187775
v 0.343063964 0.569314636 0.500000046
v 0.320670976 0.513262630 0.479468207
v 0.117463696 0.158101739 0.510876982
v 0.091026205 0.134989065 0.500000033
v 0.238154785 0.344546089 0.545698160
v 0.230872327 0.319207960 0.549745156
v 0.208213914 0.320131365 0.530031454
v 0.221061636 0.370729021 0.524212264
v 0.241099472 0.372830837 0.535726368
v 0.235343564 0.403269982 0.519742221
v 0.247493237 0.400070392 0.529879391
v 0.257300445 0.440642888 0.517302179
v 0.263836677 0.432366151 0.527020284
v 0.273925452 0.447790065 0.524161178
v 0.276836012 0.464209604 0.517784974
v 0.219415845 0.298674865 0.546067008
v 0.324079502 0.506153254 0.510265957
v 0.318567792 0.501980305 0.510265956
v 0.309584928 0.506499513 0.521414272
v 0.306882675 0.463908764 0.513647124
v 0.290292813 0.488441580 0.520317851
v 0.276836012 0.464209604 0.517784974
v 0.294293866 0.448505865 0.513025542
v 0.273925452 0.447790065 0.524161178
v 0.288311724 0.433945034 0.500000039
v 0.274164872 0.420981407 0.500000035
v 0.263836677 0.432366151 0.527020284
v 0.263786803 0.402679920 0.500000030
v 0.247493237 0.400070392 0.529879391
v 0.257960445 0.374796508 0.500000024
v 0.241099472 0.372830837 0.535726368
v 0.313665658 0.457607576 0.508873853
v 0.318819980 0.476334069 0.506166664
v 0.324474647 0.471181833 0.506106131
v 0.298487077 0.438805708 0.500000041
v 0.303421202 0.435051969 0.500000041
v 0.317025657 0.436949971 0.508955629
v 0.324859752 0.452140340 0.508655240
v 0.333333133 0.468982874 0.508655244
v 0.305283436 0.424068429 0.500000039
v 0.241308349 0.347924293 0.538048919
v 0.238154785 0.344546089 0.545698160
v 0.234646803 0.322756333 0.539391260
v 0.230872327 0.319207960 0.549745156
v 0.223594202 0.302198506 0.534494233
v 0.219415845 0.298674865 0.546067008
v 0.197241524 0.266396827 0.524371253
v 0.197579493 0.271809264 0.536540010
v 0.187568031 0.249510068 0.535114807
v 0.154859601 0.200949667 0.511459764
v 0.154750033 0.206830012 0.500000005
v 0.199356906 0.268445593 0.500000022
v 0.119831025 0.160746713 0.499999992
v 0.149885283 0.195345380 0.521753987
v 0.117463696 0.158101739 0.510876982
v 0.091026205 0.134989065 0.500000033
v 0.241773491 0.347459180 0.500000017
v 0.241773491 0.347459180 0.500000017
v 0.241308364 0.347924307 0.461951158
v 0.234646803 0.322756333 0.460608815
v 0.238154785 0.344546089 0.454301897
v 0.230872357 0.319207989 0.450254917
v 0.241099472 0.372830837 0.464273681
v 0.223594187 0.302198491 0.465505827
v 0.219415874 0.298674865 0.453933054
v 0.197241524 0.266396827 0.475628791
v 0.197579536 0.271809279 0.463460029
v 0.187568060 0.249510098 0.464885227
v 0.154859689 0.200949755 0.488540245
v 0.154750033 0.206830012 0.500000005
v 0.199356906 0.268445593 0.500000022
v 0.119831025 0.160746713 0.499999992
v 0.149885283 0.195345380 0.478246021
v 0.117463696 0.158101739 0.489123001
v 0.091026205 0.134989065 0.500000033
v 0.257960445 0.374796508 0.500000024
v 0.247493237 0.400070392 0.470120663
v 0.263786803 0.402679920 0.500000030
v 0.263836692 0.432366166 0.472979785
v 0.274164872 0.420981407 0.500000035
v 0.273925467 0.447790079 0.475838905
v 0.288311724 0.433945034 0.500000039
v 0.294293866 0.448505865 0.486974530
v 0.276836012 0.464209604 0.482215102
v 0.306882675 0.463908764 0.486352956
v 0.290292813 0.488441580 0.479682223
v 0.309584928 0.506499513 0.478585818
v 0.313665658 0.457607576 0.491126214
v 0.318819987 0.476334076 0.493833424
v 0.324474647 0.471181833 0.493893945
v 0.298487077 0.438805708 0.500000041
v 0.303421202 0.435051969 0.500000041
v 0.317025657 0.436949971 0.491044444
v 0.324859752 0.452140340 0.491344826
v 0.333333147 0.468982888 0.491344832
v 0.305283436 0.424068429 0.500000039
v 0.318567792 0.501980305 0.489734130
v 0.323474257 0.499397060 0.500000043
v 0.321664670 0.479423828 0.500000039
v 0.318819987 0.476334076 0.493833424
v 0.327253928 0.474591683 0.500000039
v 0.324079502 0.506153254 0.489734131
v 0.320670976 0.513262630 0.479468207
v 0.338044030 0.476854522 0.494524901
v 0.341097166 0.483068407 0.500000042
v 0.341097166 0.483068407 0.500000042
v 0.338044030 0.476854522 0.505475179
v 0.327253928 0.474591683 0.500000039
v 0.321664670 0.479423828 0.500000039
v 0.318819980 0.476334069 0.506166664
v 0.323474257 0.499397060 0.500000043
v 0.320670968 0.513262623 0.520531876
v 0.340347853 0.533939040 0.500000045
v 0.320670968 0.513262623 0.520531876
v 0.331609076 0.537748287 0.516812317
v 0.343063964 0.569314636 0.500000046
v 0.324079502 0.506153254 0.510265957
v 0.330429225 0.506313392 0.500000045
v 0.323474257 0.499397060 0.500000043
v 0.317025657 0.436949971 0.508955629
v 0.320837194 0.434229476 0.500000042
v 0.305283436 0.424068429 0.500000039
v 0.206150419 0.007887484 0.500000021
v 0.206975956 -0.041872459 0.500000011
v 0.242425053 -0.035855407 0.470052309
v 0.239413509 0.009502990 0.465414011
v 0.231352608 -0.081558510 0.475347941
v 0.202415983 -0.082695988 0.500000003
v 0.218672729 -0.131612511 0.480202924
v 0.241057639 -0.079929914 0.475457949
v 0.235028974 -0.128886302 0.499999997
v 0.258258380 -0.074187456 0.500000011
v 0.203615057 -0.181414872 0.499999984
v 0.195436927 -0.182777999 0.486498571
v 0.182511921 -0.181419131 0.499999982
v 0.196248540 -0.127870495 0.499999994
v 0.173185996 -0.206732147 0.499999976
v 0.175917898 -0.211979186 0.492341140
v 0.183957864 -0.209557739 0.499999976
v 0.166573211 -0.227233500 0.499999971
v 0.173185996 -0.206732147 0.499999976
v 0.256192566 -0.036154184 0.471998302
v 0.270822355 -0.033508113 0.500000020
v 0.260481471 -0.003705860 0.467598851
v 0.277353025 -0.003138818 0.499999977
v 0.269944990 0.004978520 0.480334402
v 0.278111339 0.013179348 0.499999981
v 0.249117896 -0.004629609 0.465290782
v 0.231352608 -0.081558510 0.475347941
v 0.232433238 0.046273103 0.467281234
v 0.202385200 0.054382685 0.499999981
v 0.225337005 0.106700812 0.470371186
v 0.202764115 0.119872527 0.499999993
v 0.202764115 0.119872527 0.499999993
v 0.236631938 0.179297380 0.470371202
v 0.211435075 0.194369481 0.500000009
v 0.255710148 0.234708851 0.470371215
v 0.229864899 0.259830924 0.500000023
v 0.273083532 0.273745125 0.470371223
v 0.249292543 0.315616108 0.500000036
v 0.294932389 0.308120449 0.470371207
v 0.286381015 0.390016329 0.500000030
v 0.309125230 0.346453515 0.475448905
v 0.321102056 0.360562698 0.477980511
v 0.334386001 0.395933406 0.481512651
v 0.308695504 0.425642438 0.500000039
v 0.339540199 0.412766544 0.484728143
v 0.323052134 0.438837355 0.500000031
v 0.352152386 0.425712076 0.491126224
v 0.348301966 0.442690498 0.500000035
v 0.371984740 0.429408593 0.500000034
v 0.334778498 0.367448313 0.478601467
v 0.334386001 0.395933406 0.481512651
v 0.265131504 0.097003421 0.499999995
v 0.252351913 0.119996166 0.499999999
v 0.225337005 0.106700812 0.470371186
v 0.252354496 0.078256929 0.489503484
v 0.275502762 0.092048552 0.499999996
v 0.269615627 0.068970993 0.492946445
v 0.246343298 0.038586727 0.479006969
v 0.264350632 0.032220870 0.485892891
v 0.232433238 0.046273103 0.467281234
v 0.252566659 0.009468577 0.472708905
v 0.280746361 0.070315841 0.492193702
v 0.275466790 0.035067331 0.492714584
v 0.278111339 0.013179348 0.499999981
v 0.269944990 0.004978520 0.480334402
v 0.260481471 -0.003705860 0.467598851
v 0.249117896 -0.004629609 0.465290782
v 0.239413509 0.009502990 0.465414011
v 0.295441939 0.095387586 0.499999998
v 0.280746361 0.070315841 0.492193702
v 0.245555565 0.154309040 0.500000004
v 0.253585711 0.185708279 0.500000011
v 0.236631938 0.179297380 0.470371202
v 0.255710148 0.234708851 0.470371215
v 0.259387524 0.234184791 0.500000021
v 0.273083532 0.273745125 0.470371223
v 0.275440441 0.267399741 0.500000030
v 0.298149863 0.298509210 0.500000014
v 0.294932389 0.308120449 0.470371207
v 0.314494196 0.339831284 0.487500933
v 0.309125230 0.346453515 0.475448905
v 0.321102056 0.360562698 0.477980511
v 0.326861812 0.354173250 0.490338021
v 0.334778498 0.367448313 0.478601467
v 0.344670279 0.359329584 0.500000030
v 0.334386001 0.395933406 0.481512651
v 0.340608075 0.393652275 0.500000036
v 0.339540199 0.412766544 0.484728143
v 0.343748732 0.408934702 0.500000040
v 0.352152386 0.425712076 0.491126224
v 0.355408780 0.421608186 0.500000031
v 0.371984740 0.429408593 0.500000034
v 0.245555565 0.154309040 0.500000004
v 0.225337005 0.106700812 0.470371186
v 0.312933445 0.277252953 0.459761459
v 0.292698988 0.270508173 0.464008153
v 0.292091790 0.241909297 0.464994606
v 0.307790158 0.249778786 0.459652431
v 0.286088640 0.301400159 0.466677861
v 0.305648910 0.306661130 0.460135319
v 0.294249970 0.330201225 0.461656475
v 0.296808373 0.231324179 0.462132525
v 0.286836615 0.220938383 0.468210821
v 0.281296024 0.329253344 0.473282561
v 0.287255233 0.358334119 0.469222125
v 0.282311333 0.361295665 0.482554858
v 0.291339169 0.389547617 0.474422363
v 0.288950460 0.390785589 0.487994708
v 0.301310079 0.418736818 0.486404581
v 0.304082416 0.414124139 0.475363416
v 0.316738997 0.435302980 0.483823334
v 0.321116339 0.430275634 0.475448424
v 0.333478694 0.446626318 0.482161155
v 0.335550597 0.441067580 0.473684881
v 0.346540906 0.451504356 0.480332967
v 0.349989136 0.442111083 0.472100821
v 0.361552925 0.448487865 0.478845592
v 0.360212051 0.439786707 0.470608257
v 0.370690886 0.440535618 0.474887374
v 0.367159079 0.436634057 0.472255166
v 0.372885052 0.430423200 0.474140379
v 0.294249970 0.330201225 0.461656475
v 0.306997885 0.330943119 0.462260270
v 0.301871778 0.353336539 0.467441922
v 0.287255233 0.358334119 0.469222125
v 0.309021501 0.384228621 0.471451481
v 0.291339169 0.389547617 0.474422363
v 0.317655041 0.403654165 0.474216360
v 0.304082416 0.414124139 0.475363416
v 0.321116339 0.430275634 0.475448424
v 0.331819527 0.420246830 0.474531629
v 0.335550597 0.441067580 0.473684881
v 0.345309482 0.430769005 0.472383413
v 0.349989136 0.442111083 0.472100821
v 0.354150019 0.432429555 0.470331946
v 0.360212051 0.439786707 0.470608257
v 0.363627279 0.432732503 0.470739802
v 0.367159079 0.436634057 0.472255166
v 0.372885052 0.430423200 0.474140379
v 0.305648910 0.306661130 0.460135319
v 0.311989179 0.326356497 0.461653611
v 0.317360083 0.321916666 0.465839549
v 0.314693349 0.295095525 0.463021604
v 0.355779990 0.462042102 0.479954125
v 0.359109900 0.470088492 0.479954126
v 0.355076805 0.474121588 0.485625357
v 0.350077842 0.462042124 0.485625355
v 0.359109908 0.453995748 0.479954124
v 0.355076812 0.449962652 0.485625353
v 0.367156262 0.450665831 0.479954125
v 0.366781978 0.444589406 0.485625353
v 0.375202652 0.453995741 0.479954126
v 0.378861471 0.449588369 0.485625356
v 0.378532569 0.462042138 0.479954127
v 0.383860419 0.461667848 0.485625359
v 0.375202638 0.470088507 0.479954127
v 0.379235726 0.474121595 0.485625360
v 0.367156298 0.473418410 0.479954127
v 0.367156269 0.479120550 0.485625360
v 0.378532569 0.462042138 0.479954127
v 0.375202638 0.470088507 0.479954127
v 0.367156298 0.473418410 0.479954127
v 0.359109900 0.470088492 0.479954126
v 0.375202652 0.453995741 0.479954126
v 0.355779990 0.462042102 0.479954125
v 0.367156262 0.450665831 0.479954125
v 0.359109908 0.453995748 0.479954124
v 0.349555465 0.476692255 0.485625359
v 0.342511220 0.462346206 0.486469645
v 0.350077842 0.462042124 0.485625355
v 0.355076805 0.474121588 0.485625357
v 0.358369016 0.485474664 0.486806394
v 0.364212094 0.480929150 0.485625360
v 0.346385847 0.452006325 0.485625353
v 0.332964410 0.447359534 0.486913767
v 0.363390223 0.497946097 0.500000041
v 0.357379624 0.496700419 0.489223892
v 0.356496325 0.509929596 0.493173908
v 0.360997928 0.510182757 0.500000043
v 0.355134413 0.524255237 0.500000045
v 0.367156269 0.479120550 0.485625360
v 0.364212094 0.480929150 0.485625360
v 0.355076805 0.474121588 0.485625357
v 0.379435910 0.489125939 0.485625363
v 0.386828375 0.480908764 0.485625361
v 0.379235726 0.474121595 0.485625360
v 0.363390223 0.497946097 0.500000041
v 0.371189855 0.497158844 0.500000041
v 0.391178208 0.502625951 0.485625361
v 0.383505427 0.503132604 0.485625360
v 0.379312337 0.505073634 0.500000044
v 0.382784951 0.518536695 0.500000041
v 0.357379624 0.496700419 0.489223892
v 0.347676503 0.494689433 0.500000045
v 0.358369016 0.485474664 0.486806394
v 0.341097166 0.483068407 0.500000042
v 0.349555465 0.476692255 0.485625359
v 0.356496325 0.509929596 0.493173908
v 0.351852117 0.508031689 0.500000041
v 0.355134413 0.524255237 0.500000045
v 0.338044030 0.476854522 0.494524901
v 0.342511220 0.462346206 0.486469645
v 0.333333147 0.468982888 0.491344832
v 0.332964410 0.447359534 0.486913767
v 0.324859752 0.452140340 0.491344826
v 0.316969929 0.436849783 0.488125174
v 0.317025657 0.436949971 0.491044444
v 0.316738997 0.435302980 0.483823334
v 0.333478694 0.446626318 0.482161155
v 0.332964410 0.447359534 0.486913767
v 0.316969929 0.436849783 0.488125174
v 0.301310079 0.418736818 0.486404581
v 0.300836976 0.419579206 0.489956860
v 0.288950460 0.390785589 0.487994708
v 0.288523265 0.390988555 0.491071577
v 0.282311333 0.361295665 0.482554858
v 0.282145935 0.362395678 0.487526488
v 0.281296024 0.329253344 0.473282561
v 0.281074934 0.329908434 0.478357360
v 0.286088640 0.301400159 0.466677861
v 0.285423146 0.301248056 0.470757784
v 0.292698988 0.270508173 0.464008153
v 0.292019591 0.270435272 0.469180544
v 0.292091790 0.241909297 0.464994606
v 0.291439459 0.242002006 0.469770286
v 0.286836615 0.220938383 0.468210821
v 0.285619525 0.218709233 0.470659806
v 0.346385847 0.452006325 0.485625353
v 0.355076812 0.449962652 0.485625353
v 0.350077842 0.462042124 0.485625355
v 0.391622777 0.502765158 0.500000045
v 0.391178208 0.502625951 0.485625361
v 0.386828375 0.480908764 0.485625361
v 0.387372104 0.480365035 0.500000040
v 0.382784951 0.518536695 0.500000041
v 0.379235718 0.474121588 0.500000056
v 0.386828375 0.480908764 0.485625361
v 0.379235726 0.474121595 0.485625360
v 0.383860419 0.461667848 0.500000042
v 0.383860419 0.461667848 0.485625359
v 0.378861471 0.449588369 0.500000039
v 0.378861471 0.449588369 0.485625356
v 0.366781985 0.444589414 0.500000037
v 0.366781978 0.444589406 0.485625353
v 0.287618673 0.062261533 0.486304911
v 0.280746361 0.070315841 0.492193702
v 0.275466790 0.035067331 0.492714584
v 0.294298432 0.054014716 0.499999990
v 0.287618673 0.062261533 0.486304911
v 0.316946118 0.074024015 0.499999997
v 0.306194014 0.084705815 0.486304917
v 0.331357181 0.111975744 0.486304925
v 0.348759234 0.100509251 0.500000005
v 0.364671609 0.143799111 0.500000015
v 0.344097793 0.147777042 0.486304934
v 0.363777392 0.187122015 0.500000023
v 0.344045717 0.187978343 0.486304941
v 0.278111339 0.013179348 0.499999981
v 0.295441939 0.095387586 0.499999998
v 0.313955150 0.123442273 0.500000006
v 0.323524036 0.151755031 0.500000012
v 0.325517268 0.189087836 0.500000020
v 0.327865414 0.234304457 0.486304948
v 0.314994189 0.229538731 0.500000026
v 0.317413360 0.268046665 0.486304930
v 0.300565609 0.265993955 0.500000032
v 0.314746640 0.296364779 0.486304936
v 0.298149863 0.298509210 0.500000014
v 0.344166012 0.237762806 0.500000031
v 0.331343403 0.294220334 0.500000016
v 0.334261104 0.270099352 0.500000012
v 0.336469626 0.322549299 0.500000022
v 0.325481922 0.331190310 0.486304942
v 0.314494196 0.339831284 0.487500933
v 0.326861812 0.354173250 0.490338021
v 0.338410697 0.345645854 0.489142030
v 0.349959596 0.337118502 0.500000027
v 0.347314923 0.348224028 0.491054833
v 0.355223310 0.347510789 0.494100272
v 0.367766321 0.339276865 0.500000029
v 0.344670279 0.359329584 0.500000030
v 0.358357535 0.352023916 0.500000030
v 0.285619525 0.218709233 0.470659806
v 0.297290022 0.230864247 0.469810499
v 0.296808373 0.231324179 0.462132525
v 0.286836615 0.220938383 0.468210821
v 0.307790158 0.249778786 0.459652431
v 0.308407981 0.249513127 0.468771247
v 0.312933445 0.277252953 0.459761459
v 0.313625611 0.277282910 0.468777304
v 0.305648910 0.306661130 0.460135319
v 0.306419260 0.304486691 0.471454449
v 0.314693349 0.295095525 0.463021604
v 0.350489473 0.436090101 0.486699207
v 0.359966726 0.436393042 0.483477318
v 0.363627279 0.432732503 0.470739802
v 0.354150019 0.432429555 0.470331946
v 0.341648936 0.434429551 0.488526590
v 0.345309482 0.430769005 0.472383413
v 0.329069508 0.424011047 0.489543409
v 0.331819527 0.420246830 0.474531629
v 0.314513930 0.407006480 0.489238068
v 0.317655041 0.403654165 0.474216360
v 0.305949977 0.387733529 0.487354220
v 0.309021501 0.384228621 0.471451481
v 0.302508736 0.353373967 0.477563578
v 0.301871778 0.353336539 0.467441922
v 0.307629384 0.331343116 0.473096409
v 0.306997885 0.330943119 0.462260270
v 0.372885052 0.430423200 0.474140379
v 0.312480882 0.326895997 0.472038916
v 0.311989179 0.326356497 0.461653611
v 0.317360083 0.321916666 0.465839549
v 0.372885052 0.430423200 0.474140379
v 0.370690871 0.440535603 0.477953560
v 0.370690886 0.440535618 0.474887374
v 0.355076812 0.449962652 0.485625353
v 0.346385847 0.452006325 0.485625353
v 0.346540906 0.451504356 0.480332967
v 0.361552925 0.448487865 0.478845592
v 0.361552925 0.448487865 0.482430316
v 0.370690871 0.440535603 0.477953560
v 0.370690886 0.440535618 0.474887374
v 0.300836976 0.419579206 0.489956860
v 0.316969929 0.436849783 0.488125174
v 0.329069508 0.424011047 0.489543409
v 0.314513930 0.407006480 0.489238068
v 0.288523265 0.390988555 0.491071577
v 0.305949977 0.387733529 0.487354220
v 0.282145935 0.362395678 0.487526488
v 0.302508736 0.353373967 0.477563578
v 0.281074934 0.329908434 0.478357360
v 0.307629384 0.331343116 0.473096409
v 0.306419260 0.304486691 0.471454449
v 0.312480882 0.326895997 0.472038916
v 0.317360083 0.321916666 0.465839549
v 0.314693349 0.295095525 0.463021604
v 0.285423146 0.301248056 0.470757784
v 0.313625611 0.277282910 0.468777304
v 0.292019591 0.270435272 0.469180544
v 0.308407981 0.249513127 0.468771247
v 0.291439459 0.242002006 0.469770286
v 0.292019591 0.270435272 0.469180544
v 0.308407981 0.249513127 0.468771247
v 0.297290022 0.230864247 0.469810499
v 0.285619525 0.218709233 0.470659806
v 0.355076812 0.449962652 0.485625353
v 0.361552925 0.448487865 0.482430316
v 0.350489473 0.436090101 0.486699207
v 0.359966726 0.436393042 0.483477318
v 0.370690871 0.440535603 0.477953560
v 0.372885052 0.430423200 0.474140379
v 0.341648936 0.434429551 0.488526590
v 0.320389131 0.435052533 0.488347777
v 0.316969929 0.436849783 0.488125174
v 0.355076819 0.449962660 0.500000037
v 0.366781985 0.444589414 0.500000037
v 0.366781978 0.444589406 0.485625353
v 0.355076812 0.449962652 0.485625353
v 0.320837194 0.434229476 0.500000042
v 0.320389131 0.435052533 0.488347777
v 0.316969929 0.436849783 0.488125174
v 0.317025657 0.436949971 0.491044444
v 0.320389131 0.435052533 0.488347777
v 0.320837194 0.434229476 0.500000042
v 0.355076819 0.449962660 0.500000037
v 0.355076812 0.449962652 0.485625353
v 0.149885283 0.195345380 0.478246021
v 0.146116106 0.233035591 0.500000009
v 0.120202067 0.181415045 0.499999996
v 0.187568060 0.249510098 0.464885227
v 0.117463696 0.158101739 0.489123001
v 0.091026205 0.134989065 0.500000033
v 0.219415874 0.298674865 0.453933054
v 0.208213914 0.320131365 0.469968613
v 0.230872357 0.319207989 0.450254917
v 0.238154785 0.344546089 0.454301897
v 0.221061636 0.370729021 0.475787777
v 0.241099472 0.372830837 0.464273681
v 0.235343578 0.403269996 0.480257833
v 0.247493237 0.400070392 0.470120663
v 0.257300445 0.440642888 0.482697898
v 0.263836692 0.432366166 0.472979785
v 0.273925467 0.447790079 0.475838905
v 0.276836012 0.464209604 0.482215102
v 0.320670976 0.513262630 0.479468207
v 0.340347853 0.533939040 0.500000045
v 0.331609084 0.537748295 0.483187775
v 0.343063964 0.569314636 0.500000046
v 0.324079502 0.506153254 0.489734131
v 0.330429225 0.506313392 0.500000045
v 0.323474257 0.499397060 0.500000043
v 0.199356906 0.268445593 0.500000022
v 0.320837194 0.434229476 0.500000042
v 0.317025657 0.436949971 0.491044444
v 0.305283436 0.424068429 0.500000039
v 0.414931141 0.585068855 0.525468169
v 0.434880852 0.576944027 0.519717608
v 0.433620000 0.566379992 0.519717604
v 0.432924136 0.588005568 0.519717602
v 0.427560580 0.596899574 0.519717609
v 0.406321311 0.593678688 0.525357067
v 0.418882474 0.605462410 0.519717612
v 0.423055965 0.565119141 0.519717605
v 0.411994427 0.567075860 0.519717604
v 0.403100388 0.572439382 0.519717604
v 0.394537556 0.581117492 0.519717607
v 0.392251938 0.591331164 0.519717608
v 0.408668838 0.607748064 0.519717602
v 0.401393619 0.609985887 0.519717605
v 0.398089707 0.601910293 0.522365315
v 0.397779586 0.607404725 0.521418602
v 0.390014115 0.598606383 0.519717608
v 0.392595312 0.602220450 0.521418606
v 0.387973041 0.603402762 0.519717608
v 0.396597241 0.612026962 0.519717611
v 0.438959621 0.575104768 0.521034067
v 0.438264947 0.561735044 0.521034072
v 0.433620000 0.566379992 0.519717604
v 0.434880852 0.576944027 0.519717608
v 0.436436702 0.588972090 0.521034071
v 0.432924136 0.588005568 0.519717602
v 0.427560580 0.596899574 0.519717609
v 0.430547416 0.599697509 0.521034072
v 0.418882474 0.605462410 0.519717612
v 0.420994953 0.609928959 0.521034069
v 0.411904331 0.611165815 0.521034071
v 0.408668838 0.607748064 0.519717602
v 0.401987379 0.613071222 0.521034069
v 0.401393619 0.609985887 0.519717605
v 0.396597241 0.612026962 0.519717611
v 0.395848120 0.614808169 0.521034069
v 0.424895226 0.561040373 0.521034071
v 0.423055965 0.565119141 0.519717605
v 0.411027918 0.563563277 0.521034068
v 0.411994427 0.567075860 0.519717604
v 0.403100388 0.572439382 0.519717604
v 0.400302481 0.569452515 0.521034067
v 0.394537556 0.581117492 0.519717607
v 0.390071009 0.579005014 0.521034067
v 0.388834187 0.588095671 0.521034068
v 0.392251938 0.591331164 0.519717608
v 0.386928782 0.598012625 0.521034069
v 0.390014115 0.598606383 0.519717608
v 0.387973041 0.603402762 0.519717608
v 0.385191834 0.604151883 0.521034074
v 0.396739808 0.620399070 0.512176517
v 0.395558036 0.623588287 0.500000053
v 0.425948839 0.621062771 0.500000053
v 0.422759155 0.617359476 0.512176519
v 0.401987379 0.613071222 0.521034069
v 0.395848120 0.614808169 0.521034069
v 0.381593991 0.618406015 0.521034074
v 0.375579992 0.624420018 0.512018282
v 0.411904331 0.611165815 0.521034071
v 0.420994953 0.609928959 0.521034069
v 0.369618942 0.630381075 0.500000053
v 0.375579992 0.624420018 0.512018282
v 0.436890664 0.606023459 0.512176514
v 0.430547416 0.599697509 0.521034072
v 0.422759155 0.617359476 0.512176519
v 0.440190089 0.608730364 0.500000052
v 0.444865804 0.591060813 0.512176511
v 0.449383986 0.591482547 0.500000050
v 0.448148266 0.571558625 0.512176514
v 0.438959621 0.575104768 0.521034067
v 0.436436702 0.588972090 0.521034071
v 0.436890664 0.606023459 0.512176514
v 0.453285054 0.569004683 0.500000047
v 0.453516439 0.546483555 0.500000046
v 0.438264947 0.561735044 0.521034072
v 0.447997169 0.552002822 0.512176512
v 0.447997169 0.552002822 0.512176512
v 0.397332901 0.602667099 0.524546666
v 0.396769386 0.608873807 0.523344884
v 0.397779586 0.607404725 0.521418602
v 0.398089707 0.601910293 0.522365315
v 0.392595312 0.602220450 0.521418606
v 0.391126194 0.603230615 0.523344884
v 0.395848120 0.614808169 0.521034069
v 0.396597241 0.612026962 0.519717611
v 0.387973041 0.603402762 0.519717608
v 0.385191834 0.604151883 0.521034074
v 0.381593991 0.618406015 0.521034074
v 0.389532487 0.610467515 0.523750808
v 0.381593991 0.618406015 0.521034074
v 0.379600938 0.603260199 0.512176515
v 0.375579992 0.624420018 0.512018282
v 0.386928782 0.598012625 0.521034069
v 0.382640571 0.577240834 0.512176510
v 0.378937252 0.574051155 0.500000048
v 0.375350080 0.603208933 0.500000052
v 0.388834187 0.588095671 0.521034068
v 0.390071009 0.579005014 0.521034067
v 0.369618942 0.630381075 0.500000053
v 0.375579992 0.624420018 0.512018282
v 0.393976590 0.563109356 0.512176510
v 0.382640571 0.577240834 0.512176510
v 0.400302481 0.569452515 0.521034067
v 0.391269657 0.559809902 0.500000047
v 0.408939185 0.555134195 0.512176510
v 0.408517468 0.550616000 0.500000047
v 0.428441396 0.551851697 0.512176508
v 0.424895226 0.561040373 0.521034071
v 0.411027918 0.563563277 0.521034068
v 0.393976590 0.563109356 0.512176510
v 0.430995313 0.546714943 0.500000047
v 0.438264947 0.561735044 0.521034072
v 0.447997169 0.552002822 0.512176512
v 0.453516439 0.546483555 0.500000046
v 0.447997169 0.552002822 0.512176512
v 0.396769386 0.608873807 0.523344884
v 0.389532487 0.610467515 0.523750808
v 0.381593991 0.618406015 0.521034074
v 0.397332901 0.602667099 0.524546666
v 0.434880859 0.576944035 0.480282489
v 0.414931150 0.585068863 0.474531929
v 0.433620008 0.566379999 0.480282490
v 0.432924143 0.588005575 0.480282495
v 0.427560587 0.596899581 0.480282490
v 0.406321319 0.593678696 0.474643037
v 0.418882481 0.605462417 0.480282490
v 0.423055974 0.565119149 0.480282492
v 0.411994435 0.567075867 0.480282492
v 0.403100395 0.572439389 0.480282492
v 0.394537565 0.581117501 0.480282492
v 0.392251945 0.591331172 0.480282495
v 0.408668845 0.607748071 0.480282498
v 0.401393627 0.609985894 0.480282498
v 0.398089716 0.601910302 0.477634786
v 0.397779595 0.607404733 0.478581497
v 0.390014123 0.598606391 0.480282495
v 0.392595320 0.602220459 0.478581497
v 0.387973049 0.603402770 0.480282495
v 0.396597249 0.612026969 0.480282494
v 0.438959628 0.575104775 0.478966026
v 0.434880859 0.576944035 0.480282489
v 0.433620008 0.566379999 0.480282490
v 0.438264955 0.561735052 0.478966023
v 0.436436712 0.588972100 0.478966025
v 0.432924143 0.588005575 0.480282495
v 0.427560587 0.596899581 0.480282490
v 0.430547425 0.599697517 0.478966029
v 0.418882481 0.605462417 0.480282490
v 0.420994958 0.609928964 0.478966033
v 0.411904339 0.611165823 0.478966033
v 0.408668845 0.607748071 0.480282498
v 0.401987386 0.613071229 0.478966032
v 0.401393627 0.609985894 0.480282498
v 0.396597249 0.612026969 0.480282494
v 0.395848127 0.614808176 0.478966032
v 0.424895231 0.561040378 0.478966028
v 0.423055974 0.565119149 0.480282492
v 0.411027927 0.563563285 0.478966028
v 0.411994435 0.567075867 0.480282492
v 0.403100395 0.572439389 0.480282492
v 0.400302489 0.569452523 0.478966026
v 0.394537565 0.581117501 0.480282492
v 0.390071016 0.579005022 0.478966029
v 0.388834196 0.588095680 0.478966033
v 0.392251945 0.591331172 0.480282495
v 0.386928789 0.598012632 0.478966032
v 0.390014123 0.598606391 0.480282495
v 0.387973049 0.603402770 0.480282495
v 0.385191842 0.604151891 0.478966025
v 0.396739814 0.620399075 0.487823590
v 0.422759160 0.617359482 0.487823587
v 0.425948839 0.621062771 0.500000053
v 0.395558036 0.623588287 0.500000053
v 0.401987386 0.613071229 0.478966032
v 0.395848127 0.614808176 0.478966032
v 0.381593999 0.618406023 0.478966029
v 0.375579997 0.624420023 0.487981823
v 0.411904339 0.611165823 0.478966033
v 0.420994958 0.609928964 0.478966033
v 0.369618942 0.630381075 0.500000053
v 0.375579997 0.624420023 0.487981823
v 0.436890668 0.606023463 0.487823587
v 0.422759160 0.617359482 0.487823587
v 0.430547425 0.599697517 0.478966029
v 0.440190089 0.608730364 0.500000052
v 0.444865807 0.591060816 0.487823586
v 0.449383986 0.591482547 0.500000050
v 0.448148270 0.571558629 0.487823585
v 0.438959628 0.575104775 0.478966026
v 0.436436712 0.588972100 0.478966025
v 0.436890668 0.606023463 0.487823587
v 0.453285054 0.569004683 0.500000047
v 0.453516439 0.546483555 0.500000046
v 0.438264955 0.561735052 0.478966023
v 0.447997174 0.552002827 0.487823582
v 0.447997174 0.552002827 0.487823582
v 0.397332911 0.602667109 0.475453435
v 0.398089716 0.601910302 0.477634786
v 0.397779595 0.607404733 0.478581497
v 0.396769396 0.608873816 0.476655219
v 0.392595320 0.602220459 0.478581497
v 0.391126204 0.603230624 0.476655219
v 0.395848127 0.614808176 0.478966032
v 0.396597249 0.612026969 0.480282494
v 0.387973049 0.603402770 0.480282495
v 0.385191842 0.604151891 0.478966025
v 0.381593999 0.618406023 0.478966029
v 0.389532497 0.610467525 0.476249293
v 0.381593999 0.618406023 0.478966029
v 0.379600943 0.603260205 0.487823585
v 0.375579997 0.624420023 0.487981823
v 0.386928789 0.598012632 0.478966032
v 0.382640577 0.577240840 0.487823586
v 0.378937252 0.574051155 0.500000048
v 0.375350080 0.603208933 0.500000052
v 0.388834196 0.588095680 0.478966033
v 0.390071016 0.579005022 0.478966029
v 0.369618942 0.630381075 0.500000053
v 0.375579997 0.624420023 0.487981823
v 0.393976594 0.563109359 0.487823585
v 0.400302489 0.569452523 0.478966026
v 0.382640577 0.577240840 0.487823586
v 0.391269657 0.559809902 0.500000047
v 0.408939189 0.555134198 0.487823585
v 0.408517468 0.550616000 0.500000047
v 0.428441404 0.551851704 0.487823582
v 0.424895231 0.561040378 0.478966028
v 0.411027927 0.563563285 0.478966028
v 0.393976594 0.563109359 0.487823585
v 0.430995313 0.546714943 0.500000047
v 0.438264955 0.561735052 0.478966023
v 0.447997174 0.552002827 0.487823582
v 0.453516439 0.546483555 0.500000046
v 0.447997174 0.552002827 0.487823582
v 0.396769396 0.608873816 0.476655219
v 0.381593999 0.618406023 0.478966029
v 0.389532497 0.610467525 0.476249293
v 0.397332911 0.602667109 0.475453435
v 0.449402996 0.435848925 0.517757020
v 0.450269546 0.433735139 0.513195725
v 0.442955581 0.434113586 0.511956331
v 0.450269546 0.433735139 0.486804350
v 0.449403007 0.435848936 0.482243056
v 0.442955581 0.434113586 0.488043744
v 0.412225825 0.418164135 0.508235852
v 0.411426169 0.445442837 0.505013105
v 0.425201898 0.433780030 0.508235850
v 0.412225825 0.418164135 0.491764221
v 0.425201906 0.433780038 0.491764226
v 0.411426161 0.445442829 0.494986972
v 0.537936795 0.606637815 0.518707146
v 0.519634913 0.612627933 0.512967316
v 0.525878353 0.620764311 0.514374734
v 0.538332094 0.616139610 0.514374734
v 0.532513587 0.593663315 0.523179767
v 0.511585534 0.600214295 0.516326860
v 0.550411573 0.621138587 0.514374737
v 0.556238670 0.600647705 0.514579137
v 0.547827054 0.582525000 0.516245783
v 0.532513587 0.593663315 0.523179767
v 0.564745234 0.619334744 0.512823195
v 0.563154497 0.630842637 0.510817971
v 0.555410528 0.633218044 0.514374740
v 0.482451585 0.603722767 0.500000049
v 0.509513115 0.601276577 0.500000052
v 0.511585534 0.600214295 0.516326860
v 0.496600757 0.601130178 0.522004497
v 0.483691885 0.602385938 0.521296213
v 0.457649866 0.597526038 0.518311052
v 0.456745930 0.601280894 0.500000049
v 0.445985597 0.600222651 0.500000051
v 0.442853970 0.597555580 0.516717431
v 0.508840955 0.599750437 0.531376658
v 0.439750716 0.589672536 0.523795214
v 0.457649866 0.597526038 0.518311052
v 0.464255562 0.588069422 0.523109358
v 0.483691885 0.602385938 0.521296213
v 0.484512651 0.593022878 0.528012954
v 0.508840955 0.599750437 0.531376658
v 0.504283027 0.591861005 0.534631710
v 0.529535285 0.593720258 0.538937425
v 0.521905804 0.582137805 0.537561399
v 0.442853970 0.597555580 0.516717431
v 0.451222746 0.576800321 0.515904051
v 0.534138403 0.568616452 0.538957847
v 0.536153030 0.589707929 0.538493239
v 0.547220858 0.581808870 0.540022674
v 0.556659623 0.569176165 0.541121427
v 0.549395297 0.552422433 0.540818597
v 0.477360107 0.581442475 0.526024935
v 0.493605050 0.579767788 0.531038766
v 0.490014446 0.574761885 0.515364327
v 0.477294934 0.576949384 0.512946305
v 0.459232535 0.578110983 0.517822826
v 0.500573163 0.569397259 0.516355188
v 0.508470015 0.572998137 0.533854796
v 0.509544905 0.561407445 0.516355188
v 0.519772891 0.562943207 0.534405769
v 0.519139102 0.549196739 0.516355188
v 0.540899274 0.538491509 0.532211361
v 0.463822361 0.575440977 0.509163397
v 0.484512651 0.593022878 0.528012954
v 0.504283027 0.591861005 0.534631710
v 0.521905804 0.582137805 0.537561399
v 0.534138403 0.568616452 0.538957847
v 0.549395297 0.552422433 0.540818597
v 0.464255562 0.588069422 0.523109358
v 0.451222746 0.576800321 0.515904051
v 0.459939329 0.579530329 0.508609727
v 0.459232535 0.578110983 0.517822826
v 0.550737972 0.573406116 0.531763383
v 0.556659623 0.569176165 0.541121427
v 0.547220858 0.581808870 0.540022674
v 0.547827054 0.582525000 0.516245783
v 0.552264785 0.575176871 0.500000051
v 0.551402369 0.578949685 0.500000046
v 0.547220858 0.581808870 0.540022674
v 0.532513587 0.593663315 0.523179767
v 0.563936372 0.630060762 0.500000057
v 0.567105728 0.616974235 0.500000067
v 0.564745234 0.619334744 0.512823195
v 0.563154497 0.630842637 0.510817971
v 0.556238670 0.600647705 0.514579137
v 0.557817303 0.599069086 0.500000050
v 0.547827054 0.582525000 0.516245783
v 0.551402369 0.578949685 0.500000046
v 0.555410535 0.633218051 0.500000057
v 0.563154497 0.630842637 0.510817971
v 0.555410528 0.633218044 0.514374740
v 0.509513115 0.601276577 0.500000052
v 0.519634913 0.612627933 0.500000049
v 0.519634913 0.612627933 0.512967316
v 0.511585534 0.600214295 0.516326860
v 0.525878353 0.620764311 0.514374734
v 0.525878361 0.620764318 0.500000063
v 0.490014446 0.574761885 0.515364327
v 0.490014449 0.574761889 0.500000048
v 0.477294927 0.576949405 0.500000056
v 0.477294934 0.576949384 0.512946305
v 0.463822361 0.575440977 0.509163397
v 0.463822365 0.575440981 0.500000048
v 0.500573170 0.569397266 0.500000048
v 0.500573163 0.569397259 0.516355188
v 0.459939329 0.579530329 0.508609727
v 0.459939331 0.579530331 0.500000048
v 0.451222746 0.576800321 0.515904051
v 0.452342296 0.577919872 0.500000049
v 0.459939335 0.579530335 0.491390372
v 0.463822369 0.575440984 0.490836701
v 0.477294927 0.576949405 0.500000056
v 0.477294944 0.576949393 0.487053793
v 0.490014449 0.574761889 0.484635771
v 0.490014449 0.574761889 0.500000048
v 0.500573170 0.569397266 0.500000048
v 0.500573174 0.569397270 0.483644904
v 0.451222752 0.576800328 0.484096044
v 0.452342296 0.577919872 0.500000049
v 0.509544909 0.561407449 0.500000047
v 0.500573163 0.569397259 0.516355188
v 0.509544905 0.561407445 0.516355188
v 0.519139127 0.549196735 0.500000046
v 0.519139102 0.549196739 0.516355188
v 0.500573174 0.569397270 0.483644904
v 0.509544912 0.561407452 0.483644902
v 0.519139127 0.549196735 0.500000046
v 0.519139124 0.549196732 0.483644901
v 0.442853970 0.597555580 0.516717431
v 0.451222746 0.576800321 0.515904051
v 0.452342296 0.577919872 0.500000049
v 0.445985597 0.600222651 0.500000051
v 0.439750716 0.589672536 0.523795214
v 0.519139102 0.549196739 0.516355188
v 0.552264785 0.575176871 0.500000051
v 0.519139127 0.549196735 0.500000046
v 0.542759833 0.559151814 0.530209093
v 0.550737972 0.573406116 0.531763383
v 0.549395297 0.552422433 0.540818597
v 0.556659623 0.569176165 0.541121427
v 0.540899274 0.538491509 0.532211361
v 0.549395297 0.552422433 0.540818597
v 0.683602712 0.620551014 0.576501933
v 0.663619653 0.606680709 0.571850503
v 0.663814335 0.605800461 0.574427838
v 0.637808985 0.597583440 0.569985497
v 0.638328296 0.598572619 0.564480988
v 0.617306183 0.598850257 0.557850339
v 0.616545411 0.597847797 0.564815476
v 0.605179098 0.601848543 0.561574722
v 0.606143670 0.602780187 0.554057266
v 0.623322364 0.588321584 0.560500122
v 0.599420988 0.592298469 0.552697770
v 0.610716411 0.595779194 0.561826042
v 0.605179098 0.601848543 0.561574722
v 0.593904471 0.597858421 0.550562797
v 0.589370891 0.607679167 0.556776825
v 0.582879858 0.603615097 0.546681573
v 0.565928159 0.610909738 0.549435592
v 0.565289467 0.605468310 0.541016653
v 0.549230565 0.607931918 0.544334396
v 0.553055083 0.602794675 0.536998264
v 0.545001726 0.595201704 0.535402120
v 0.535458962 0.601656875 0.540342064
v 0.547220858 0.581808870 0.540022674
v 0.536153030 0.589707929 0.538493239
v 0.529535285 0.593720258 0.538937425
v 0.526035015 0.608595306 0.533310234
v 0.535458962 0.601656875 0.540342064
v 0.529535285 0.593720258 0.538937425
v 0.508840955 0.599750437 0.531376658
v 0.527137319 0.610074740 0.528687660
v 0.496600757 0.601130178 0.522004497
v 0.545398495 0.617112955 0.538934051
v 0.549230565 0.607931918 0.544334396
v 0.546457364 0.618679962 0.534143633
v 0.565928159 0.610909738 0.549435592
v 0.568146633 0.621805509 0.545886180
v 0.589370891 0.607679167 0.556776825
v 0.595193510 0.622443337 0.554280076
v 0.605179098 0.601848543 0.561574722
v 0.620312832 0.618025889 0.562244200
v 0.616545411 0.597847797 0.564815476
v 0.636891485 0.615233993 0.566635090
v 0.637713934 0.616330268 0.562994004
v 0.621404672 0.619452215 0.557878616
v 0.637808985 0.597583440 0.569985497
v 0.663814335 0.605800461 0.574427838
v 0.659560515 0.618881288 0.571990751
v 0.683602712 0.620551014 0.576501933
v 0.596282738 0.623994399 0.549429253
v 0.569202099 0.623412196 0.540955319
v 0.659959575 0.619358949 0.569750931
v 0.611053706 0.596921589 0.556023021
v 0.610716411 0.595779194 0.561826042
v 0.605179098 0.601848543 0.561574722
v 0.606143670 0.602780187 0.554057266
v 0.623322364 0.588321584 0.560500122
v 0.663619653 0.606680709 0.571850503
v 0.683602712 0.620551014 0.576501933
v 0.665388769 0.605657834 0.570065788
v 0.641262234 0.597151840 0.560103457
v 0.638328296 0.598572619 0.564480988
v 0.617306183 0.598850257 0.557850339
v 0.620785452 0.597094986 0.551976682
v 0.609773176 0.601014671 0.547610084
v 0.606143670 0.602780187 0.554057266
v 0.599420988 0.592298469 0.552697770
v 0.623322364 0.588321584 0.560500122
v 0.614035616 0.595019337 0.551270800
v 0.609773176 0.601014671 0.547610084
v 0.593904471 0.597858421 0.550562797
v 0.594302740 0.606767989 0.541738160
v 0.582879858 0.603615097 0.546681573
v 0.571009923 0.609964257 0.533920189
v 0.565289467 0.605468310 0.541016653
v 0.554275421 0.606994852 0.528936343
v 0.553055083 0.602794675 0.536998264
v 0.545001726 0.595201704 0.535402120
v 0.543193024 0.597980817 0.525149452
v 0.547220858 0.581808870 0.540022674
v 0.532513587 0.593663315 0.523179767
v 0.528982271 0.608138440 0.524582608
v 0.511585534 0.600214295 0.516326860
v 0.532513587 0.593663315 0.523179767
v 0.543193024 0.597980817 0.525149452
v 0.527137319 0.610074740 0.528687660
v 0.496600757 0.601130178 0.522004497
v 0.548430009 0.616636823 0.529938530
v 0.554275421 0.606994852 0.528936343
v 0.546457364 0.618679962 0.534143633
v 0.571009923 0.609964257 0.533920189
v 0.571255891 0.621311559 0.536643370
v 0.594302740 0.606767989 0.541738160
v 0.598265458 0.621957912 0.545155763
v 0.609773176 0.601014671 0.547610084
v 0.623113970 0.617602470 0.553981171
v 0.620785452 0.597094986 0.551976682
v 0.639364781 0.614984490 0.559733238
v 0.637713934 0.616330268 0.562994004
v 0.621404672 0.619452215 0.557878616
v 0.641262234 0.597151840 0.560103457
v 0.665388769 0.605657834 0.570065788
v 0.661065545 0.618754561 0.567849416
v 0.683602712 0.620551014 0.576501933
v 0.596282738 0.623994399 0.549429253
v 0.569202099 0.623412196 0.540955319
v 0.659959575 0.619358949 0.569750931
v 0.611053706 0.596921589 0.556023021
v 0.606143670 0.602780187 0.554057266
v 0.609773176 0.601014671 0.547610084
v 0.614035616 0.595019337 0.551270800
v 0.623322364 0.588321584 0.560500122
v 0.722746849 0.687066606 0.540238611
v 0.729491666 0.707301114 0.535991924
v 0.758090513 0.707908313 0.535005471
v 0.750221067 0.692209959 0.540347667
v 0.698599680 0.713911433 0.533322212
v 0.693338738 0.694351193 0.539864777
v 0.669798621 0.705750096 0.538343603
v 0.768675631 0.703191729 0.537867543
v 0.779061456 0.713163488 0.531789272
v 0.670746502 0.718704042 0.526717545
v 0.641665779 0.712744869 0.530777955
v 0.638704277 0.717688813 0.517445247
v 0.610452310 0.708660933 0.525577722
v 0.609214352 0.711049657 0.512005376
v 0.581263124 0.698690009 0.513595504
v 0.585875788 0.695917658 0.524636666
v 0.564696976 0.683261076 0.516176752
v 0.569724337 0.678883778 0.524551675
v 0.553373609 0.666521379 0.517838928
v 0.558932361 0.664449491 0.526315215
v 0.548495586 0.653459152 0.519667116
v 0.557888873 0.650010908 0.527899275
v 0.551512077 0.638447104 0.521154488
v 0.560213235 0.639788008 0.529391834
v 0.559464316 0.629309166 0.525112706
v 0.563365885 0.632840980 0.527744927
v 0.569576756 0.627114992 0.525859714
v 0.669798621 0.705750096 0.538343603
v 0.669056778 0.693002218 0.537739831
v 0.646663358 0.698128324 0.532558156
v 0.641665779 0.712744869 0.530777955
v 0.615771277 0.690978601 0.528548601
v 0.610452310 0.708660933 0.525577722
v 0.596345747 0.682345047 0.525783746
v 0.585875788 0.695917658 0.524636666
v 0.569724337 0.678883778 0.524551675
v 0.579753082 0.668180531 0.525468467
v 0.558932361 0.664449491 0.526315215
v 0.569230914 0.654690583 0.527616680
v 0.557888873 0.650010908 0.527899275
v 0.567570372 0.645850054 0.529668147
v 0.560213235 0.639788008 0.529391834
v 0.567267431 0.636372801 0.529260291
v 0.563365885 0.632840980 0.527744927
v 0.569576756 0.627114992 0.525859714
v 0.693338738 0.694351193 0.539864777
v 0.673643386 0.688010938 0.538346462
v 0.678083231 0.682640019 0.534160529
v 0.704904284 0.685306695 0.536978471
v 0.537957818 0.644220046 0.520045984
v 0.529911456 0.640890136 0.520045968
v 0.525878361 0.644923232 0.514374740
v 0.537957825 0.649922194 0.514374741
v 0.546004186 0.640890144 0.520045959
v 0.550037282 0.644923239 0.514374742
v 0.549334103 0.632843760 0.520045983
v 0.555410528 0.633218044 0.514374740
v 0.520879398 0.632843768 0.514374736
v 0.526581546 0.632843746 0.520045967
v 0.525878353 0.620764311 0.514374734
v 0.529911442 0.624797399 0.520045967
v 0.546004194 0.624797399 0.520045967
v 0.555410528 0.633218044 0.514374740
v 0.550411573 0.621138587 0.514374737
v 0.537957818 0.621467475 0.520045967
v 0.538332094 0.616139610 0.514374734
v 0.525878353 0.620764311 0.514374734
v 0.537957818 0.644220046 0.520045984
v 0.546004186 0.640890144 0.520045959
v 0.549334103 0.632843760 0.520045983
v 0.546004194 0.624797399 0.520045967
v 0.529911456 0.640890136 0.520045968
v 0.537957818 0.621467475 0.520045967
v 0.526581546 0.632843746 0.520045967
v 0.529911442 0.624797399 0.520045967
v 0.523307694 0.650444571 0.514374740
v 0.537653758 0.657488860 0.513530452
v 0.537957825 0.649922194 0.514374741
v 0.525878361 0.644923232 0.514374740
v 0.514525315 0.641631050 0.513193704
v 0.519070777 0.635787921 0.514374737
v 0.547993609 0.653614204 0.514374744
v 0.552640415 0.667035685 0.513086330
v 0.502053866 0.636609828 0.500000052
v 0.503299551 0.642620434 0.510776194
v 0.490070360 0.643503719 0.506826192
v 0.489817177 0.639002123 0.500000057
v 0.475744745 0.644865627 0.500000057
v 0.520879398 0.632843768 0.514374736
v 0.519070777 0.635787921 0.514374737
v 0.525878361 0.644923232 0.514374740
v 0.510874003 0.620564090 0.514374733
v 0.519091199 0.613171647 0.514374733
v 0.525878353 0.620764311 0.514374734
v 0.502053866 0.636609828 0.500000052
v 0.502841127 0.628810175 0.500000050
v 0.497374019 0.608821822 0.514374736
v 0.496867385 0.616494620 0.514374737
v 0.494926351 0.620687707 0.500000054
v 0.481463280 0.617215082 0.500000052
v 0.503299551 0.642620434 0.510776194
v 0.505310523 0.652323540 0.500000055
v 0.514525315 0.641631050 0.513193704
v 0.516931541 0.658902871 0.500000058
v 0.523307694 0.650444571 0.514374740
v 0.490070360 0.643503719 0.506826192
v 0.491968267 0.648147927 0.500000053
v 0.475744745 0.644865627 0.500000057
v 0.523145420 0.661956028 0.505475197
v 0.537653758 0.657488860 0.513530452
v 0.531017068 0.666666926 0.508655255
v 0.552640415 0.667035685 0.513086330
v 0.547859616 0.675140321 0.508655260
v 0.563150144 0.683030145 0.511874911
v 0.563049956 0.682974417 0.508955654
v 0.564696976 0.683261076 0.516176752
v 0.553373609 0.666521379 0.517838928
v 0.552640415 0.667035685 0.513086330
v 0.563150144 0.683030145 0.511874911
v 0.581263124 0.698690009 0.513595504
v 0.580420706 0.699163141 0.510043248
v 0.609214352 0.711049657 0.512005376
v 0.609011328 0.711476793 0.508928506
v 0.638704277 0.717688813 0.517445247
v 0.637604219 0.717854168 0.512473594
v 0.670746502 0.718704042 0.526717545
v 0.670091449 0.718925183 0.521642716
v 0.698599680 0.713911433 0.533322212
v 0.698751797 0.714576971 0.529242291
v 0.729491666 0.707301114 0.535991924
v 0.729564567 0.707980512 0.530819526
v 0.758090513 0.707908313 0.535005471
v 0.757997833 0.708560643 0.530229812
v 0.779061456 0.713163488 0.531789272
v 0.781290529 0.714380537 0.529340285
v 0.547993609 0.653614204 0.514374744
v 0.550037282 0.644923239 0.514374742
v 0.537957825 0.649922194 0.514374741
v 0.497234809 0.608377278 0.500000052
v 0.497374019 0.608821822 0.514374736
v 0.519091199 0.613171647 0.514374733
v 0.519634913 0.612627933 0.500000049
v 0.481463280 0.617215082 0.500000052
v 0.525878361 0.620764318 0.500000063
v 0.519091199 0.613171647 0.514374733
v 0.525878353 0.620764311 0.514374734
v 0.538332101 0.616139617 0.500000052
v 0.538332094 0.616139610 0.514374734
v 0.550411573 0.621138587 0.500000054
v 0.550411573 0.621138587 0.514374737
v 0.555410535 0.633218051 0.500000057
v 0.555410528 0.633218044 0.514374740
v 0.781290529 0.714380537 0.529340285
v 0.769135603 0.702710098 0.530189566
v 0.768675631 0.703191729 0.537867543
v 0.779061456 0.713163488 0.531789272
v 0.750221067 0.692209959 0.540347667
v 0.750486690 0.691592114 0.531228820
v 0.722746849 0.687066606 0.540238611
v 0.722716907 0.686374455 0.531222771
v 0.693338738 0.694351193 0.539864777
v 0.695513163 0.693580827 0.530873225
v 0.704904284 0.685306695 0.536978471
v 0.563909840 0.649510585 0.513300886
v 0.563606900 0.640033333 0.516522773
v 0.567267431 0.636372801 0.529260291
v 0.567570372 0.645850054 0.529668147
v 0.565570368 0.658351130 0.511473506
v 0.569230914 0.654690583 0.527616680
v 0.575988895 0.670930580 0.510456684
v 0.579753082 0.668180531 0.525468467
v 0.592993476 0.685486172 0.510762040
v 0.596345747 0.682345047 0.525783746
v 0.612266412 0.694050140 0.512645862
v 0.615771277 0.690978601 0.528548601
v 0.646625945 0.697491381 0.522981675
v 0.646663358 0.698128324 0.532558156
v 0.668656767 0.692370704 0.528395056
v 0.669056778 0.693002218 0.537739831
v 0.569576756 0.627114992 0.525859714
v 0.673103886 0.687519206 0.529452572
v 0.673643386 0.688010938 0.538346462
v 0.678083231 0.682640019 0.534160529
v 0.569576756 0.627114992 0.525859714
v 0.559464316 0.629309166 0.522046534
v 0.559464316 0.629309166 0.525112706
v 0.550037282 0.644923239 0.514374742
v 0.547993609 0.653614204 0.514374744
v 0.548495586 0.653459152 0.519667116
v 0.551512077 0.638447104 0.521154488
v 0.551512077 0.638447104 0.517569776
v 0.559464316 0.629309166 0.522046534
v 0.559464316 0.629309166 0.525112706
v 0.580420706 0.699163141 0.510043248
v 0.563150144 0.683030145 0.511874911
v 0.575988895 0.670930580 0.510456684
v 0.592993476 0.685486172 0.510762040
v 0.609011328 0.711476793 0.508928506
v 0.612266412 0.694050140 0.512645862
v 0.637604219 0.717854168 0.512473594
v 0.646625945 0.697491381 0.522981675
v 0.670091449 0.718925183 0.521642716
v 0.668656767 0.692370704 0.528395056
v 0.695513163 0.693580827 0.530873225
v 0.673103886 0.687519206 0.529452572
v 0.678083231 0.682640019 0.534160529
v 0.704904284 0.685306695 0.536978471
v 0.698751797 0.714576971 0.529242291
v 0.722716907 0.686374455 0.531222771
v 0.729564567 0.707980512 0.530819526
v 0.750486690 0.691592114 0.531228820
v 0.757997833 0.708560643 0.530229812
v 0.769135603 0.702710098 0.530189566
v 0.781290529 0.714380537 0.529340285
v 0.550037282 0.644923239 0.514374742
v 0.551512077 0.638447104 0.517569776
v 0.563909840 0.649510585 0.513300886
v 0.563606900 0.640033333 0.516522773
v 0.559464316 0.629309166 0.522046534
v 0.569576756 0.627114992 0.525859714
v 0.565570368 0.658351130 0.511473506
v 0.564947409 0.679610928 0.511652319
v 0.550037289 0.644923246 0.500000058
v 0.555410535 0.633218051 0.500000057
v 0.555410528 0.633218044 0.514374740
v 0.550037282 0.644923239 0.514374742
v 0.565770450 0.679162879 0.500000054
v 0.564947409 0.679610928 0.511652319
v 0.563150144 0.683030145 0.511874911
v 0.563049956 0.682974417 0.508955654
v 0.564947409 0.679610928 0.511652319
v 0.565770450 0.679162879 0.500000054
v 0.550037289 0.644923246 0.500000058
v 0.550037282 0.644923239 0.514374742
v 0.804654335 0.850114826 0.521754034
v 0.746669870 0.830564823 0.518270061
v 0.766964160 0.853884026 0.500000048
v 0.818584692 0.879798080 0.500000059
v 0.677930316 0.817076287 0.500000081
v 0.675987167 0.807343539 0.515015765
v 0.750489756 0.812432145 0.535114879
v 0.728190560 0.802420625 0.536540077
v 0.679868503 0.791786247 0.530031498
v 0.629431885 0.787208984 0.512106193
v 0.629592937 0.795479516 0.500000072
v 0.589058577 0.777353438 0.500000064
v 0.592894225 0.771004996 0.511605170
v 0.555713849 0.750167972 0.510385137
v 0.552070659 0.757636199 0.500000056
v 0.525665268 0.739417704 0.500000062
v 0.529716233 0.733035998 0.510639921
v 0.677930316 0.817076287 0.500000081
v 0.499942370 0.720353572 0.500000055
v 0.505017300 0.715763497 0.512396780
v 0.474017195 0.685467074 0.515784888
v 0.468007840 0.688995640 0.500000058
v 0.629270847 0.778938496 0.524212316
v 0.596729916 0.764656568 0.519742255
v 0.559357053 0.742699672 0.517302193
v 0.535790337 0.723164076 0.517785001
v 0.511558339 0.709707253 0.520317870
v 0.493500436 0.690415109 0.521414277
v 0.451043255 0.671966019 0.500000059
v 0.462251654 0.668390982 0.516812330
v 0.430685360 0.656936062 0.500000054
v 0.486737333 0.679329076 0.520531884
v 0.746669870 0.830564823 0.481730069
v 0.766964160 0.853884026 0.500000048
v 0.804654335 0.850114826 0.478246070
v 0.818584692 0.879798080 0.500000059
v 0.750489771 0.812432130 0.464885273
v 0.841897931 0.882536399 0.489123071
v 0.728190560 0.802420625 0.463460073
v 0.675987152 0.807343524 0.484984369
v 0.679868503 0.791786247 0.469968657
v 0.629431885 0.787208984 0.487893946
v 0.629592937 0.795479516 0.500000072
v 0.589058577 0.777353438 0.500000064
v 0.592894239 0.771005010 0.488394954
v 0.555713863 0.750167987 0.489614971
v 0.552070659 0.757636199 0.500000056
v 0.525665268 0.739417704 0.500000062
v 0.529716233 0.733035998 0.489360200
v 0.499942370 0.720353572 0.500000055
v 0.505017293 0.715763489 0.487603331
v 0.474017202 0.685467082 0.484215234
v 0.468007840 0.688995640 0.500000058
v 0.629270847 0.778938496 0.475787821
v 0.596729916 0.764656568 0.480257868
v 0.559357053 0.742699672 0.482697925
v 0.535790352 0.723164091 0.482215129
v 0.511558339 0.709707253 0.479682242
v 0.493500436 0.690415109 0.478585832
v 0.451043255 0.671966019 0.500000059
v 0.462251662 0.668390989 0.483187783
v 0.430685360 0.656936062 0.500000054
v 0.486737333 0.679329076 0.479468227
v 0.841897931 0.882536399 0.510877054
v 0.865010650 0.908973963 0.500000070
v 0.680791879 0.769127775 0.549745192
v 0.655453779 0.761845347 0.545698211
v 0.679868503 0.791786247 0.530031498
v 0.629270847 0.778938496 0.524212316
v 0.627169032 0.758900631 0.535726410
v 0.596729916 0.764656568 0.519742255
v 0.599929506 0.752506866 0.529879425
v 0.559357053 0.742699672 0.517302193
v 0.567633761 0.736163440 0.527020305
v 0.552209833 0.726074621 0.524161183
v 0.535790337 0.723164076 0.517785001
v 0.701325003 0.780584287 0.546067029
v 0.493846709 0.675920549 0.510265971
v 0.486737333 0.679329076 0.520531884
v 0.493500436 0.690415109 0.521414277
v 0.498019651 0.681432281 0.510265972
v 0.536091200 0.693117405 0.513647144
v 0.511558339 0.709707253 0.520317870
v 0.535790337 0.723164076 0.517785001
v 0.551494091 0.705706236 0.513025569
v 0.552209833 0.726074621 0.524161183
v 0.566054893 0.711688349 0.500000061
v 0.579018535 0.725835245 0.500000053
v 0.567633761 0.736163440 0.527020305
v 0.597319977 0.736213300 0.500000057
v 0.599929506 0.752506866 0.529879425
v 0.625203390 0.742039628 0.500000061
v 0.627169032 0.758900631 0.535726410
v 0.542392366 0.686334400 0.508873872
v 0.523665887 0.681180093 0.506166676
v 0.528818101 0.675525434 0.506106154
v 0.561194219 0.701512996 0.500000058
v 0.564947957 0.696578901 0.500000058
v 0.563049956 0.682974417 0.508955654
v 0.547859616 0.675140321 0.508655260
v 0.531017068 0.666666926 0.508655255
v 0.575931513 0.694716652 0.500000059
v 0.652075546 0.758691783 0.538048948
v 0.655453779 0.761845347 0.545698211
v 0.677243477 0.765353271 0.539391299
v 0.680791879 0.769127775 0.549745192
v 0.697801348 0.776405945 0.534494277
v 0.701325003 0.780584287 0.546067029
v 0.733603012 0.802758637 0.524371312
v 0.728190560 0.802420625 0.536540077
v 0.750489756 0.812432145 0.535114879
v 0.799050047 0.845140508 0.511459809
v 0.793169673 0.845250047 0.500000050
v 0.731554246 0.800643255 0.500000059
v 0.839253082 0.880169180 0.500000061
v 0.804654335 0.850114826 0.521754034
v 0.841897931 0.882536399 0.510877054
v 0.865010650 0.908973963 0.500000070
v 0.652540688 0.758226641 0.500000067
v 0.652540688 0.758226641 0.500000067
v 0.652075546 0.758691783 0.461951187
v 0.677243506 0.765353300 0.460608851
v 0.655453779 0.761845347 0.454301928
v 0.680791879 0.769127775 0.450254948
v 0.627169032 0.758900631 0.464273720
v 0.697801348 0.776405945 0.465505848
v 0.701324960 0.780584243 0.453933101
v 0.733603012 0.802758637 0.475628830
v 0.728190560 0.802420625 0.463460073
v 0.750489771 0.812432130 0.464885273
v 0.799050076 0.845140538 0.488540337
v 0.793169673 0.845250047 0.500000050
v 0.731554246 0.800643255 0.500000059
v 0.839253082 0.880169180 0.500000061
v 0.804654335 0.850114826 0.478246070
v 0.841897931 0.882536399 0.489123071
v 0.865010650 0.908973963 0.500000070
v 0.625203390 0.742039628 0.500000061
v 0.599929506 0.752506866 0.470120697
v 0.597319977 0.736213300 0.500000057
v 0.567633746 0.736163425 0.472979829
v 0.579018535 0.725835245 0.500000053
v 0.552209818 0.726074606 0.475838938
v 0.566054893 0.711688349 0.500000061
v 0.551494091 0.705706236 0.486974547
v 0.535790352 0.723164091 0.482215129
v 0.536091207 0.693117413 0.486352975
v 0.511558339 0.709707253 0.479682242
v 0.493500436 0.690415109 0.478585832
v 0.542392366 0.686334400 0.491126247
v 0.523665887 0.681180093 0.493833436
v 0.528818101 0.675525434 0.493893957
v 0.561194219 0.701512996 0.500000058
v 0.564947957 0.696578901 0.500000058
v 0.563049956 0.682974417 0.491044455
v 0.547859616 0.675140321 0.491344858
v 0.531017068 0.666666926 0.491344854
v 0.575931513 0.694716652 0.500000059
v 0.498019659 0.681432289 0.489734147
v 0.493846709 0.675920549 0.489734145
v 0.486737333 0.679329076 0.479468227
v 0.500602882 0.676525801 0.500000059
v 0.520576136 0.678335411 0.500000062
v 0.525408273 0.672746145 0.500000061
v 0.523665887 0.681180093 0.493833436
v 0.523145420 0.661956028 0.494524920
v 0.516931541 0.658902871 0.500000058
v 0.523145420 0.661956028 0.505475197
v 0.516931541 0.658902871 0.500000058
v 0.525408273 0.672746145 0.500000061
v 0.520576136 0.678335411 0.500000062
v 0.523665887 0.681180093 0.506166676
v 0.500602882 0.676525801 0.500000059
v 0.486737333 0.679329076 0.520531884
v 0.466060923 0.659652199 0.500000058
v 0.462251654 0.668390982 0.516812330
v 0.430685360 0.656936062 0.500000054
v 0.493846709 0.675920549 0.510265971
v 0.493686564 0.669570819 0.500000057
v 0.500602882 0.676525801 0.500000059
v 0.565770450 0.679162879 0.500000054
v 0.563049956 0.682974417 0.508955654
v 0.575931513 0.694716652 0.500000059
v 0.537936795 0.606637815 0.481292944
v 0.538332101 0.616139617 0.485625368
v 0.525878361 0.620764318 0.485625373
v 0.519634913 0.612627933 0.487032784
v 0.532513595 0.593663322 0.476820334
v 0.511585548 0.600214309 0.483673239
v 0.550411573 0.621138587 0.485625370
v 0.556238677 0.600647712 0.485420964
v 0.547827062 0.582525008 0.483754310
v 0.532513595 0.593663322 0.476820334
v 0.564745226 0.619334737 0.487176914
v 0.563154497 0.630842637 0.489182132
v 0.555410535 0.633218051 0.485625373
v 0.509513115 0.601276577 0.500000052
v 0.482451585 0.603722767 0.500000049
v 0.511585548 0.600214309 0.483673239
v 0.496600771 0.601130192 0.477995607
v 0.483691899 0.602385953 0.478703884
v 0.457649875 0.597526047 0.481689051
v 0.456745930 0.601280894 0.500000049
v 0.445985597 0.600222651 0.500000051
v 0.442853977 0.597555587 0.483282669
v 0.508840969 0.599750452 0.468623442
v 0.457649875 0.597526047 0.481689051
v 0.439750726 0.589672546 0.476204884
v 0.464255571 0.588069431 0.476890735
v 0.483691899 0.602385953 0.478703884
v 0.484512658 0.593022886 0.471987149
v 0.508840969 0.599750452 0.468623442
v 0.504283035 0.591861012 0.465368388
v 0.529535314 0.593720287 0.461062679
v 0.521905823 0.582137824 0.462438700
v 0.442853977 0.597555587 0.483282669
v 0.451222752 0.576800328 0.484096044
v 0.534138422 0.568616470 0.461042249
v 0.536153060 0.589707943 0.461506864
v 0.547220895 0.581808878 0.459977422
v 0.556659645 0.569176187 0.458878676
v 0.549395305 0.552422441 0.459181501
v 0.477360120 0.581442488 0.473975166
v 0.477294944 0.576949393 0.487053793
v 0.490014449 0.574761889 0.484635771
v 0.493605058 0.579767795 0.468961335
v 0.459232544 0.578110992 0.482177271
v 0.500573174 0.569397270 0.483644904
v 0.508470030 0.572998151 0.466145305
v 0.509544912 0.561407452 0.483644902
v 0.519772902 0.562943218 0.465594332
v 0.519139124 0.549196732 0.483644901
v 0.540899281 0.538491516 0.467788734
v 0.463822369 0.575440984 0.490836701
v 0.484512658 0.593022886 0.471987149
v 0.504283035 0.591861012 0.465368388
v 0.521905823 0.582137824 0.462438700
v 0.534138422 0.568616470 0.461042249
v 0.549395305 0.552422441 0.459181501
v 0.464255571 0.588069431 0.476890735
v 0.451222752 0.576800328 0.484096044
v 0.459939335 0.579530335 0.491390372
v 0.459232544 0.578110992 0.482177271
v 0.556659645 0.569176187 0.458878676
v 0.550737994 0.573406138 0.468236715
v 0.547220895 0.581808878 0.459977422
v 0.547827062 0.582525008 0.483754310
v 0.552264785 0.575176871 0.500000051
v 0.551402369 0.578949685 0.500000046
v 0.532513595 0.593663322 0.476820334
v 0.547220895 0.581808878 0.459977422
v 0.563936372 0.630060762 0.500000057
v 0.563154497 0.630842637 0.489182132
v 0.564745226 0.619334737 0.487176914
v 0.567105728 0.616974235 0.500000067
v 0.556238677 0.600647712 0.485420964
v 0.557817303 0.599069086 0.500000050
v 0.547827062 0.582525008 0.483754310
v 0.551402369 0.578949685 0.500000046
v 0.555410535 0.633218051 0.500000057
v 0.563154497 0.630842637 0.489182132
v 0.555410535 0.633218051 0.485625373
v 0.509513115 0.601276577 0.500000052
v 0.511585548 0.600214309 0.483673239
v 0.519634913 0.612627933 0.487032784
v 0.519634913 0.612627933 0.500000049
v 0.525878361 0.620764318 0.485625373
v 0.525878361 0.620764318 0.500000063
v 0.442853977 0.597555587 0.483282669
v 0.445985597 0.600222651 0.500000051
v 0.452342296 0.577919872 0.500000049
v 0.451222752 0.576800328 0.484096044
v 0.439750726 0.589672546 0.476204884
v 0.552264785 0.575176871 0.500000051
v 0.519139124 0.549196732 0.483644901
v 0.519139127 0.549196735 0.500000046
v 0.542759844 0.559151825 0.469791006
v 0.550737994 0.573406138 0.468236715
v 0.549395305 0.552422441 0.459181501
v 0.556659645 0.569176187 0.458878676
v 0.540899281 0.538491516 0.467788734
v 0.549395305 0.552422441 0.459181501
v 0.663619690 0.606680731 0.428149611
v 0.683602771 0.620551072 0.423498176
v 0.663814386 0.605800498 0.425572255
v 0.637809029 0.597583469 0.430014596
v 0.638328318 0.598572627 0.435519116
v 0.617306212 0.598850272 0.442149759
v 0.616545418 0.597847804 0.435184618
v 0.605179142 0.601848572 0.438425391
v 0.606143714 0.602780216 0.445942848
v 0.599421024 0.592298491 0.447302338
v 0.623322394 0.588321599 0.439499972
v 0.610716448 0.595779216 0.438174072
v 0.605179142 0.601848572 0.438425391
v 0.593904493 0.597858443 0.449437301
v 0.589370943 0.607679189 0.443223278
v 0.582879873 0.603615112 0.453318531
v 0.565928195 0.610909774 0.450564517
v 0.565289489 0.605468332 0.458983456
v 0.549230594 0.607931918 0.455665702
v 0.553055126 0.602794690 0.463001837
v 0.545001748 0.595201726 0.464597978
v 0.535459006 0.601656890 0.459658035
v 0.547220895 0.581808878 0.459977422
v 0.536153060 0.589707943 0.461506864
v 0.529535314 0.593720287 0.461062679
v 0.526035052 0.608595313 0.466689890
v 0.508840969 0.599750452 0.468623442
v 0.529535314 0.593720287 0.461062679
v 0.535459006 0.601656890 0.459658035
v 0.527137327 0.610074747 0.471312452
v 0.496600771 0.601130192 0.477995607
v 0.545398532 0.617112962 0.461066050
v 0.549230594 0.607931918 0.455665702
v 0.546457393 0.618679991 0.465856476
v 0.565928195 0.610909774 0.450564517
v 0.568146662 0.621805509 0.454113924
v 0.589370943 0.607679189 0.443223278
v 0.595193539 0.622443366 0.445720048
v 0.605179142 0.601848572 0.438425391
v 0.620312883 0.618025926 0.437755904
v 0.616545418 0.597847804 0.435184618
v 0.636891536 0.615234030 0.433365003
v 0.637713919 0.616330253 0.437006094
v 0.621404694 0.619452222 0.442121477
v 0.637809029 0.597583469 0.430014596
v 0.663814386 0.605800498 0.425572255
v 0.659560552 0.618881310 0.428009352
v 0.683602771 0.620551072 0.423498176
v 0.596282760 0.623994421 0.450570855
v 0.569202114 0.623412211 0.459044794
v 0.659959626 0.619358986 0.430249173
v 0.611053728 0.596921611 0.443977088
v 0.606143714 0.602780216 0.445942848
v 0.605179142 0.601848572 0.438425391
v 0.610716448 0.595779216 0.438174072
v 0.623322394 0.588321599 0.439499972
v 0.683602771 0.620551072 0.423498176
v 0.663619690 0.606680731 0.428149611
v 0.665388834 0.605657885 0.429934321
v 0.641262278 0.597151870 0.439896651
v 0.638328318 0.598572627 0.435519116
v 0.617306212 0.598850272 0.442149759
v 0.620785489 0.597095008 0.448023421
v 0.609773206 0.601014701 0.452390019
v 0.606143714 0.602780216 0.445942848
v 0.623322394 0.588321599 0.439499972
v 0.599421024 0.592298491 0.447302338
v 0.614035652 0.595019373 0.448729303
v 0.609773206 0.601014701 0.452390019
v 0.593904493 0.597858443 0.449437301
v 0.594302777 0.606768011 0.458261949
v 0.582879873 0.603615112 0.453318531
v 0.571009967 0.609964271 0.466079918
v 0.565289489 0.605468332 0.458983456
v 0.554275428 0.606994860 0.471063758
v 0.553055126 0.602794690 0.463001837
v 0.545001748 0.595201726 0.464597978
v 0.543193031 0.597980824 0.474850649
v 0.547220895 0.581808878 0.459977422
v 0.532513595 0.593663322 0.476820334
v 0.528982271 0.608138440 0.475417496
v 0.543193031 0.597980824 0.474850649
v 0.532513595 0.593663322 0.476820334
v 0.511585548 0.600214309 0.483673239
v 0.527137327 0.610074747 0.471312452
v 0.496600771 0.601130192 0.477995607
v 0.548430016 0.616636830 0.470061573
v 0.554275428 0.606994860 0.471063758
v 0.546457393 0.618679991 0.465856476
v 0.571009967 0.609964271 0.466079918
v 0.571255913 0.621311581 0.463356747
v 0.594302777 0.606768011 0.458261949
v 0.598265488 0.621957941 0.454844356
v 0.609773206 0.601014701 0.452390019
v 0.623113992 0.617602492 0.446018928
v 0.620785489 0.597095008 0.448023421
v 0.639364818 0.614984512 0.440266881
v 0.637713919 0.616330253 0.437006094
v 0.621404694 0.619452222 0.442121477
v 0.641262278 0.597151870 0.439896651
v 0.665388834 0.605657885 0.429934321
v 0.661065611 0.618754612 0.432150703
v 0.683602771 0.620551072 0.423498176
v 0.596282760 0.623994421 0.450570855
v 0.569202114 0.623412211 0.459044794
v 0.659959626 0.619358986 0.430249173
v 0.611053728 0.596921611 0.443977088
v 0.614035652 0.595019373 0.448729303
v 0.609773206 0.601014701 0.452390019
v 0.606143714 0.602780216 0.445942848
v 0.623322394 0.588321599 0.439499972
v 0.722746886 0.687066628 0.459761511
v 0.750221082 0.692209974 0.459652465
v 0.758090520 0.707908305 0.464994648
v 0.729491666 0.707301114 0.464008208
v 0.698599650 0.713911404 0.466677910
v 0.693338760 0.694351200 0.460135360
v 0.669798628 0.705750089 0.461656514
v 0.768675645 0.703191715 0.462132569
v 0.779061456 0.713163488 0.468210847
v 0.670746517 0.718704057 0.473282577
v 0.641665793 0.712744884 0.469222159
v 0.638704277 0.717688813 0.482554894
v 0.610452325 0.708660948 0.474422392
v 0.609214352 0.711049657 0.487994730
v 0.581263124 0.698690009 0.486404618
v 0.585875802 0.695917672 0.475363432
v 0.564696976 0.683261076 0.483823360
v 0.569724337 0.678883778 0.475448449
v 0.553373616 0.666521386 0.482161174
v 0.558932368 0.664449498 0.473684899
v 0.548495593 0.653459160 0.480332989
v 0.557888880 0.650010916 0.472100834
v 0.551512091 0.638447119 0.478845613
v 0.560213235 0.639788008 0.470608283
v 0.559464324 0.629309173 0.474887390
v 0.563365899 0.632840994 0.472255174
v 0.569576770 0.627115007 0.474140403
v 0.669798628 0.705750089 0.461656514
v 0.641665793 0.712744884 0.469222159
v 0.646663373 0.698128339 0.467441953
v 0.669056778 0.693002218 0.462260280
v 0.615771277 0.690978601 0.471451525
v 0.610452325 0.708660948 0.474422392
v 0.596345732 0.682345032 0.474216381
v 0.585875802 0.695917672 0.475363432
v 0.569724337 0.678883778 0.475448449
v 0.579753097 0.668180546 0.474531639
v 0.558932368 0.664449498 0.473684899
v 0.569230922 0.654690591 0.472383446
v 0.557888880 0.650010916 0.472100834
v 0.567570379 0.645850061 0.470331967
v 0.560213235 0.639788008 0.470608283
v 0.567267431 0.636372801 0.470739812
v 0.563365899 0.632840994 0.472255174
v 0.569576770 0.627115007 0.474140403
v 0.693338760 0.694351200 0.460135360
v 0.678083246 0.682640034 0.465839582
v 0.704904314 0.685306725 0.463021641
v 0.673643400 0.688010953 0.461653645
v 0.537957832 0.644220061 0.479954142
v 0.537957825 0.649922194 0.485625374
v 0.525878368 0.644923239 0.485625373
v 0.529911456 0.640890136 0.479954140
v 0.546004194 0.640890151 0.479954143
v 0.550037282 0.644923239 0.485625375
v 0.549334111 0.632843768 0.479954142
v 0.555410535 0.633218051 0.485625373
v 0.520879406 0.632843775 0.485625369
v 0.526581546 0.632843746 0.479954139
v 0.525878361 0.620764318 0.485625373
v 0.529911434 0.624797392 0.479954139
v 0.546004194 0.624797399 0.479954140
v 0.555410535 0.633218051 0.485625373
v 0.550411573 0.621138587 0.485625370
v 0.537957818 0.621467475 0.479954139
v 0.538332101 0.616139617 0.485625368
v 0.525878361 0.620764318 0.485625373
v 0.549334111 0.632843768 0.479954142
v 0.546004194 0.640890151 0.479954143
v 0.537957832 0.644220061 0.479954142
v 0.529911456 0.640890136 0.479954140
v 0.546004194 0.624797399 0.479954140
v 0.526581546 0.632843746 0.479954139
v 0.537957818 0.621467475 0.479954139
v 0.529911434 0.624797392 0.479954139
v 0.523307701 0.650444579 0.485625373
v 0.525878368 0.644923239 0.485625373
v 0.537957825 0.649922194 0.485625374
v 0.537653758 0.657488860 0.486469654
v 0.514525322 0.641631057 0.486806403
v 0.519070784 0.635787928 0.485625370
v 0.547993609 0.653614204 0.485625377
v 0.552640408 0.667035678 0.486913785
v 0.502053866 0.636609828 0.500000052
v 0.503299551 0.642620434 0.489223905
v 0.490070360 0.643503719 0.493173918
v 0.489817177 0.639002123 0.500000057
v 0.475744745 0.644865627 0.500000057
v 0.519070784 0.635787928 0.485625370
v 0.520879406 0.632843775 0.485625369
v 0.525878368 0.644923239 0.485625373
v 0.510874003 0.620564090 0.485625366
v 0.519091199 0.613171647 0.485625366
v 0.525878361 0.620764318 0.485625373
v 0.502053866 0.636609828 0.500000052
v 0.502841127 0.628810175 0.500000050
v 0.497374019 0.608821822 0.485625368
v 0.496867385 0.616494620 0.485625370
v 0.494926351 0.620687707 0.500000054
v 0.481463280 0.617215082 0.500000052
v 0.505310523 0.652323540 0.500000055
v 0.503299551 0.642620434 0.489223905
v 0.514525322 0.641631057 0.486806403
v 0.516931541 0.658902871 0.500000058
v 0.523307701 0.650444579 0.485625373
v 0.490070360 0.643503719 0.493173918
v 0.491968267 0.648147927 0.500000053
v 0.475744745 0.644865627 0.500000057
v 0.523145420 0.661956028 0.494524920
v 0.537653758 0.657488860 0.486469654
v 0.531017068 0.666666926 0.491344854
v 0.552640408 0.667035678 0.486913785
v 0.547859616 0.675140321 0.491344858
v 0.563150129 0.683030130 0.488125198
v 0.563049956 0.682974417 0.491044455
v 0.564696976 0.683261076 0.483823360
v 0.563150129 0.683030130 0.488125198
v 0.552640408 0.667035678 0.486913785
v 0.553373616 0.666521386 0.482161174
v 0.581263124 0.698690009 0.486404618
v 0.580420706 0.699163141 0.489956872
v 0.609214352 0.711049657 0.487994730
v 0.609011328 0.711476793 0.491071600
v 0.638704277 0.717688813 0.482554894
v 0.637604219 0.717854168 0.487526521
v 0.670746517 0.718704057 0.473282577
v 0.670091449 0.718925183 0.478357408
v 0.698599650 0.713911404 0.466677910
v 0.698751797 0.714576971 0.470757831
v 0.729491666 0.707301114 0.464008208
v 0.729564553 0.707980497 0.469180578
v 0.758090520 0.707908305 0.464994648
v 0.757997818 0.708560629 0.469770328
v 0.779061456 0.713163488 0.468210847
v 0.781290529 0.714380537 0.470659834
v 0.550037282 0.644923239 0.485625375
v 0.547993609 0.653614204 0.485625377
v 0.537957825 0.649922194 0.485625374
v 0.497234809 0.608377278 0.500000052
v 0.519634913 0.612627933 0.500000049
v 0.519091199 0.613171647 0.485625366
v 0.497374019 0.608821822 0.485625368
v 0.481463280 0.617215082 0.500000052
v 0.525878361 0.620764318 0.500000063
v 0.519091199 0.613171647 0.485625366
v 0.525878361 0.620764318 0.485625373
v 0.538332101 0.616139617 0.500000052
v 0.538332101 0.616139617 0.485625368
v 0.550411573 0.621138587 0.500000054
v 0.550411573 0.621138587 0.485625370
v 0.555410535 0.633218051 0.500000057
v 0.555410535 0.633218051 0.485625373
v 0.781290529 0.714380537 0.470659834
v 0.779061456 0.713163488 0.468210847
v 0.768675645 0.703191715 0.462132569
v 0.769135603 0.702710098 0.469810543
v 0.750221082 0.692209974 0.459652465
v 0.750486698 0.691592107 0.468771286
v 0.722746886 0.687066628 0.459761511
v 0.722716929 0.686374462 0.468777350
v 0.693338760 0.694351200 0.460135360
v 0.695513192 0.693580857 0.469126892
v 0.704904314 0.685306725 0.463021641
v 0.563909847 0.649510593 0.486699222
v 0.567570379 0.645850061 0.470331967
v 0.567267431 0.636372801 0.470739812
v 0.563606900 0.640033333 0.483477331
v 0.565570375 0.658351137 0.488526608
v 0.569230922 0.654690591 0.472383446
v 0.575988895 0.670930580 0.489543434
v 0.579753097 0.668180546 0.474531639
v 0.592993490 0.685486187 0.489238078
v 0.596345732 0.682345032 0.474216381
v 0.612266412 0.694050140 0.487354251
v 0.615771277 0.690978601 0.471451525
v 0.646625931 0.697491367 0.477018433
v 0.646663373 0.698128339 0.467441953
v 0.668656782 0.692370719 0.471605053
v 0.669056778 0.693002218 0.462260280
v 0.569576770 0.627115007 0.474140403
v 0.673103872 0.687519191 0.470547560
v 0.673643400 0.688010953 0.461653645
v 0.678083246 0.682640034 0.465839582
v 0.559464309 0.629309158 0.477953575
v 0.569576770 0.627115007 0.474140403
v 0.559464324 0.629309173 0.474887390
v 0.548495593 0.653459160 0.480332989
v 0.547993609 0.653614204 0.485625377
v 0.550037282 0.644923239 0.485625375
v 0.551512091 0.638447119 0.478845613
v 0.551512084 0.638447111 0.482430337
v 0.559464309 0.629309158 0.477953575
v 0.559464324 0.629309173 0.474887390
v 0.580420706 0.699163141 0.489956872
v 0.592993490 0.685486187 0.489238078
v 0.575988895 0.670930580 0.489543434
v 0.563150129 0.683030130 0.488125198
v 0.609011328 0.711476793 0.491071600
v 0.612266412 0.694050140 0.487354251
v 0.637604219 0.717854168 0.487526521
v 0.646625931 0.697491367 0.477018433
v 0.670091449 0.718925183 0.478357408
v 0.668656782 0.692370719 0.471605053
v 0.695513192 0.693580857 0.469126892
v 0.673103872 0.687519191 0.470547560
v 0.678083246 0.682640034 0.465839582
v 0.704904314 0.685306725 0.463021641
v 0.698751797 0.714576971 0.470757831
v 0.722716929 0.686374462 0.468777350
v 0.729564553 0.707980497 0.469180578
v 0.750486698 0.691592107 0.468771286
v 0.757997818 0.708560629 0.469770328
v 0.769135603 0.702710098 0.469810543
v 0.781290529 0.714380537 0.470659834
v 0.551512084 0.638447111 0.482430337
v 0.550037282 0.644923239 0.485625375
v 0.563909847 0.649510593 0.486699222
v 0.563606900 0.640033333 0.483477331
v 0.559464309 0.629309158 0.477953575
v 0.569576770 0.627115007 0.474140403
v 0.565570375 0.658351137 0.488526608
v 0.564947409 0.679610928 0.488347800
v 0.550037289 0.644923246 0.500000058
v 0.550037282 0.644923239 0.485625375
v 0.555410535 0.633218051 0.485625373
v 0.555410535 0.633218051 0.500000057
v 0.565770450 0.679162879 0.500000054
v 0.563049956 0.682974417 0.491044455
v 0.563150129 0.683030130 0.488125198
v 0.564947409 0.679610928 0.488347800
v 0.564947409 0.679610928 0.488347800
v 0.550037282 0.644923239 0.485625375
v 0.550037289 0.644923246 0.500000058
v 0.565770450 0.679162879 0.500000054
v 0.655453779 0.761845347 0.454301928
v 0.680791879 0.769127775 0.450254948
v 0.679868503 0.791786247 0.469968657
v 0.629270847 0.778938496 0.475787821
v 0.627169032 0.758900631 0.464273720
v 0.596729916 0.764656568 0.480257868
v 0.599929506 0.752506866 0.470120697
v 0.559357053 0.742699672 0.482697925
v 0.567633746 0.736163425 0.472979829
v 0.552209818 0.726074606 0.475838938
v 0.535790352 0.723164091 0.482215129
v 0.701324960 0.780584243 0.453933101
v 0.865010650 0.908973963 0.500000070
v 0.466060923 0.659652199 0.500000058
v 0.486737333 0.679329076 0.479468227
v 0.462251662 0.668390989 0.483187783
v 0.430685360 0.656936062 0.500000054
v 0.493846709 0.675920549 0.489734145
v 0.493686564 0.669570819 0.500000057
v 0.500602882 0.676525801 0.500000059
v 0.563049956 0.682974417 0.491044455
v 0.565770450 0.679162879 0.500000054
v 0.575931513 0.694716652 0.500000059
v 0.371996587 0.642932420 0.509139653
v 0.360727879 0.649492461 0.500000055
v 0.357683565 0.657071534 0.500000056
v 0.372381342 0.633709946 0.512030934
v 0.390513085 0.635089508 0.518959691
v 0.385910819 0.624334916 0.519934002
v 0.417924636 0.629604452 0.523176557
v 0.416515707 0.624502723 0.525475579
v 0.431760766 0.625036610 0.524314457
v 0.434736255 0.628679928 0.513444205
v 0.420158127 0.633124693 0.513279237
v 0.372663645 0.647552069 0.504569855
v 0.404496912 0.618476446 0.523763906
v 0.392918311 0.639657531 0.510766820
v 0.419606750 0.633860036 0.500000055
v 0.392538673 0.641440690 0.500000055
v 0.373424050 0.649792544 0.500000054
v 0.434926828 0.629538389 0.500000052
v 0.445819789 0.625609776 0.513801460
v 0.458741155 0.617712192 0.523213792
v 0.431760766 0.625036610 0.524314457
v 0.446920011 0.610790489 0.521458610
v 0.430733269 0.618955192 0.522138417
v 0.431760766 0.625036610 0.524314457
v 0.458741155 0.617712192 0.523213792
v 0.429705729 0.612873788 0.522457944
v 0.418576965 0.618768293 0.523182525
v 0.436078608 0.603635827 0.524745081
v 0.416515707 0.624502723 0.525475579
v 0.404496912 0.618476446 0.523763906
v 0.446920011 0.610790489 0.521458610
v 0.462427535 0.595240591 0.529286464
v 0.474277095 0.601974560 0.527542283
v 0.485873952 0.610533859 0.525862935
v 0.490385001 0.597503492 0.533951802
v 0.505016082 0.603615123 0.530195066
v 0.502760564 0.610130299 0.526150633
v 0.517536544 0.611837358 0.523023159
v 0.484319234 0.608979142 0.516982169
v 0.501983204 0.609352939 0.520985700
v 0.502760564 0.610130299 0.526150633
v 0.485873952 0.610533859 0.525862935
v 0.458741155 0.617712192 0.523213792
v 0.459092437 0.612002731 0.511272252
v 0.445819789 0.625609776 0.513801460
v 0.449037336 0.617790102 0.507264282
v 0.442220739 0.618546720 0.500000051
v 0.434926828 0.629538389 0.500000052
v 0.517536544 0.611837358 0.523023159
v 0.490385001 0.597503492 0.528332517
v 0.490385001 0.597503492 0.533951802
v 0.505016082 0.603615123 0.530195066
v 0.505016082 0.603615123 0.527385418
v 0.462427535 0.595240591 0.529286464
v 0.462427528 0.595240584 0.524457569
v 0.436078608 0.603635827 0.524745081
v 0.436078611 0.603635831 0.519467996
v 0.429705729 0.612873788 0.522457944
v 0.429705728 0.612873786 0.514650555
v 0.418576965 0.618768293 0.523182525
v 0.419794688 0.621047102 0.500000052
v 0.517536544 0.611837358 0.523023159
v 0.404496912 0.618476446 0.523763906
v 0.418576965 0.618768293 0.523182525
v 0.405714651 0.620755241 0.500000052
v 0.385910819 0.624334916 0.519934002
v 0.385910822 0.624334920 0.500000053
v 0.372381342 0.633709946 0.512030934
v 0.372151972 0.633480576 0.500000054
v 0.366466018 0.640963292 0.500000054
v 0.449037336 0.617790102 0.507264282
v 0.442220739 0.618546720 0.500000051
v 0.419794688 0.621047102 0.500000052
v 0.429705728 0.612873786 0.514650555
v 0.436078611 0.603635831 0.519467996
v 0.459092437 0.612002731 0.511272252
v 0.462427528 0.595240584 0.524457569
v 0.484319234 0.608979142 0.516982169
v 0.490385001 0.597503492 0.528332517
v 0.501983204 0.609352939 0.520985700
v 0.505016082 0.603615123 0.527385418
v 0.517536544 0.611837358 0.523023159
v 0.366466018 0.640963292 0.500000054
v 0.360727879 0.649492461 0.500000055
v 0.371996561 0.642932452 0.490860456
v 0.357683565 0.657071534 0.500000056
v 0.372381346 0.633709950 0.487969174
v 0.390513094 0.635089517 0.481040418
v 0.385910827 0.624334924 0.480066104
v 0.417924643 0.629604460 0.476823550
v 0.416515718 0.624502734 0.474524530
v 0.431760795 0.625036639 0.475685652
v 0.434736258 0.628679932 0.486555901
v 0.420158131 0.633124696 0.486720869
v 0.372663648 0.647552072 0.495430254
v 0.404496921 0.618476455 0.476236195
v 0.392918316 0.639657536 0.489233288
v 0.419606750 0.633860036 0.500000055
v 0.392538673 0.641440690 0.500000055
v 0.373424050 0.649792544 0.500000054
v 0.434926828 0.629538389 0.500000052
v 0.445819789 0.625609776 0.486198647
v 0.458741163 0.617712200 0.476786307
v 0.431760795 0.625036639 0.475685652
v 0.446920015 0.610790493 0.478541492
v 0.458741163 0.617712200 0.476786307
v 0.431760795 0.625036639 0.475685652
v 0.430733279 0.618955201 0.477861689
v 0.429705733 0.612873792 0.477542165
v 0.418576971 0.618768299 0.476817579
v 0.436078622 0.603635842 0.475255020
v 0.416515718 0.624502734 0.474524530
v 0.404496921 0.618476455 0.476236195
v 0.446920015 0.610790493 0.478541492
v 0.462427542 0.595240599 0.470713642
v 0.474277110 0.601974575 0.472457823
v 0.485873963 0.610533870 0.474137166
v 0.490385016 0.597503507 0.466048304
v 0.505016089 0.603615130 0.469805046
v 0.502760575 0.610130310 0.473849478
v 0.517536552 0.611837365 0.476976940
v 0.484319245 0.608979153 0.483017938
v 0.485873963 0.610533870 0.474137166
v 0.502760575 0.610130310 0.473849478
v 0.501983211 0.609352946 0.479014408
v 0.458741163 0.617712200 0.476786307
v 0.459092455 0.612002749 0.488727849
v 0.445819789 0.625609776 0.486198647
v 0.449037336 0.617790102 0.492735819
v 0.442220739 0.618546720 0.500000051
v 0.434926828 0.629538389 0.500000052
v 0.517536552 0.611837365 0.476976940
v 0.490385016 0.597503507 0.471667589
v 0.505016089 0.603615130 0.472614691
v 0.505016089 0.603615130 0.469805046
v 0.490385016 0.597503507 0.466048304
v 0.462427542 0.595240599 0.470713642
v 0.462427542 0.595240599 0.475542535
v 0.436078622 0.603635842 0.475255020
v 0.436078620 0.603635840 0.480532105
v 0.429705733 0.612873792 0.477542165
v 0.429705735 0.612873794 0.485349549
v 0.418576971 0.618768299 0.476817579
v 0.419794688 0.621047102 0.500000052
v 0.517536552 0.611837365 0.476976940
v 0.404496921 0.618476455 0.476236195
v 0.405714651 0.620755241 0.500000052
v 0.385910827 0.624334924 0.480066104
v 0.385910822 0.624334920 0.500000053
v 0.372381346 0.633709950 0.487969174
v 0.372151972 0.633480576 0.500000054
v 0.366466018 0.640963292 0.500000054
v 0.418576971 0.618768299 0.476817579
v 0.449037336 0.617790102 0.492735819
v 0.429705735 0.612873794 0.485349549
v 0.419794688 0.621047102 0.500000052
v 0.442220739 0.618546720 0.500000051
v 0.436078620 0.603635840 0.480532105
v 0.459092455 0.612002749 0.488727849
v 0.462427542 0.595240599 0.475542535
v 0.484319245 0.608979153 0.483017938
v 0.490385016 0.597503507 0.471667589
v 0.501983211 0.609352946 0.479014408
v 0.505016089 0.603615130 0.472614691
v 0.517536552 0.611837365 0.476976940
v 0.366466018 0.640963292 0.500000054
v 0.350507560 0.639272142 0.500000054
v 0.357067596 0.628003428 0.509139651
v 0.342928490 0.642316459 0.500000054
v 0.366290067 0.627618671 0.512030932
v 0.364910499 0.609486922 0.518959689
v 0.375665091 0.614089188 0.519933999
v 0.370395608 0.582075336 0.523176551
v 0.375497279 0.583484294 0.525475571
v 0.374963406 0.568239192 0.524314452
v 0.371320098 0.565263742 0.513444199
v 0.366875359 0.579841836 0.513279232
v 0.352447948 0.627336371 0.504569853
v 0.381523555 0.595503089 0.523763906
v 0.360342478 0.607081699 0.510766818
v 0.366140027 0.580393224 0.500000048
v 0.358559328 0.607461346 0.500000051
v 0.350207474 0.626575969 0.500000054
v 0.370461666 0.565073139 0.500000048
v 0.374390242 0.554180171 0.513801454
v 0.382287819 0.541258826 0.523213789
v 0.374963406 0.568239192 0.524314452
v 0.389209555 0.553079974 0.521458610
v 0.382287819 0.541258826 0.523213789
v 0.374963406 0.568239192 0.524314452
v 0.381044825 0.569266718 0.522138415
v 0.387126225 0.570294254 0.522457936
v 0.381231694 0.581423022 0.523182520
v 0.396364178 0.563921339 0.524745079
v 0.375497279 0.583484294 0.525475571
v 0.381523555 0.595503089 0.523763906
v 0.389209555 0.553079974 0.521458610
v 0.404759420 0.537572476 0.529286459
v 0.398025440 0.525722875 0.527542277
v 0.389466144 0.514126023 0.525862932
v 0.402496501 0.509614962 0.533951792
v 0.396384903 0.494983856 0.530195050
v 0.389869701 0.497239377 0.526150620
v 0.388162657 0.482463412 0.523023151
v 0.391020862 0.515680740 0.516982155
v 0.389466144 0.514126023 0.525862932
v 0.389869701 0.497239377 0.526150620
v 0.390647061 0.498016738 0.520985688
v 0.382287819 0.541258826 0.523213789
v 0.387997288 0.540907523 0.511272248
v 0.374390242 0.554180171 0.513801454
v 0.382209916 0.550962624 0.507264280
v 0.381453333 0.557779256 0.500000048
v 0.370461666 0.565073139 0.500000048
v 0.388162657 0.482463412 0.523023151
v 0.402496501 0.509614962 0.528332504
v 0.396384903 0.494983856 0.527385405
v 0.396384903 0.494983856 0.530195050
v 0.402496501 0.509614962 0.533951792
v 0.404759420 0.537572476 0.529286459
v 0.404759414 0.537572471 0.524457559
v 0.396364178 0.563921339 0.524745079
v 0.396364178 0.563921339 0.519467993
v 0.387126225 0.570294254 0.522457936
v 0.387126228 0.570294258 0.514650549
v 0.381231694 0.581423022 0.523182520
v 0.378952924 0.580205338 0.500000049
v 0.388162657 0.482463412 0.523023151
v 0.381523555 0.595503089 0.523763906
v 0.379244770 0.594285360 0.500000050
v 0.375665091 0.614089188 0.519933999
v 0.375665095 0.614089192 0.500000052
v 0.366290067 0.627618671 0.512030932
v 0.366519442 0.627848045 0.500000053
v 0.359036727 0.633534001 0.500000054
v 0.381231694 0.581423022 0.523182520
v 0.382209916 0.550962624 0.507264280
v 0.387126228 0.570294258 0.514650549
v 0.378952924 0.580205338 0.500000049
v 0.381453333 0.557779256 0.500000048
v 0.396364178 0.563921339 0.519467993
v 0.387997288 0.540907523 0.511272248
v 0.404759414 0.537572471 0.524457559
v 0.391020862 0.515680740 0.516982155
v 0.402496501 0.509614962 0.528332504
v 0.390647061 0.498016738 0.520985688
v 0.396384903 0.494983856 0.527385405
v 0.388162657 0.482463412 0.523023151
v 0.359036727 0.633534001 0.500000054
v 0.357067570 0.628003461 0.490860455
v 0.350507560 0.639272142 0.500000054
v 0.342928490 0.642316459 0.500000054
v 0.366290073 0.627618676 0.487969173
v 0.364910507 0.609486930 0.481040417
v 0.375665098 0.614089195 0.480066102
v 0.370395619 0.582075347 0.476823544
v 0.375497288 0.583484304 0.474524520
v 0.374963414 0.568239200 0.475685644
v 0.371320098 0.565263742 0.486555897
v 0.366875362 0.579841840 0.486720865
v 0.352447950 0.627336374 0.495430253
v 0.381523565 0.595503099 0.476236198
v 0.360342486 0.607081706 0.489233286
v 0.366140027 0.580393224 0.500000048
v 0.358559328 0.607461346 0.500000051
v 0.350207474 0.626575969 0.500000054
v 0.370461666 0.565073139 0.500000048
v 0.374390242 0.554180171 0.486198642
v 0.382287826 0.541258834 0.476786304
v 0.374963414 0.568239200 0.475685644
v 0.389209564 0.553079983 0.478541484
v 0.381044828 0.569266721 0.477861681
v 0.374963414 0.568239200 0.475685644
v 0.382287826 0.541258834 0.476786304
v 0.387126234 0.570294263 0.477542159
v 0.381231699 0.581423027 0.476817576
v 0.396364189 0.563921350 0.475255012
v 0.375497288 0.583484304 0.474524520
v 0.381523565 0.595503099 0.476236198
v 0.389209564 0.553079983 0.478541484
v 0.404759432 0.537572489 0.470713634
v 0.398025455 0.525722890 0.472457818
v 0.389466155 0.514126034 0.474137158
v 0.402496515 0.509614977 0.466048299
v 0.396384921 0.494983874 0.469805033
v 0.389869704 0.497239381 0.473849462
v 0.388162657 0.482463412 0.476976935
v 0.391020873 0.515680751 0.483017931
v 0.390647068 0.498016745 0.479014397
v 0.389869704 0.497239381 0.473849462
v 0.389466155 0.514126034 0.474137158
v 0.382287826 0.541258834 0.476786304
v 0.387997288 0.540907523 0.488727843
v 0.374390242 0.554180171 0.486198642
v 0.382209916 0.550962624 0.492735813
v 0.381453333 0.557779256 0.500000048
v 0.370461666 0.565073139 0.500000048
v 0.388162657 0.482463412 0.476976935
v 0.402496515 0.509614977 0.471667581
v 0.402496515 0.509614977 0.466048299
v 0.396384921 0.494983874 0.469805033
v 0.396384921 0.494983874 0.472614675
v 0.404759432 0.537572489 0.470713634
v 0.404759432 0.537572489 0.475542524
v 0.396364189 0.563921350 0.475255012
v 0.396364186 0.563921347 0.480532101
v 0.387126234 0.570294263 0.477542159
v 0.387126236 0.570294265 0.485349545
v 0.381231699 0.581423027 0.476817576
v 0.378952924 0.580205338 0.500000049
v 0.388162657 0.482463412 0.476976935
v 0.381523565 0.595503099 0.476236198
v 0.381231699 0.581423027 0.476817576
v 0.379244770 0.594285360 0.500000050
v 0.375665098 0.614089195 0.480066102
v 0.375665095 0.614089192 0.500000052
v 0.366290073 0.627618676 0.487969173
v 0.366519442 0.627848045 0.500000053
v 0.359036727 0.633534001 0.500000054
v 0.382209916 0.550962624 0.492735813
v 0.381453333 0.557779256 0.500000048
v 0.378952924 0.580205338 0.500000049
v 0.387126236 0.570294265 0.485349545
v 0.396364186 0.563921347 0.480532101
v 0.387997288 0.540907523 0.488727843
v 0.404759432 0.537572489 0.475542524
v 0.391020873 0.515680751 0.483017931
v 0.402496515 0.509614977 0.471667581
v 0.390647068 0.498016745 0.479014397
v 0.396384921 0.494983874 0.472614675
v 0.388162657 0.482463412 0.476976935
v 0.359036727 0.633534001 0.500000054
v 0.366303226 0.182509278 0.513857565
v 0.378572112 0.186453937 0.515957894
v 0.375696594 0.168359418 0.513979335
v 0.363220375 0.169756182 0.510880895
v 0.368961663 0.147159921 0.509833489
v 0.363207497 0.152946137 0.509181766
v 0.357363922 0.131738971 0.503517556
v 0.360660736 0.181809546 0.511661884
v 0.364390547 0.189552506 0.514846852
v 0.368133156 0.190772412 0.515172557
v 0.371585746 0.195963576 0.516656449
v 0.372013204 0.202559633 0.516959405
v 0.376212430 0.207685455 0.517936435
v 0.363781007 0.190452188 0.500000006
v 0.364390547 0.189552506 0.514846852
v 0.360660736 0.181809546 0.511661884
v 0.360051174 0.182709163 0.500000004
v 0.367523645 0.191672095 0.500000006
v 0.368133156 0.190772412 0.515172557
v 0.370976228 0.196863266 0.500000008
v 0.371585746 0.195963576 0.516656449
v 0.372376168 0.204921489 0.500000009
v 0.372013204 0.202559633 0.516959405
v 0.383374577 0.202931817 0.500000010
v 0.376212430 0.207685455 0.517936435
v 0.401673861 0.221249145 0.499999996
v 0.360660736 0.181809546 0.511661884
v 0.363220375 0.169756182 0.510880895
v 0.363220375 0.169756182 0.500000002
v 0.360051174 0.182709163 0.500000004
v 0.363207497 0.152946137 0.499999998
v 0.363207497 0.152946137 0.509181766
v 0.361505619 0.134638087 0.499999995
v 0.357363922 0.131738971 0.503517556
v 0.360008178 0.125002453 0.499999993
v 0.363220375 0.169756182 0.489119107
v 0.360660750 0.181809531 0.488338122
v 0.360051174 0.182709163 0.500000004
v 0.363207497 0.152946137 0.490818250
v 0.361505619 0.134638087 0.499999995
v 0.357363892 0.131738942 0.496482451
v 0.360008178 0.125002453 0.499999993
v 0.368961663 0.147159921 0.509833489
v 0.360008178 0.125002453 0.499999993
v 0.357363922 0.131738971 0.503517556
v 0.373879844 0.144507419 0.499999998
v 0.375696594 0.168359418 0.513979335
v 0.385804914 0.166207326 0.500000003
v 0.389389456 0.184625574 0.500000007
v 0.378572112 0.186453937 0.515957894
v 0.392258981 0.204146448 0.500000011
v 0.376212430 0.207685455 0.517936435
v 0.401673861 0.221249145 0.499999996
v 0.366303226 0.182509278 0.486142426
v 0.363220375 0.169756182 0.489119107
v 0.375696594 0.168359418 0.486020649
v 0.378572112 0.186453937 0.484042118
v 0.368961663 0.147159921 0.490166506
v 0.363207497 0.152946137 0.490818250
v 0.357363892 0.131738942 0.496482451
v 0.360660750 0.181809531 0.488338122
v 0.364390576 0.189552535 0.485153158
v 0.368133156 0.190772412 0.484827437
v 0.371585768 0.195963583 0.483343546
v 0.372013211 0.202559626 0.483040615
v 0.376212430 0.207685455 0.482063567
v 0.363781007 0.190452188 0.500000006
v 0.360051174 0.182709163 0.500000004
v 0.360660750 0.181809531 0.488338122
v 0.364390576 0.189552535 0.485153158
v 0.367523645 0.191672095 0.500000006
v 0.368133156 0.190772412 0.484827437
v 0.370976228 0.196863266 0.500000008
v 0.371585768 0.195963583 0.483343546
v 0.372376168 0.204921489 0.500000009
v 0.372013211 0.202559626 0.483040615
v 0.383374577 0.202931817 0.500000010
v 0.376212430 0.207685455 0.482063567
v 0.401673861 0.221249145 0.499999996
v 0.360008178 0.125002453 0.499999993
v 0.368961663 0.147159921 0.490166506
v 0.357363892 0.131738942 0.496482451
v 0.373879844 0.144507419 0.499999998
v 0.375696594 0.168359418 0.486020649
v 0.385804914 0.166207326 0.500000003
v 0.389389456 0.184625574 0.500000007
v 0.378572112 0.186453937 0.484042118
v 0.392258981 0.204146448 0.500000011
v 0.376212430 0.207685455 0.482063567
v 0.401673861 0.221249145 0.499999996
v 0.817490539 0.633696869 0.513857619
v 0.830243635 0.636779720 0.510880937
v 0.831640377 0.624303464 0.513979393
v 0.813545850 0.621427954 0.515957946
v 0.852839845 0.631038395 0.509833535
v 0.847053665 0.636792583 0.509181812
v 0.868260809 0.642636181 0.503517610
v 0.818190286 0.639339374 0.511661923
v 0.810447282 0.635609519 0.514846887
v 0.809227420 0.631866925 0.515172608
v 0.804036234 0.628414327 0.516656500
v 0.797440169 0.627986847 0.516959450
v 0.792314348 0.623787651 0.517936477
v 0.809547644 0.636219074 0.500000060
v 0.817290647 0.639948929 0.500000041
v 0.818190286 0.639339374 0.511661923
v 0.810447282 0.635609519 0.514846887
v 0.808327730 0.632476443 0.500000059
v 0.809227420 0.631866925 0.515172608
v 0.803136558 0.629023860 0.500000058
v 0.804036234 0.628414327 0.516656500
v 0.795078321 0.627623905 0.500000057
v 0.797440169 0.627986847 0.516959450
v 0.797067993 0.616625496 0.500000055
v 0.792314348 0.623787651 0.517936477
v 0.778750686 0.598326219 0.500000049
v 0.818190286 0.639339374 0.511661923
v 0.817290647 0.639948929 0.500000041
v 0.830243635 0.636779720 0.500000042
v 0.830243635 0.636779720 0.510880937
v 0.847053665 0.636792583 0.500000044
v 0.847053665 0.636792583 0.509181812
v 0.865361767 0.638494527 0.500000046
v 0.868260809 0.642636181 0.503517610
v 0.874997379 0.639991990 0.500000067
v 0.830243635 0.636779720 0.489119169
v 0.818190271 0.639339359 0.488338180
v 0.817290647 0.639948929 0.500000041
v 0.847053665 0.636792583 0.490818296
v 0.865361767 0.638494527 0.500000046
v 0.868260838 0.642636210 0.496482485
v 0.874997379 0.639991990 0.500000067
v 0.874997379 0.639991990 0.500000067
v 0.852839845 0.631038395 0.509833535
v 0.868260809 0.642636181 0.503517610
v 0.855492384 0.626120237 0.500000043
v 0.831640377 0.624303464 0.513979393
v 0.833792440 0.614195144 0.500000038
v 0.815374236 0.610610617 0.500000055
v 0.813545850 0.621427954 0.515957946
v 0.795853377 0.607741078 0.500000053
v 0.792314348 0.623787651 0.517936477
v 0.778750686 0.598326219 0.500000049
v 0.817490539 0.633696869 0.486142480
v 0.813545850 0.621427954 0.484042150
v 0.831640377 0.624303464 0.486020709
v 0.830243635 0.636779720 0.489119169
v 0.852839845 0.631038395 0.490166553
v 0.847053665 0.636792583 0.490818296
v 0.868260838 0.642636210 0.496482485
v 0.818190271 0.639339359 0.488338180
v 0.810447311 0.635609548 0.485153213
v 0.809227420 0.631866925 0.484827489
v 0.804036204 0.628414298 0.483343596
v 0.797440162 0.627986855 0.483040640
v 0.792314348 0.623787651 0.482063609
v 0.809547644 0.636219074 0.500000060
v 0.810447311 0.635609548 0.485153213
v 0.818190271 0.639339359 0.488338180
v 0.817290647 0.639948929 0.500000041
v 0.808327730 0.632476443 0.500000059
v 0.809227420 0.631866925 0.484827489
v 0.803136558 0.629023860 0.500000058
v 0.804036204 0.628414298 0.483343596
v 0.795078321 0.627623905 0.500000057
v 0.797440162 0.627986855 0.483040640
v 0.797067993 0.616625496 0.500000055
v 0.792314348 0.623787651 0.482063609
v 0.778750686 0.598326219 0.500000049
v 0.852839845 0.631038395 0.490166553
v 0.874997379 0.639991990 0.500000067
v 0.868260838 0.642636210 0.496482485
v 0.855492384 0.626120237 0.500000043
v 0.831640377 0.624303464 0.486020709
v 0.833792440 0.614195144 0.500000038
v 0.815374236 0.610610617 0.500000055
v 0.813545850 0.621427954 0.484042150
v 0.795853377 0.607741078 0.500000053
v 0.792314348 0.623787651 0.482063609
v 0.778750686 0.598326219 0.500000049
vt 0.825847924 0.638402820
vt 0.798817217 0.642819047
vt 0.794361413 0.609364510
vt 0.822986662 0.609956026
vt 0.825847924 0.638402820
vt 0.794361413 0.609364510
vt 0.827219188 0.581569791
vt 0.794361413 0.609364510
vt 0.800557911 0.572739005
vt 0.827219188 0.581569791
vt 0.815427601 0.545603514
vt 0.843582094 0.558172226
vt 0.820719242 0.657275617
vt 0.843582094 0.558172226
vt 0.815427601 0.545603514
vt 0.831329405 0.527862072
vt 0.816606581 0.681874990
vt 0.829096913 0.672284901
vt 0.825081289 0.698574662
vt 0.845770180 0.682014465
vt 0.841605246 0.662702084
vt 0.774068177 0.693416238
vt 0.758647978 0.656701565
vt 0.781064689 0.647849262
vt 0.796447039 0.681476295
vt 0.776314557 0.609034181
vt 0.794361413 0.609364510
vt 0.798817217 0.642819047
vt 0.800557911 0.572739005
vt 0.782967269 0.568840504
vt 0.795365274 0.539539218
vt 0.815427601 0.545603514
vt 0.752723157 0.608769774
vt 0.760462821 0.561712623
vt 0.771331608 0.532105088
vt 0.816606581 0.681874990
vt 0.771331608 0.532105088
vt 0.793715537 0.522212565
vt 0.795365274 0.539539218
vt 0.807763636 0.689481974
vt 0.825081289 0.698574662
vt 0.831329405 0.527862072
vt 0.821709812 0.494653642
vt 0.782276392 0.506282747
vt 0.790849745 0.480755508
vt 0.767979562 0.520881355
vt 0.770915568 0.499367237
vt 0.756756127 0.500590920
vt 0.772118986 0.474105895
vt 0.753596485 0.477009952
vt 0.771331608 0.532105088
vt 0.756768763 0.500580132
vt 0.772131503 0.474096358
vt 0.770928204 0.499357462
vt 0.767989576 0.520869911
vt 0.782288074 0.506274104
vt 0.793724716 0.522204876
vt 0.821719468 0.494646370
vt 0.831337035 0.527857542
vt 0.795370162 0.539531112
vt 0.782962620 0.568829298
vt 0.800552666 0.572729707
vt 0.776305497 0.609022617
vt 0.794361413 0.609364510
vt 0.781064689 0.647849262
vt 0.798800409 0.642810702
vt 0.815430939 0.545597792
vt 0.795370162 0.539531112
vt 0.815430939 0.545597792
vt 0.793724716 0.522204876
vt 0.758630097 0.656687379
vt 0.774046004 0.693404317
vt 0.796447039 0.681476295
vt 0.760460794 0.561697006
vt 0.816587985 0.681867361
vt 0.807744563 0.689473748
vt 0.825062096 0.698567152
vt 0.825831473 0.638396740
vt 0.822976172 0.609950781
vt 0.794361413 0.609364510
vt 0.798800409 0.642810702
vt 0.827213109 0.581565738
vt 0.800552666 0.572729707
vt 0.815430939 0.545597792
vt 0.843582094 0.558172226
vt 0.831337035 0.527857542
vt 0.820701838 0.657268405
vt 0.816587985 0.681867361
vt 0.829096913 0.672284901
vt 0.841587603 0.662695169
vt 0.845751584 0.682007909
vt 0.825062096 0.698567152
vt 0.790861189 0.480746925
vt 0.718289435 0.620344460
vt 0.709440053 0.609273612
vt 0.727138817 0.609273612
vt 0.895151854 0.710849524
vt 0.905355930 0.726934910
vt 0.895151854 0.743020535
vt 0.884661198 0.743020535
vt 0.884661198 0.710849524
vt 0.869694948 0.743020535
vt 0.869694948 0.710849524
vt 0.857292891 0.726934910
vt 0.043545868 0.179394484
vt 0.043545932 0.110756934
vt 0.063045464 0.179122746
vt 0.059691705 0.197912753
vt 0.043545868 0.196015477
vt 0.043545902 0.229710877
vt 0.074862368 0.223254085
vt 0.062545568 0.251833260
vt 0.043545529 0.353915095
vt 0.056019712 0.354672790
vt 0.052654106 0.387231112
vt 0.043545432 0.435887575
vt 0.043545529 0.353915095
vt 0.034436852 0.387230992
vt 0.031071329 0.354672611
vt 0.024546355 0.251833081
vt 0.043545902 0.229710877
vt 0.043545432 0.435887575
vt 0.012229424 0.223254144
vt 0.027400034 0.197912753
vt 0.043545868 0.196015477
vt 0.043545868 0.179394484
vt 0.024046317 0.179122686
vt 0.043545932 0.110756934
vt 0.321403205 0.031034648
vt 0.255265236 0.031360745
vt 0.255294979 0.049499869
vt 0.062281508 0.021909058
vt 0.093332410 0.031494260
vt 0.093174368 0.018553853
vt 0.159295619 0.031487584
vt 0.164902180 0.024237812
vt 0.181870788 0.013822377
vt 0.205655783 0.016952515
vt 0.205655783 0.016952515
vt 0.212507486 0.002272785
vt 0.181870788 0.013822377
vt 0.016215127 0.031418145
vt 0.093332410 0.031494260
vt 0.224843979 0.022896886
vt 0.212507486 0.002272785
vt 0.238855302 0.018167257
vt 0.231083691 0.031501412
vt 0.238934875 0.031420290
vt 0.255265236 0.031360745
vt 0.255188465 0.012796342
vt 0.093249619 0.044461668
vt 0.181972235 0.048799336
vt 0.165262997 0.039125919
vt 0.212675691 0.060212672
vt 0.205688596 0.044000328
vt 0.093332410 0.031494260
vt 0.062335376 0.041453183
vt 0.159295619 0.031487584
vt 0.212675691 0.060212672
vt 0.238930792 0.044201493
vt 0.224860966 0.039963841
vt 0.238934875 0.031420290
vt 0.255265236 0.031360745
vt 0.255294979 0.049499869
vt 0.231083691 0.031501412
vt 0.093332410 0.031494260
vt 0.016215127 0.031418145
vt 0.255265236 0.031360745
vt 0.321403205 0.031034648
vt 0.255188465 0.012796342
vt 0.460475266 0.129737020
vt 0.470385641 0.121998191
vt 0.470385641 0.134146214
vt 0.470385641 0.148008704
vt 0.454881698 0.148008704
vt 0.461005539 0.190772414
vt 0.470385641 0.196729183
vt 0.470385641 0.196729183
vt 0.480505168 0.190705776
vt 0.470385641 0.148008704
vt 0.486986697 0.148008704
vt 0.480761170 0.129815221
vt 0.470385641 0.134146214
vt 0.470385641 0.121998191
vt 0.480761170 0.129815221
vt 0.490440190 0.119575977
vt 0.500830412 0.148008704
vt 0.486986697 0.148008704
vt 0.484920532 0.200455546
vt 0.480505168 0.190705776
vt 0.470385641 0.206489444
vt 0.470385641 0.196729183
vt 0.470385641 0.121998191
vt 0.470385641 0.115438461
vt 0.461005539 0.190772414
vt 0.455872476 0.199984431
vt 0.440791219 0.148008704
vt 0.454881698 0.148008704
vt 0.450341702 0.119832277
vt 0.460475266 0.129737020
vt 0.470385641 0.115438461
vt 0.470385641 0.121998191
vt 0.470385641 0.196729183
vt 0.470385641 0.206489444
vt 0.043545868 0.179394484
vt 0.043545932 0.110756934
vt 0.063045464 0.179122746
vt 0.059691705 0.197912753
vt 0.043545868 0.196015477
vt 0.043545902 0.229710877
vt 0.074862368 0.223254085
vt 0.062545568 0.251833260
vt 0.043545529 0.353915095
vt 0.056019712 0.354672790
vt 0.052654106 0.387231112
vt 0.043545432 0.435887575
vt 0.043545529 0.353915095
vt 0.034436852 0.387230992
vt 0.031071329 0.354672611
vt 0.024546355 0.251833081
vt 0.043545902 0.229710877
vt 0.043545432 0.435887575
vt 0.012229424 0.223254144
vt 0.027400034 0.197912753
vt 0.043545868 0.196015477
vt 0.043545868 0.179394484
vt 0.024046317 0.179122686
vt 0.043545932 0.110756934
vt 0.321403205 0.031034648
vt 0.255265236 0.031360745
vt 0.255188465 0.012796342
vt 0.062335376 0.041453183
vt 0.093332410 0.031494260
vt 0.093249619 0.044461668
vt 0.159295619 0.031487584
vt 0.165262997 0.039125919
vt 0.181972235 0.048799336
vt 0.205688596 0.044000328
vt 0.212675691 0.060212672
vt 0.224860966 0.039963841
vt 0.238463759 0.044158340
vt 0.231083691 0.031501412
vt 0.238537073 0.031576991
vt 0.255265236 0.031360745
vt 0.255294979 0.049499869
vt 0.016215127 0.031418145
vt 0.093332410 0.031494260
vt 0.093174368 0.018553853
vt 0.181870788 0.013822377
vt 0.164902180 0.024237812
vt 0.212507486 0.002272785
vt 0.205655783 0.016952515
vt 0.093332410 0.031494260
vt 0.062281508 0.021909058
vt 0.159295619 0.031487584
vt 0.093332410 0.031494260
vt 0.016215127 0.031418145
vt 0.205655783 0.016952515
vt 0.212507486 0.002272785
vt 0.238855302 0.018167257
vt 0.224843979 0.022896886
vt 0.238537073 0.031576991
vt 0.255265236 0.031360745
vt 0.255188465 0.012796342
vt 0.231083691 0.031501412
vt 0.255265236 0.031360745
vt 0.321403205 0.031034648
vt 0.255294979 0.049499869
vt 0.460475266 0.129737020
vt 0.470385641 0.121998191
vt 0.470385641 0.134146214
vt 0.470385641 0.148008704
vt 0.454881698 0.148008704
vt 0.461005539 0.190772414
vt 0.470385641 0.196729183
vt 0.470385641 0.196729183
vt 0.480505168 0.190705776
vt 0.470385641 0.148008704
vt 0.486986697 0.148008704
vt 0.480761170 0.129815221
vt 0.470385641 0.134146214
vt 0.470385641 0.121998191
vt 0.480761170 0.129815221
vt 0.490440190 0.119575977
vt 0.500830412 0.148008704
vt 0.486986697 0.148008704
vt 0.484920532 0.200455546
vt 0.480505168 0.190705776
vt 0.470385641 0.206489444
vt 0.470385641 0.196729183
vt 0.470385641 0.121998191
vt 0.470385641 0.115438461
vt 0.461005539 0.190772414
vt 0.455872476 0.199984431
vt 0.440791219 0.148008704
vt 0.454881698 0.148008704
vt 0.450341702 0.119832277
vt 0.460475266 0.129737020
vt 0.470385641 0.115438461
vt 0.470385641 0.121998191
vt 0.470385641 0.196729183
vt 0.470385641 0.206489444
vt 0.043545932 0.110756934
vt 0.043545868 0.179394484
vt 0.063045464 0.179122746
vt 0.059691705 0.197912753
vt 0.043545868 0.196015477
vt 0.043545902 0.229710877
vt 0.074862368 0.223254085
vt 0.062545568 0.251833260
vt 0.043545902 0.229710877
vt 0.043545529 0.353915095
vt 0.062545568 0.251833260
vt 0.056019712 0.354672790
vt 0.052654106 0.387231112
vt 0.043545432 0.435887575
vt 0.034436852 0.387230992
vt 0.043545529 0.353915095
vt 0.031071329 0.354672611
vt 0.024546355 0.251833081
vt 0.043545902 0.229710877
vt 0.043545432 0.435887575
vt 0.012229424 0.223254144
vt 0.027400034 0.197912753
vt 0.043545868 0.196015477
vt 0.043545868 0.179394484
vt 0.024046317 0.179122686
vt 0.043545932 0.110756934
vt 0.255265236 0.031360745
vt 0.321403205 0.031034648
vt 0.255294979 0.049499869
vt 0.093332410 0.031494260
vt 0.062281508 0.021909058
vt 0.093174368 0.018553853
vt 0.159295619 0.031487584
vt 0.164902180 0.024237812
vt 0.181870788 0.013822377
vt 0.205655783 0.016952515
vt 0.212507486 0.002272785
vt 0.016215127 0.031418145
vt 0.093332410 0.031494260
vt 0.224843979 0.022896886
vt 0.212507486 0.002272785
vt 0.238855302 0.018167257
vt 0.231083691 0.031501412
vt 0.238934875 0.031420290
vt 0.255265236 0.031360745
vt 0.255188465 0.012796342
vt 0.181972235 0.048799336
vt 0.093249619 0.044461668
vt 0.165262997 0.039125919
vt 0.212675691 0.060212672
vt 0.205688596 0.044000328
vt 0.093332410 0.031494260
vt 0.062335376 0.041453183
vt 0.159295619 0.031487584
vt 0.224860966 0.039963841
vt 0.238930792 0.044201493
vt 0.212675691 0.060212672
vt 0.238934875 0.031420290
vt 0.255265236 0.031360745
vt 0.255294979 0.049499869
vt 0.231083691 0.031501412
vt 0.016215127 0.031418145
vt 0.093332410 0.031494260
vt 0.321403205 0.031034648
vt 0.255265236 0.031360745
vt 0.255188465 0.012796342
vt 0.470385641 0.121998191
vt 0.460475266 0.129737020
vt 0.470385641 0.134146214
vt 0.470385641 0.148008704
vt 0.454881698 0.148008704
vt 0.461005539 0.190772414
vt 0.470385641 0.196729183
vt 0.470385641 0.196729183
vt 0.480505168 0.190705776
vt 0.470385641 0.148008704
vt 0.486986697 0.148008704
vt 0.480761170 0.129815221
vt 0.470385641 0.134146214
vt 0.470385641 0.121998191
vt 0.480761170 0.129815221
vt 0.486986697 0.148008704
vt 0.500830412 0.148008704
vt 0.490440190 0.119575977
vt 0.484920532 0.200455546
vt 0.480505168 0.190705776
vt 0.470385641 0.206489444
vt 0.470385641 0.196729183
vt 0.470385641 0.121998191
vt 0.470385641 0.115438461
vt 0.461005539 0.190772414
vt 0.454881698 0.148008704
vt 0.440791219 0.148008704
vt 0.455872476 0.199984431
vt 0.450341702 0.119832277
vt 0.460475266 0.129737020
vt 0.470385641 0.115438461
vt 0.470385641 0.121998191
vt 0.470385641 0.196729183
vt 0.470385641 0.206489444
vt 0.043545932 0.110756934
vt 0.043545868 0.179394484
vt 0.063045464 0.179122746
vt 0.059691705 0.197912753
vt 0.043545868 0.196015477
vt 0.043545902 0.229710877
vt 0.074862368 0.223254085
vt 0.062545568 0.251833260
vt 0.043545529 0.353915095
vt 0.056019712 0.354672790
vt 0.052654106 0.387231112
vt 0.043545432 0.435887575
vt 0.034436852 0.387230992
vt 0.043545529 0.353915095
vt 0.031071329 0.354672611
vt 0.024546355 0.251833081
vt 0.043545902 0.229710877
vt 0.043545432 0.435887575
vt 0.012229424 0.223254144
vt 0.027400034 0.197912753
vt 0.043545868 0.196015477
vt 0.043545868 0.179394484
vt 0.024046317 0.179122686
vt 0.043545932 0.110756934
vt 0.255265236 0.031360745
vt 0.321403205 0.031034648
vt 0.255188465 0.012796342
vt 0.093332410 0.031494260
vt 0.062335376 0.041453183
vt 0.093249619 0.044461668
vt 0.159295619 0.031487584
vt 0.165262997 0.039125919
vt 0.181972235 0.048799336
vt 0.205688596 0.044000328
vt 0.212675691 0.060212672
vt 0.224860966 0.039963841
vt 0.238463759 0.044158340
vt 0.231083691 0.031501412
vt 0.238537073 0.031576991
vt 0.255265236 0.031360745
vt 0.255294979 0.049499869
vt 0.016215127 0.031418145
vt 0.093332410 0.031494260
vt 0.181870788 0.013822377
vt 0.093174368 0.018553853
vt 0.164902180 0.024237812
vt 0.212507486 0.002272785
vt 0.205655783 0.016952515
vt 0.093332410 0.031494260
vt 0.062281508 0.021909058
vt 0.159295619 0.031487584
vt 0.016215127 0.031418145
vt 0.093332410 0.031494260
vt 0.205655783 0.016952515
vt 0.224843979 0.022896886
vt 0.238855302 0.018167257
vt 0.212507486 0.002272785
vt 0.238537073 0.031576991
vt 0.255265236 0.031360745
vt 0.255188465 0.012796342
vt 0.231083691 0.031501412
vt 0.321403205 0.031034648
vt 0.255265236 0.031360745
vt 0.255294979 0.049499869
vt 0.470385641 0.121998191
vt 0.460475266 0.129737020
vt 0.470385641 0.134146214
vt 0.470385641 0.148008704
vt 0.454881698 0.148008704
vt 0.461005539 0.190772414
vt 0.470385641 0.196729183
vt 0.470385641 0.196729183
vt 0.480505168 0.190705776
vt 0.470385641 0.148008704
vt 0.486986697 0.148008704
vt 0.480761170 0.129815221
vt 0.470385641 0.134146214
vt 0.470385641 0.121998191
vt 0.480761170 0.129815221
vt 0.486986697 0.148008704
vt 0.500830412 0.148008704
vt 0.490440190 0.119575977
vt 0.484920532 0.200455546
vt 0.480505168 0.190705776
vt 0.470385641 0.206489444
vt 0.470385641 0.196729183
vt 0.470385641 0.121998191
vt 0.470385641 0.115438461
vt 0.461005539 0.190772414
vt 0.454881698 0.148008704
vt 0.440791219 0.148008704
vt 0.455872476 0.199984431
vt 0.450341702 0.119832277
vt 0.460475266 0.129737020
vt 0.470385641 0.115438461
vt 0.470385641 0.121998191
vt 0.470385641 0.196729183
vt 0.470385641 0.206489444
vt 0.654989183 0.441990256
vt 0.611326873 0.440335393
vt 0.642686784 0.425002456
vt 0.647102058 0.454338908
vt 0.641545236 0.469241977
vt 0.612589061 0.461446285
vt 0.617385566 0.484726071
vt 0.639886081 0.487847328
vt 0.625364006 0.506705165
vt 0.641875207 0.504964411
vt 0.647378623 0.526036263
vt 0.611326873 0.440335393
vt 0.654989183 0.441990256
vt 0.642686784 0.425002456
vt 0.647102058 0.454338908
vt 0.641545236 0.469241977
vt 0.612589061 0.461446285
vt 0.617385566 0.484726071
vt 0.639886081 0.487847328
vt 0.625364006 0.506705165
vt 0.641875207 0.504964411
vt 0.647378623 0.526036263
vt 0.412401855 0.499720275
vt 0.392185628 0.525857747
vt 0.372065961 0.499645650
vt 0.426081002 0.317472041
vt 0.443589538 0.302876592
vt 0.455478132 0.318550110
vt 0.456432581 0.339358807
vt 0.415232688 0.349389315
vt 0.460080177 0.371824563
vt 0.368836045 0.328734994
vt 0.408258498 0.305313826
vt 0.417716652 0.360725522
vt 0.453825027 0.381429434
vt 0.367374927 0.352454662
vt 0.434000880 0.276998997
vt 0.424177766 0.273855567
vt 0.423992157 0.235312819
vt 0.440805852 0.245224714
vt 0.325872362 0.350503206
vt 0.363794416 0.378901362
vt 0.323367864 0.381931543
vt 0.325206906 0.329422712
vt 0.398482054 0.397089660
vt 0.420646846 0.226459503
vt 0.401614845 0.259434938
vt 0.389539331 0.287912548
vt 0.458926827 0.265556693
vt 0.448229194 0.238980532
vt 0.469209105 0.289645195
vt 0.483119637 0.312220156
vt 0.488860220 0.333415270
vt 0.501026988 0.363854706
vt 0.527371824 0.394745231
vt 0.490611583 0.419523001
vt 0.528146148 0.461254120
vt 0.563907623 0.454793215
vt 0.498847097 0.462338209
vt 0.532822967 0.495701849
vt 0.474113435 0.430319130
vt 0.442801595 0.405346036
vt 0.415427417 0.362681508
vt 0.403341353 0.383445024
vt 0.500958800 0.497139573
vt 0.543681800 0.494329691
vt 0.532822967 0.495701849
vt 0.563694477 0.500955343
vt 0.563907623 0.454793215
vt 0.528146148 0.461254120
vt 0.527371824 0.394745231
vt 0.490611583 0.419523001
vt 0.498847097 0.462338209
vt 0.532822967 0.495701849
vt 0.474113435 0.430319130
vt 0.453825027 0.381429434
vt 0.442801595 0.405346036
vt 0.415427417 0.362681508
vt 0.403341353 0.383445024
vt 0.460080177 0.371824563
vt 0.417716652 0.360725522
vt 0.501026988 0.363854706
vt 0.456432581 0.339358807
vt 0.415232688 0.349389315
vt 0.426081002 0.317472041
vt 0.455478132 0.318550110
vt 0.443589538 0.302876592
vt 0.368836045 0.328734994
vt 0.408258498 0.305313826
vt 0.367374927 0.352454662
vt 0.434000880 0.276998997
vt 0.424177766 0.273855567
vt 0.423992157 0.235312819
vt 0.440805852 0.245224714
vt 0.325872362 0.350503206
vt 0.363794416 0.378901362
vt 0.323367864 0.381931543
vt 0.325206906 0.329422712
vt 0.398482054 0.397089660
vt 0.420646846 0.226459503
vt 0.401614845 0.259434938
vt 0.389539331 0.287912548
vt 0.363802075 0.308689713
vt 0.458926827 0.265556693
vt 0.458926827 0.265556693
vt 0.448229194 0.238980532
vt 0.440805852 0.245224714
vt 0.469209105 0.289645195
vt 0.322518855 0.315428257
vt 0.290655643 0.346126437
vt 0.294209689 0.331526101
vt 0.295345336 0.304495692
vt 0.258459985 0.330147326
vt 0.266096979 0.301052332
vt 0.263964266 0.271568775
vt 0.283736378 0.265306234
vt 0.263718843 0.237025976
vt 0.250907689 0.246062875
vt 0.239225432 0.212968349
vt 0.234803513 0.222160220
vt 0.194722846 0.201832891
vt 0.278515100 0.362738013
vt 0.252195835 0.347993612
vt 0.252195835 0.347993612
vt 0.230340883 0.330233097
vt 0.229268506 0.356558323
vt 0.230340883 0.330233097
vt 0.209325686 0.365568340
vt 0.195446745 0.333743930
vt 0.430750608 0.440465808
vt 0.442801595 0.405346036
vt 0.474113435 0.430319130
vt 0.453446567 0.468393505
vt 0.498847097 0.462338209
vt 0.482908875 0.486590326
vt 0.472289532 0.496676803
vt 0.481878310 0.501630902
vt 0.500958800 0.497139573
vt 0.481878310 0.501630902
vt 0.398482054 0.397089660
vt 0.401100844 0.425120831
vt 0.366310865 0.421492934
vt 0.363794416 0.378901362
vt 0.332526654 0.398083806
vt 0.330198795 0.416236103
vt 0.340432853 0.431573868
vt 0.306368768 0.372534990
vt 0.295688123 0.358715355
vt 0.290655673 0.346126378
vt 0.294209689 0.331526101
vt 0.295345336 0.304495692
vt 0.322518855 0.315428257
vt 0.363802075 0.308689713
vt 0.258459985 0.330147326
vt 0.266096979 0.301052332
vt 0.263964266 0.271568775
vt 0.283736378 0.265306234
vt 0.263718843 0.237025976
vt 0.250907689 0.246062875
vt 0.239225432 0.212968349
vt 0.234803513 0.222160220
vt 0.194722846 0.201832891
vt 0.252195835 0.347993612
vt 0.230340883 0.330233097
vt 0.229268506 0.356558323
vt 0.230340883 0.330233097
vt 0.209325686 0.365568340
vt 0.195446745 0.333743930
vt 0.252195835 0.347993612
vt 0.278515100 0.362738013
vt 0.418733239 0.473672688
vt 0.430750608 0.440465808
vt 0.453446567 0.468393505
vt 0.444733530 0.496466994
vt 0.472289532 0.496676803
vt 0.463243991 0.513175905
vt 0.391532868 0.456553459
vt 0.401100844 0.425120831
vt 0.366420388 0.454869032
vt 0.366310865 0.421492934
vt 0.481878310 0.501630902
vt 0.476606280 0.520696223
vt 0.500958800 0.497139573
vt 0.502041340 0.527289093
vt 0.481878310 0.501630902
vt 0.472289532 0.496676803
vt 0.444733530 0.496466994
vt 0.453446567 0.468393505
vt 0.418733239 0.473672688
vt 0.430750608 0.440465808
vt 0.401100844 0.425120831
vt 0.366420388 0.454869032
vt 0.366310865 0.421492934
vt 0.500958800 0.497139573
vt 0.502041340 0.527289093
vt 0.340950876 0.459967732
vt 0.366310865 0.421492934
vt 0.340432853 0.431573868
vt 0.340950876 0.459967732
vt 0.340432853 0.431573868
vt 0.366310865 0.421492934
vt 0.543681800 0.494329691
vt 0.563694477 0.500955343
vt 0.502041340 0.527289093
vt 0.500958800 0.497139573
vt 0.543681800 0.494329691
vt 0.500958800 0.497139573
vt 0.532822967 0.495701849
vt 0.258459985 0.330147326
vt 0.223979130 0.280088186
vt 0.266096979 0.301052332
vt 0.224076703 0.261947632
vt 0.263964266 0.271568775
vt 0.224076703 0.261947632
vt 0.250907689 0.246062875
vt 0.219675943 0.246917725
vt 0.234803513 0.222160220
vt 0.212178066 0.231082916
vt 0.194722846 0.201832891
vt 0.266096979 0.301052332
vt 0.263964266 0.271568775
vt 0.223979130 0.280088186
vt 0.258459985 0.330147326
vt 0.250907689 0.246062875
vt 0.219675943 0.246917725
vt 0.234803513 0.222160220
vt 0.212178066 0.231082916
vt 0.194722846 0.201832891
vt 0.230340883 0.330233097
vt 0.223979130 0.280088186
vt 0.258459985 0.330147326
vt 0.230340883 0.330233097
vt 0.195446745 0.333743930
vt 0.196364537 0.279645264
vt 0.158592477 0.307082891
vt 0.196364537 0.279645264
vt 0.195446745 0.333743930
vt 0.120794289 0.332506180
vt 0.160683617 0.380254388
vt 0.102070376 0.283166647
vt 0.138980970 0.273671508
vt 0.099068016 0.220334768
vt 0.125333086 0.212715268
vt 0.171158746 0.255250990
vt 0.149602219 0.200761199
vt 0.135703161 0.163419843
vt 0.115618557 0.132621646
vt 0.175437108 0.174792767
vt 0.166739479 0.188408732
vt 0.194722846 0.201832891
vt 0.208727792 0.192246795
vt 0.239225432 0.212968349
vt 0.094160706 0.156574130
vt 0.064872466 0.056563973
vt 0.157042697 0.113141537
vt 0.200444624 0.131360590
vt 0.263077855 0.167503417
vt 0.303424925 0.199426770
vt 0.263718843 0.237025976
vt 0.314816356 0.269319177
vt 0.283736378 0.265306234
vt 0.295345336 0.304495692
vt 0.322518855 0.315428257
vt 0.344382644 0.251962662
vt 0.363802075 0.308689713
vt 0.389539331 0.287912548
vt 0.209325686 0.365568340
vt 0.183160856 0.425224304
vt 0.190146372 0.266895413
vt 0.299717933 0.419570684
vt 0.293266147 0.408368349
vt 0.323367864 0.381931543
vt 0.332526654 0.398083806
vt 0.305565685 0.435113549
vt 0.330198795 0.416236103
vt 0.318292260 0.453207612
vt 0.340432853 0.431573868
vt 0.306368768 0.372534990
vt 0.280628920 0.397109032
vt 0.295688123 0.358715355
vt 0.270497978 0.384050012
vt 0.278515100 0.362738013
vt 0.269631267 0.383670092
vt 0.252195835 0.347993612
vt 0.260950953 0.385765910
vt 0.306368768 0.372534990
vt 0.295688123 0.358715355
vt 0.270497978 0.384050012
vt 0.278515100 0.362738013
vt 0.269631267 0.383670092
vt 0.252195835 0.347993612
vt 0.260950953 0.385765910
vt 0.242752060 0.393184662
vt 0.229268506 0.356558323
vt 0.209325686 0.365568340
vt 0.227047965 0.400894821
vt 0.252195835 0.347993612
vt 0.323367864 0.381931543
vt 0.299717933 0.419570684
vt 0.332526654 0.398083806
vt 0.305565685 0.435113549
vt 0.330198795 0.416236103
vt 0.318292260 0.453207612
vt 0.340432853 0.431573868
vt 0.252195835 0.347993612
vt 0.229268506 0.356558323
vt 0.242752060 0.393184662
vt 0.209325686 0.365568340
vt 0.227047965 0.400894821
vt 0.209325686 0.365568340
vt 0.227047965 0.400894821
vt 0.183160856 0.425224304
vt 0.312020421 0.732004762
vt 0.334354579 0.707531691
vt 0.346704751 0.729461014
vt 0.320015550 0.751613557
vt 0.305879653 0.705165386
vt 0.317045331 0.681863606
vt 0.300484896 0.684339881
vt 0.294355333 0.665265083
vt 0.359708518 0.758630157
vt 0.331930697 0.773157835
vt 0.346704751 0.729461014
vt 0.334354579 0.707531691
vt 0.339609563 0.706033766
vt 0.351990372 0.727972388
vt 0.359708518 0.758630157
vt 0.368850857 0.757957876
vt 0.322638035 0.678946972
vt 0.317045331 0.681863606
vt 0.294355333 0.665265083
vt 0.300484896 0.684339881
vt 0.291948617 0.687274933
vt 0.293984473 0.711710632
vt 0.305879653 0.705165386
vt 0.301276147 0.741176546
vt 0.312020421 0.732004762
vt 0.306801438 0.762830377
vt 0.320015550 0.751613557
vt 0.311647117 0.787781179
vt 0.331930697 0.773157835
vt 0.453825027 0.381429434
vt 0.415427417 0.362681508
vt 0.417716652 0.360725522
vt 0.403341353 0.383445024
vt 0.301276147 0.741176546
vt 0.306801438 0.762830377
vt 0.269424915 0.755147636
vt 0.268460691 0.726389885
vt 0.293984473 0.711710632
vt 0.273729920 0.691426396
vt 0.291948617 0.687274933
vt 0.277535141 0.790459573
vt 0.311647117 0.787781179
vt 0.294355333 0.665265083
vt 0.587873459 0.380274534
vt 0.556262016 0.389313281
vt 0.544916987 0.309872508
vt 0.590845466 0.315086007
vt 0.587093949 0.452267885
vt 0.592354059 0.240757942
vt 0.551298976 0.238509119
vt 0.566184640 0.193319559
vt 0.551088095 0.196381092
vt 0.537641346 0.156027079
vt 0.564707875 0.155699134
vt 0.526494861 0.110423446
vt 0.579836488 0.104202867
vt 0.574926257 0.059312820
vt 0.536882520 0.072803676
vt 0.571205139 0.035687149
vt 0.523854256 0.055122077
vt 0.560696244 0.018446863
vt 0.535513282 0.022380054
vt 0.430750608 0.440465808
vt 0.453446567 0.468393505
vt 0.474113435 0.430319130
vt 0.442801595 0.405346036
vt 0.498847097 0.462338209
vt 0.482908875 0.486590326
vt 0.472289532 0.496676803
vt 0.481878310 0.501630902
vt 0.500958800 0.497139573
vt 0.481878310 0.501630902
vt 0.398482054 0.397089660
vt 0.401100844 0.425120831
vt 0.366310865 0.421492934
vt 0.363794416 0.378901362
vt 0.332526654 0.398083806
vt 0.330198795 0.416236103
vt 0.340432853 0.431573868
vt 0.403341353 0.383445024
vt 0.306368768 0.372534990
vt 0.295688123 0.358715355
vt 0.543681800 0.494329691
vt 0.532822967 0.495701849
vt 0.563694477 0.500955343
vt 0.488860220 0.333415270
vt 0.483119637 0.312220156
vt 0.500958800 0.497139573
vt 0.543681800 0.494329691
vt 0.500958800 0.497139573
vt 0.502041340 0.527289093
vt 0.563694477 0.500955343
vt 0.500958800 0.497139573
vt 0.543681800 0.494329691
vt 0.532822967 0.495701849
vt 0.223979130 0.280088186
vt 0.230340883 0.330233097
vt 0.258459985 0.330147326
vt 0.196364537 0.279645264
vt 0.195446745 0.333743930
vt 0.230340883 0.330233097
vt 0.196364537 0.279645264
vt 0.158592477 0.307082891
vt 0.195446745 0.333743930
vt 0.120794289 0.332506180
vt 0.160683617 0.380254388
vt 0.102070376 0.283166647
vt 0.138980970 0.273671508
vt 0.099068016 0.220334768
vt 0.125333086 0.212715268
vt 0.171158746 0.255250990
vt 0.149602219 0.200761199
vt 0.135703161 0.163419843
vt 0.115618557 0.132621646
vt 0.175437108 0.174792767
vt 0.166739479 0.188408732
vt 0.194722846 0.201832891
vt 0.208727792 0.192246795
vt 0.239225432 0.212968349
vt 0.094160706 0.156574130
vt 0.064872466 0.056563973
vt 0.157042697 0.113141537
vt 0.200444624 0.131360590
vt 0.263077855 0.167503417
vt 0.303424925 0.199426770
vt 0.263718843 0.237025976
vt 0.314816356 0.269319177
vt 0.283736378 0.265306234
vt 0.295345336 0.304495692
vt 0.322518855 0.315428257
vt 0.344382644 0.251962662
vt 0.363802075 0.308689713
vt 0.389539331 0.287912548
vt 0.183160856 0.425224304
vt 0.209325686 0.365568340
vt 0.190146372 0.266895413
vt 0.227047965 0.400894821
vt 0.209325686 0.365568340
vt 0.183160856 0.425224304
vt 0.312020421 0.732004762
vt 0.320015550 0.751613557
vt 0.346704751 0.729461014
vt 0.334354579 0.707531691
vt 0.305879653 0.705165386
vt 0.317045331 0.681863606
vt 0.300484896 0.684339881
vt 0.294355333 0.665265083
vt 0.359708518 0.758630157
vt 0.331930697 0.773157835
vt 0.346704751 0.729461014
vt 0.351990372 0.727972388
vt 0.339609563 0.706033766
vt 0.334354579 0.707531691
vt 0.359708518 0.758630157
vt 0.368850857 0.757957876
vt 0.322638035 0.678946972
vt 0.317045331 0.681863606
vt 0.294355333 0.665265083
vt 0.300484896 0.684339881
vt 0.291948617 0.687274933
vt 0.293984473 0.711710632
vt 0.305879653 0.705165386
vt 0.301276147 0.741176546
vt 0.312020421 0.732004762
vt 0.306801438 0.762830377
vt 0.320015550 0.751613557
vt 0.311647117 0.787781179
vt 0.331930697 0.773157835
vt 0.415427417 0.362681508
vt 0.453825027 0.381429434
vt 0.417716652 0.360725522
vt 0.301276147 0.741176546
vt 0.268460691 0.726389885
vt 0.269424915 0.755147636
vt 0.306801438 0.762830377
vt 0.293984473 0.711710632
vt 0.273729920 0.691426396
vt 0.291948617 0.687274933
vt 0.277535141 0.790459573
vt 0.311647117 0.787781179
vt 0.294355333 0.665265083
vt 0.587873459 0.380274534
vt 0.590845466 0.315086007
vt 0.544916987 0.309872508
vt 0.556262016 0.389313281
vt 0.587093949 0.452267885
vt 0.592354059 0.240757942
vt 0.551298976 0.238509119
vt 0.566184640 0.193319559
vt 0.551088095 0.196381092
vt 0.537641346 0.156027079
vt 0.564707875 0.155699134
vt 0.526494861 0.110423446
vt 0.579836488 0.104202867
vt 0.574926257 0.059312820
vt 0.536882520 0.072803676
vt 0.571205139 0.035687149
vt 0.523854256 0.055122077
vt 0.560696244 0.018446863
vt 0.535513282 0.022380054
vt 0.806293428 0.943416953
vt 0.736838758 0.943417192
vt 0.805206358 0.969672501
vt 0.938325703 0.978451550
vt 0.806293428 0.943416953
vt 0.955125272 0.943416178
vt 0.949650526 0.889071465
vt 0.805206180 0.917161405
vt 0.806293428 0.943416953
vt 0.955125272 0.943416178
vt 0.989574850 0.952034175
vt 0.806293428 0.943416953
vt 0.736838758 0.943417192
vt 0.736838758 0.943417192
vt 0.806293428 0.943416953
vt 0.805206358 0.969672501
vt 0.938325703 0.978451550
vt 0.806293428 0.943416953
vt 0.955125272 0.943416178
vt 0.949650526 0.889071465
vt 0.955125272 0.943416178
vt 0.806293428 0.943416953
vt 0.805206180 0.917161405
vt 0.989574850 0.952034175
vt 0.806293428 0.943416953
vt 0.736838758 0.943417192
vt 0.334937066 0.951402724
vt 0.266078860 0.945904315
vt 0.278457165 0.884112597
vt 0.339835763 0.887919962
vt 0.215870127 0.894379854
vt 0.209608585 0.945285857
vt 0.146893635 0.904317677
vt 0.219122529 0.881267726
vt 0.146300107 0.869473040
vt 0.220968634 0.840110242
vt 0.071575001 0.904717147
vt 0.074244536 0.925779462
vt 0.073045626 0.950882792
vt 0.147698715 0.944999814
vt 0.036061194 0.954638302
vt 0.030559804 0.943170607
vt 0.030795844 0.928152204
vt 0.006514534 0.951973915
vt 0.036061194 0.954638302
vt 0.278669864 0.865321577
vt 0.276960045 0.822635829
vt 0.320991397 0.862910807
vt 0.320868731 0.814878941
vt 0.332660854 0.843325675
vt 0.343941510 0.816848874
vt 0.320795506 0.876778424
vt 0.215870127 0.894379854
vt 0.389327735 0.895221174
vt 0.399470270 0.955341280
vt 0.470498621 0.903784573
vt 0.487912357 0.954393446
vt 0.487912357 0.954393446
vt 0.569441915 0.896888316
vt 0.589019537 0.949263990
vt 0.646230459 0.879497945
vt 0.680012584 0.932485521
vt 0.700998068 0.862664402
vt 0.758341670 0.912765563
vt 0.750466228 0.841043472
vt 0.862613082 0.869437695
vt 0.802524090 0.823476434
vt 0.825220823 0.811572373
vt 0.876504064 0.801184356
vt 0.913396955 0.846229136
vt 0.900738955 0.798405051
vt 0.933972001 0.830713689
vt 0.924336076 0.787055910
vt 0.947574615 0.799597979
vt 0.942936897 0.763702333
vt 0.839246154 0.798199177
vt 0.876504064 0.801184356
vt 0.433826923 0.857042432
vt 0.490447640 0.850557387
vt 0.470498621 0.903784573
vt 0.380315095 0.869337618
vt 0.421113193 0.832701206
vt 0.370914966 0.842016935
vt 0.389327735 0.895221174
vt 0.340439439 0.867997527
vt 0.422879755 0.817142367
vt 0.374588966 0.823060274
vt 0.343941510 0.816848874
vt 0.332660854 0.843325675
vt 0.320991397 0.862910807
vt 0.320795506 0.876778424
vt 0.339835763 0.887919962
vt 0.453872234 0.824965537
vt 0.459919363 0.800548851
vt 0.460038453 0.836953163
vt 0.422879755 0.817142367
vt 0.534811378 0.857062995
vt 0.470498621 0.903784573
vt 0.569441915 0.896888316
vt 0.534811378 0.857062995
vt 0.575436354 0.850816190
vt 0.646230459 0.879497945
vt 0.637287855 0.840636790
vt 0.700998068 0.862664402
vt 0.682223439 0.826171935
vt 0.729744434 0.808425546
vt 0.750466228 0.841043472
vt 0.791293025 0.803622067
vt 0.802524090 0.823476434
vt 0.825220823 0.811572373
vt 0.815421820 0.791680753
vt 0.839246154 0.798199177
vt 0.831483126 0.767409146
vt 0.876504064 0.801184356
vt 0.877520680 0.774764836
vt 0.900738955 0.798405051
vt 0.898249149 0.776609182
vt 0.924336076 0.787055910
vt 0.920748353 0.773599863
vt 0.942936897 0.763702333
vt 0.411818892 0.804724932
vt 0.422879755 0.817142367
vt 0.374588966 0.823060274
vt 0.395172834 0.788808227
vt 0.411818892 0.804724932
vt 0.425311714 0.759465218
vt 0.442740411 0.780341089
vt 0.483385026 0.750405848
vt 0.467453837 0.721011698
vt 0.527869582 0.702783227
vt 0.532976627 0.736031175
vt 0.587193370 0.704406917
vt 0.587581635 0.736686289
vt 0.343941510 0.816848874
vt 0.459919363 0.800548851
vt 0.499262094 0.779820383
vt 0.538034916 0.769282460
vt 0.588222623 0.767635643
vt 0.651157975 0.756080747
vt 0.642190099 0.780512035
vt 0.696467996 0.771705270
vt 0.689478636 0.800004482
vt 0.734415293 0.781928480
vt 0.729744434 0.808425546
vt 0.658087254 0.727950096
vt 0.737331033 0.753321230
vt 0.703543901 0.743414164
vt 0.776081324 0.758921921
vt 0.776081324 0.758921921
vt 0.783471346 0.784681678
vt 0.734415293 0.781928480
vt 0.791293025 0.803622067
vt 0.729744434 0.808425546
vt 0.815421820 0.791680753
vt 0.807173133 0.773194373
vt 0.799427390 0.749688625
vt 0.813579559 0.762357712
vt 0.816344738 0.751312196
vt 0.813518524 0.729963064
vt 0.831483126 0.767409146
vt 0.826235771 0.747259140
vt 0.334937066 0.951402724
vt 0.339835763 0.887919962
vt 0.278457165 0.884112597
vt 0.266078860 0.945904315
vt 0.215870127 0.894379854
vt 0.209608585 0.945285857
vt 0.146893635 0.904317677
vt 0.219122529 0.881267726
vt 0.146300107 0.869473040
vt 0.220968634 0.840110242
vt 0.071575001 0.904717147
vt 0.074244536 0.925779462
vt 0.073045626 0.950882792
vt 0.147698715 0.944999814
vt 0.036061194 0.954638302
vt 0.030559804 0.943170607
vt 0.030795844 0.928152204
vt 0.006514534 0.951973915
vt 0.036061194 0.954638302
vt 0.278669864 0.865321577
vt 0.276960045 0.822635829
vt 0.320991397 0.862910807
vt 0.320868731 0.814878941
vt 0.332660854 0.843325675
vt 0.343941510 0.816848874
vt 0.320795506 0.876778424
vt 0.215870127 0.894379854
vt 0.389327735 0.895221174
vt 0.399470270 0.955341280
vt 0.470498621 0.903784573
vt 0.487912357 0.954393446
vt 0.487912357 0.954393446
vt 0.569441915 0.896888316
vt 0.589019537 0.949263990
vt 0.646230459 0.879497945
vt 0.680012584 0.932485521
vt 0.700998068 0.862664402
vt 0.758341670 0.912765563
vt 0.750466228 0.841043472
vt 0.862613082 0.869437695
vt 0.802524090 0.823476434
vt 0.825220823 0.811572373
vt 0.876504064 0.801184356
vt 0.913396955 0.846229136
vt 0.900738955 0.798405051
vt 0.933972001 0.830713689
vt 0.924336076 0.787055910
vt 0.947574615 0.799597979
vt 0.942936897 0.763702333
vt 0.876504064 0.801184356
vt 0.839246154 0.798199177
vt 0.490447640 0.850557387
vt 0.433826923 0.857042432
vt 0.470498621 0.903784573
vt 0.380315095 0.869337618
vt 0.421113193 0.832701206
vt 0.370914966 0.842016935
vt 0.389327735 0.895221174
vt 0.340439439 0.867997527
vt 0.422879755 0.817142367
vt 0.374588966 0.823060274
vt 0.343941510 0.816848874
vt 0.332660854 0.843325675
vt 0.320991397 0.862910807
vt 0.320795506 0.876778424
vt 0.339835763 0.887919962
vt 0.453872234 0.824965537
vt 0.459919363 0.800548851
vt 0.460038453 0.836953163
vt 0.422879755 0.817142367
vt 0.534811378 0.857062995
vt 0.470498621 0.903784573
vt 0.569441915 0.896888316
vt 0.575436354 0.850816190
vt 0.534811378 0.857062995
vt 0.646230459 0.879497945
vt 0.637287855 0.840636790
vt 0.700998068 0.862664402
vt 0.682223439 0.826171935
vt 0.729744434 0.808425546
vt 0.750466228 0.841043472
vt 0.791293025 0.803622067
vt 0.802524090 0.823476434
vt 0.825220823 0.811572373
vt 0.815421820 0.791680753
vt 0.839246154 0.798199177
vt 0.831483126 0.767409146
vt 0.876504064 0.801184356
vt 0.877520680 0.774764836
vt 0.900738955 0.798405051
vt 0.898249149 0.776609182
vt 0.924336076 0.787055910
vt 0.920748353 0.773599863
vt 0.942936897 0.763702333
vt 0.422879755 0.817142367
vt 0.411818892 0.804724932
vt 0.374588966 0.823060274
vt 0.395172834 0.788808227
vt 0.343941510 0.816848874
vt 0.411818892 0.804724932
vt 0.425311714 0.759465218
vt 0.442740411 0.780341089
vt 0.483385026 0.750405848
vt 0.467453837 0.721011698
vt 0.527869582 0.702783227
vt 0.532976627 0.736031175
vt 0.587193370 0.704406917
vt 0.587581635 0.736686289
vt 0.459919363 0.800548851
vt 0.499262094 0.779820383
vt 0.538034916 0.769282460
vt 0.588222623 0.767635643
vt 0.651157975 0.756080747
vt 0.642190099 0.780512035
vt 0.696467996 0.771705270
vt 0.689478636 0.800004482
vt 0.734415293 0.781928480
vt 0.729744434 0.808425546
vt 0.658087254 0.727950096
vt 0.737331033 0.753321230
vt 0.703543901 0.743414164
vt 0.776081324 0.758921921
vt 0.783471346 0.784681678
vt 0.791293025 0.803622067
vt 0.815421820 0.791680753
vt 0.807173133 0.773194373
vt 0.799427390 0.749688625
vt 0.813579559 0.762357712
vt 0.816344738 0.751312196
vt 0.813518524 0.729963064
vt 0.831483126 0.767409146
vt 0.826235771 0.747259140
vt 0.334937066 0.951402724
vt 0.339835763 0.887919962
vt 0.278457165 0.884112597
vt 0.266078860 0.945904315
vt 0.215870127 0.894379854
vt 0.209608585 0.945285857
vt 0.146893635 0.904317677
vt 0.219122529 0.881267726
vt 0.146300107 0.869473040
vt 0.220968634 0.840110242
vt 0.071575001 0.904717147
vt 0.074244536 0.925779462
vt 0.073045626 0.950882792
vt 0.147698715 0.944999814
vt 0.036061194 0.954638302
vt 0.030559804 0.943170607
vt 0.030795844 0.928152204
vt 0.006514534 0.951973915
vt 0.036061194 0.954638302
vt 0.278669864 0.865321577
vt 0.276960045 0.822635829
vt 0.320991397 0.862910807
vt 0.320868731 0.814878941
vt 0.332660854 0.843325675
vt 0.343941510 0.816848874
vt 0.320795506 0.876778424
vt 0.215870127 0.894379854
vt 0.389327735 0.895221174
vt 0.399470270 0.955341280
vt 0.470498621 0.903784573
vt 0.487912357 0.954393446
vt 0.487912357 0.954393446
vt 0.569441915 0.896888316
vt 0.589019537 0.949263990
vt 0.646230459 0.879497945
vt 0.680012584 0.932485521
vt 0.700998068 0.862664402
vt 0.758341670 0.912765563
vt 0.750466228 0.841043472
vt 0.862613082 0.869437695
vt 0.802524090 0.823476434
vt 0.825220823 0.811572373
vt 0.876504064 0.801184356
vt 0.913396955 0.846229136
vt 0.900738955 0.798405051
vt 0.933972001 0.830713689
vt 0.924336076 0.787055910
vt 0.947574615 0.799597979
vt 0.942936897 0.763702333
vt 0.876504064 0.801184356
vt 0.839246154 0.798199177
vt 0.460038453 0.836953163
vt 0.433826923 0.857042432
vt 0.470498621 0.903784573
vt 0.490447640 0.850557387
vt 0.453872234 0.824965537
vt 0.421113193 0.832701206
vt 0.380315095 0.869337618
vt 0.370914966 0.842016935
vt 0.389327735 0.895221174
vt 0.340439439 0.867997527
vt 0.422879755 0.817142367
vt 0.374588966 0.823060274
vt 0.343941510 0.816848874
vt 0.332660854 0.843325675
vt 0.320991397 0.862910807
vt 0.320795506 0.876778424
vt 0.339835763 0.887919962
vt 0.459919363 0.800548851
vt 0.422879755 0.817142367
vt 0.534811378 0.857062995
vt 0.470498621 0.903784573
vt 0.569441915 0.896888316
vt 0.575436354 0.850816190
vt 0.534811378 0.857062995
vt 0.646230459 0.879497945
vt 0.637287855 0.840636790
vt 0.700998068 0.862664402
vt 0.682223439 0.826171935
vt 0.729744434 0.808425546
vt 0.750466228 0.841043472
vt 0.791293025 0.803622067
vt 0.802524090 0.823476434
vt 0.825220823 0.811572373
vt 0.815421820 0.791680753
vt 0.839246154 0.798199177
vt 0.831483126 0.767409146
vt 0.876504064 0.801184356
vt 0.877520680 0.774764836
vt 0.900738955 0.798405051
vt 0.898249149 0.776609182
vt 0.924336076 0.787055910
vt 0.920748353 0.773599863
vt 0.942936897 0.763702333
vt 0.702346027 0.446317911
vt 0.705156446 0.485868752
vt 0.727168083 0.501247466
vt 0.731001973 0.458883166
vt 0.743817329 0.414552927
vt 0.713809669 0.400543094
vt 0.742312968 0.371199846
vt 0.715582132 0.514168918
vt 0.726216316 0.533439338
vt 0.766750097 0.378936172
vt 0.768067598 0.335014939
vt 0.789443731 0.335562229
vt 0.783330023 0.291008472
vt 0.803472757 0.292644024
vt 0.803895950 0.247740448
vt 0.786135793 0.250868678
vt 0.798400521 0.215190291
vt 0.782367587 0.216661334
vt 0.793373942 0.186311066
vt 0.778617382 0.190560400
vt 0.786693037 0.167351782
vt 0.768578291 0.172492743
vt 0.771978199 0.150929928
vt 0.758389473 0.161655188
vt 0.754467309 0.146166623
vt 0.750837326 0.153733671
vt 0.739591718 0.148221791
vt 0.742312968 0.371199846
vt 0.768067598 0.335014939
vt 0.745424628 0.333239317
vt 0.726677299 0.364268541
vt 0.756649971 0.285436034
vt 0.783330023 0.291008472
vt 0.760655761 0.251671076
vt 0.786135793 0.250868678
vt 0.782367587 0.216661334
vt 0.760244668 0.216756225
vt 0.778617382 0.190560400
vt 0.757111311 0.188985050
vt 0.768578291 0.172492743
vt 0.753420234 0.174403369
vt 0.758389473 0.161655188
vt 0.747548044 0.161084890
vt 0.750837326 0.153733671
vt 0.739591718 0.148221791
vt 0.713809669 0.400543094
vt 0.708606303 0.368658066
vt 0.690793514 0.398217440
vt 0.719591260 0.368948817
vt 0.819267035 0.123405993
vt 0.828254104 0.129107475
vt 0.831795692 0.109589636
vt 0.821481645 0.111820102
vt 0.809588313 0.130120635
vt 0.812332988 0.140639603
vt 0.797889888 0.127956569
vt 0.792148292 0.137836397
vt 0.791223824 0.118067682
vt 0.780538201 0.120910168
vt 0.793589652 0.106460750
vt 0.784593821 0.100848079
vt 0.803608835 0.100005269
vt 0.801960826 0.089697063
vt 0.815170705 0.102054536
vt 0.821504474 0.092957854
vt 0.815170705 0.102054536
vt 0.803608835 0.100005269
vt 0.793589652 0.106460750
vt 0.791223824 0.118067682
vt 0.821481645 0.111820102
vt 0.797889888 0.127956569
vt 0.819267035 0.123405993
vt 0.809588313 0.130120635
vt 0.839682221 0.111697793
vt 0.831795692 0.109589636
vt 0.828254104 0.129107475
vt 0.837697446 0.134575605
vt 0.838685691 0.093280017
vt 0.827278316 0.093120277
vt 0.824844897 0.143998921
vt 0.837015808 0.159587979
vt 0.844043672 0.066248178
vt 0.850531876 0.081638575
vt 0.864663482 0.068179846
vt 0.859609067 0.058084249
vt 0.880958319 0.052925467
vt 0.827278316 0.093120277
vt 0.821504474 0.092957854
vt 0.831795692 0.109589636
vt 0.812656820 0.071751893
vt 0.798109472 0.077813804
vt 0.801960826 0.089697063
vt 0.844043672 0.066248178
vt 0.836478174 0.061610460
vt 0.802043319 0.046941459
vt 0.811563671 0.051043928
vt 0.831913352 0.047079682
vt 0.828971922 0.027277231
vt 0.866551638 0.093959689
vt 0.850531876 0.081638575
vt 0.838685691 0.093280017
vt 0.864260972 0.111187458
vt 0.839682221 0.111697793
vt 0.864663482 0.068179846
vt 0.873667121 0.075599849
vt 0.880958319 0.052925467
vt 0.857568622 0.121701360
vt 0.837697446 0.134575605
vt 0.855489254 0.135321617
vt 0.837015808 0.159587979
vt 0.851775289 0.161549449
vt 0.843252659 0.184962273
vt 0.846597552 0.184635758
vt 0.798400521 0.215190291
vt 0.804814100 0.212914288
vt 0.800446391 0.185077250
vt 0.793373942 0.186311066
vt 0.803895950 0.247740448
vt 0.809313655 0.247257113
vt 0.803472757 0.292644024
vt 0.808042765 0.293081284
vt 0.789443731 0.335562229
vt 0.796946049 0.335241914
vt 0.766750097 0.378936172
vt 0.774268329 0.379797101
vt 0.743817329 0.414552927
vt 0.749692976 0.416095257
vt 0.731001973 0.458883166
vt 0.738517463 0.460565329
vt 0.727168083 0.501247466
vt 0.734076560 0.502415121
vt 0.726216316 0.533439338
vt 0.727687180 0.538056433
vt 0.812332988 0.140639603
vt 0.824844897 0.143998921
vt 0.828254104 0.129107475
vt 0.705483258 0.966682911
vt 0.672456861 0.966676593
vt 0.672717452 0.987635136
vt 0.705160499 0.987628579
vt 0.731809855 0.967263937
vt 0.657711029 0.966689348
vt 0.672717452 0.987635136
vt 0.657711506 0.987623096
vt 0.638360560 0.966688871
vt 0.638360977 0.987626314
vt 0.619318843 0.966689348
vt 0.619318843 0.987626791
vt 0.600276887 0.966689825
vt 0.600277185 0.987627387
vt 0.422879755 0.817142367
vt 0.411818892 0.804724932
vt 0.374588966 0.823060274
vt 0.395172834 0.788808227
vt 0.343941510 0.816848874
vt 0.411818892 0.804724932
vt 0.425311714 0.759465218
vt 0.442740411 0.780341089
vt 0.483385026 0.750405848
vt 0.467453837 0.721011698
vt 0.527869582 0.702783227
vt 0.532976627 0.736031175
vt 0.587193370 0.704406917
vt 0.587581635 0.736686289
vt 0.459919363 0.800548851
vt 0.499262094 0.779820383
vt 0.538034916 0.769282460
vt 0.588222623 0.767635643
vt 0.651157975 0.756080747
vt 0.642190099 0.780512035
vt 0.696467996 0.771705270
vt 0.689478636 0.800004482
vt 0.734415293 0.781928480
vt 0.729744434 0.808425546
vt 0.658087254 0.727950096
vt 0.737331033 0.753321230
vt 0.703543901 0.743414164
vt 0.776081324 0.758921921
vt 0.783471346 0.784681678
vt 0.791293025 0.803622067
vt 0.815421820 0.791680753
vt 0.807173133 0.773194373
vt 0.799427390 0.749688625
vt 0.813579559 0.762357712
vt 0.816344738 0.751312196
vt 0.813518524 0.729963064
vt 0.831483126 0.767409146
vt 0.826235771 0.747259140
vt 0.727687180 0.538056433
vt 0.726216316 0.533439338
vt 0.715582132 0.514168918
vt 0.707213461 0.521021187
vt 0.705156446 0.485868752
vt 0.692657948 0.489465415
vt 0.702346027 0.446317911
vt 0.689867020 0.445641398
vt 0.713809669 0.400543094
vt 0.698916972 0.408522129
vt 0.690793514 0.398217440
vt 0.731484950 0.186098993
vt 0.753420234 0.174403369
vt 0.747548044 0.161084890
vt 0.730876803 0.171859384
vt 0.733136594 0.197674692
vt 0.757111311 0.188985050
vt 0.737209380 0.218317091
vt 0.760244668 0.216756225
vt 0.737886071 0.247655034
vt 0.760655761 0.251671076
vt 0.734688580 0.275527596
vt 0.756649971 0.285436034
vt 0.733152032 0.325505614
vt 0.745424628 0.333239317
vt 0.716592610 0.351648688
vt 0.726677299 0.364268541
vt 0.739591718 0.148221791
vt 0.710728765 0.356790543
vt 0.719591260 0.368948817
vt 0.708606303 0.368658066
vt 0.755747020 0.142240524
vt 0.739591718 0.148221791
vt 0.754467309 0.146166623
vt 0.786693037 0.167351782
vt 0.793550730 0.164291024
vt 0.785594583 0.152881622
vt 0.771978199 0.150929928
vt 0.775560975 0.147229254
vt 0.755747020 0.142240524
vt 0.754467309 0.146166623
vt 0.601119637 0.825033545
vt 0.594777584 0.816342711
vt 0.605611920 0.809262633
vt 0.612220526 0.816832125
vt 0.583729029 0.830223024
vt 0.583042860 0.819689393
vt 0.566753149 0.831511199
vt 0.562944293 0.818209529
vt 0.547898531 0.828883290
vt 0.550553083 0.813309133
vt 0.534930348 0.811999202
vt 0.548312783 0.810135484
vt 0.545778275 0.806323051
vt 0.530079365 0.805707812
vt 0.531625032 0.823616922
vt 0.519683361 0.805771172
vt 0.514244795 0.817617655
vt 0.503254652 0.806860745
vt 0.497747302 0.816098690
vt 0.491700023 0.812032700
vt 0.483866632 0.817933977
vt 0.622011781 0.791664362
vt 0.622416019 0.795803964
vt 0.614071250 0.797595441
vt 0.614900827 0.791869462
vt 0.618043065 0.785431445
vt 0.612348914 0.783069611
vt 0.612502694 0.802709281
vt 0.611413121 0.814796031
vt 0.581516981 0.966694236
vt 0.581517279 0.987624884
vt 0.600277185 0.987627387
vt 0.600276887 0.966689825
vt 0.526636302 0.966667175
vt 0.520669937 0.980117917
vt 0.520939112 0.984355807
vt 0.526527345 0.983684421
vt 0.526527345 0.983684421
vt 0.581517279 0.987624884
vt 0.581516981 0.966694236
vt 0.526636302 0.966667175
vt 0.925744832 0.609851241
vt 0.963141620 0.651105583
vt 0.972904563 0.568487704
vt 0.946129858 0.525722921
vt 0.991924524 0.429939508
vt 0.968646049 0.421997011
vt 0.912608266 0.517045736
vt 0.911580265 0.483818412
vt 0.940646708 0.418745399
vt 0.962381661 0.349233866
vt 0.983094990 0.352402210
vt 0.973597288 0.290066600
vt 0.954129338 0.292953253
vt 0.949512303 0.232791126
vt 0.968220472 0.232002079
vt 0.962438941 0.188547552
vt 0.943679392 0.189280689
vt 0.991924524 0.429939508
vt 0.962997615 0.144191325
vt 0.943144083 0.146767139
vt 0.934067130 0.086471379
vt 0.957254469 0.079752088
vt 0.941559374 0.345343053
vt 0.938044965 0.295019746
vt 0.934690535 0.233186662
vt 0.923310041 0.189938009
vt 0.926815391 0.149663746
vt 0.920419872 0.112807512
vt 0.947870195 0.044519424
vt 0.924186647 0.060132623
vt 0.934772551 0.009137452
vt 0.916092575 0.095886469
vt 0.946129858 0.525722921
vt 0.968646049 0.421997011
vt 0.911580265 0.483818412
vt 0.940646708 0.418745399
vt 0.962381661 0.349233866
vt 0.983094990 0.352402210
vt 0.973597288 0.290066600
vt 0.954129338 0.292953253
vt 0.949512303 0.232791126
vt 0.968220472 0.232002079
vt 0.962438941 0.188547552
vt 0.943679392 0.189280689
vt 0.962997615 0.144191325
vt 0.943144083 0.146767139
vt 0.934067130 0.086471379
vt 0.957254469 0.079752088
vt 0.941559374 0.345343053
vt 0.938044965 0.295019746
vt 0.934690535 0.233186662
vt 0.923310041 0.189938009
vt 0.926815391 0.149663746
vt 0.920419872 0.112807512
vt 0.947870195 0.044519424
vt 0.924186647 0.060132623
vt 0.934772551 0.009137452
vt 0.916092575 0.095886469
vt 0.938873708 0.678952217
vt 0.952307522 0.728632808
vt 0.902823389 0.374385715
vt 0.903245270 0.407635033
vt 0.940646708 0.418745399
vt 0.941559374 0.345343053
vt 0.912460387 0.331776559
vt 0.938044965 0.295019746
vt 0.917366445 0.291342378
vt 0.934690535 0.233186662
vt 0.919605136 0.239306808
vt 0.918592930 0.212856412
vt 0.923310041 0.189938009
vt 0.905153275 0.436503053
vt 0.899132252 0.097742140
vt 0.899526238 0.107837498
vt 0.920419872 0.112807512
vt 0.886310577 0.164247215
vt 0.926815391 0.149663746
vt 0.923310041 0.189938009
vt 0.888119638 0.192312121
vt 0.918592930 0.212856412
vt 0.870941997 0.216098845
vt 0.872915983 0.243095934
vt 0.919605136 0.239306808
vt 0.869513988 0.272898138
vt 0.917366445 0.291342378
vt 0.855607927 0.312287807
vt 0.912460387 0.331776559
vt 0.870141029 0.165565848
vt 0.879458547 0.139095902
vt 0.868121088 0.140585780
vt 0.866882622 0.201938808
vt 0.860358059 0.202005029
vt 0.846597552 0.184635758
vt 0.851775289 0.161549449
vt 0.855489254 0.135321617
vt 0.848317742 0.212006569
vt 0.895281196 0.367253184
vt 0.902823389 0.374385715
vt 0.892338932 0.401725292
vt 0.903245270 0.407635033
vt 0.889642835 0.432348013
vt 0.905153275 0.436503053
vt 0.891701519 0.494662046
vt 0.911580265 0.483818412
vt 0.912608266 0.517045736
vt 0.907915592 0.604749978
vt 0.889566541 0.604007125
vt 0.853928983 0.497647762
vt 0.922689617 0.681118071
vt 0.925744832 0.609851241
vt 0.938873708 0.678952217
vt 0.952307522 0.728632808
vt 0.841535389 0.362169325
vt 0.841535389 0.362169325
vt 0.895281196 0.367253184
vt 0.892338932 0.401725292
vt 0.902823389 0.374385715
vt 0.903245270 0.407635033
vt 0.912460387 0.331776559
vt 0.889642835 0.432348013
vt 0.905153275 0.436503053
vt 0.891701519 0.494662046
vt 0.911580265 0.483818412
vt 0.912608266 0.517045736
vt 0.907915592 0.604749978
vt 0.889566541 0.604007125
vt 0.853928983 0.497647762
vt 0.922689617 0.681118071
vt 0.925744832 0.609851241
vt 0.938873708 0.678952217
vt 0.952307522 0.728632808
vt 0.855607927 0.312287807
vt 0.917366445 0.291342378
vt 0.869513988 0.272898138
vt 0.919605136 0.239306808
vt 0.872915983 0.243095934
vt 0.918592930 0.212856412
vt 0.870941997 0.216098845
vt 0.888119638 0.192312121
vt 0.923310041 0.189938009
vt 0.886310577 0.164247215
vt 0.926815391 0.149663746
vt 0.920419872 0.112807512
vt 0.870141029 0.165565848
vt 0.879458547 0.139095902
vt 0.868121088 0.140585780
vt 0.866882622 0.201938808
vt 0.860358059 0.202005029
vt 0.846597552 0.184635758
vt 0.851775289 0.161549449
vt 0.855489254 0.135321617
vt 0.848317742 0.212006569
vt 0.899526238 0.107837498
vt 0.883232415 0.104033172
vt 0.875853896 0.130233765
vt 0.879458547 0.139095902
vt 0.870135009 0.131362736
vt 0.899132252 0.097742140
vt 0.916092575 0.095886469
vt 0.857568622 0.121701360
vt 0.864260972 0.111187458
vt 0.864260972 0.111187458
vt 0.857568622 0.121701360
vt 0.870135009 0.131362736
vt 0.875853896 0.130233765
vt 0.879458547 0.139095902
vt 0.883232415 0.104033172
vt 0.916092575 0.095886469
vt 0.899886370 0.048648715
vt 0.916092575 0.095886469
vt 0.924186647 0.060132623
vt 0.934772551 0.009137452
vt 0.899132252 0.097742140
vt 0.884264469 0.089061618
vt 0.883232415 0.104033172
vt 0.505353630 0.977199793
vt 0.505501688 0.966925621
vt 0.486161053 0.967463613
vt 0.334937066 0.951402724
vt 0.266078860 0.945904315
vt 0.278457165 0.884112597
vt 0.339835763 0.887919962
vt 0.215870127 0.894379854
vt 0.209608585 0.945285857
vt 0.146893635 0.904317677
vt 0.219122529 0.881267726
vt 0.146300107 0.869473040
vt 0.220968634 0.840110242
vt 0.071575001 0.904717147
vt 0.074244536 0.925779462
vt 0.073045626 0.950882792
vt 0.147698715 0.944999814
vt 0.036061194 0.954638302
vt 0.030559804 0.943170607
vt 0.030795844 0.928152204
vt 0.006514534 0.951973915
vt 0.036061194 0.954638302
vt 0.278669864 0.865321577
vt 0.276960045 0.822635829
vt 0.320991397 0.862910807
vt 0.320868731 0.814878941
vt 0.332660854 0.843325675
vt 0.343941510 0.816848874
vt 0.320795506 0.876778424
vt 0.215870127 0.894379854
vt 0.389327735 0.895221174
vt 0.399470270 0.955341280
vt 0.470498621 0.903784573
vt 0.487912357 0.954393446
vt 0.487912357 0.954393446
vt 0.569441915 0.896888316
vt 0.589019537 0.949263990
vt 0.646230459 0.879497945
vt 0.680012584 0.932485521
vt 0.700998068 0.862664402
vt 0.758341670 0.912765563
vt 0.750466228 0.841043472
vt 0.862613082 0.869437695
vt 0.802524090 0.823476434
vt 0.825220823 0.811572373
vt 0.876504064 0.801184356
vt 0.913396955 0.846229136
vt 0.900738955 0.798405051
vt 0.933972001 0.830713689
vt 0.924336076 0.787055910
vt 0.947574615 0.799597979
vt 0.942936897 0.763702333
vt 0.839246154 0.798199177
vt 0.876504064 0.801184356
vt 0.460038453 0.836953163
vt 0.490447640 0.850557387
vt 0.470498621 0.903784573
vt 0.433826923 0.857042432
vt 0.453872234 0.824965537
vt 0.421113193 0.832701206
vt 0.380315095 0.869337618
vt 0.370914966 0.842016935
vt 0.389327735 0.895221174
vt 0.340439439 0.867997527
vt 0.422879755 0.817142367
vt 0.374588966 0.823060274
vt 0.343941510 0.816848874
vt 0.332660854 0.843325675
vt 0.320991397 0.862910807
vt 0.320795506 0.876778424
vt 0.339835763 0.887919962
vt 0.459919363 0.800548851
vt 0.422879755 0.817142367
vt 0.534811378 0.857062995
vt 0.575436354 0.850816190
vt 0.569441915 0.896888316
vt 0.646230459 0.879497945
vt 0.637287855 0.840636790
vt 0.700998068 0.862664402
vt 0.682223439 0.826171935
vt 0.729744434 0.808425546
vt 0.750466228 0.841043472
vt 0.791293025 0.803622067
vt 0.802524090 0.823476434
vt 0.825220823 0.811572373
vt 0.815421820 0.791680753
vt 0.839246154 0.798199177
vt 0.831483126 0.767409146
vt 0.876504064 0.801184356
vt 0.877520680 0.774764836
vt 0.900738955 0.798405051
vt 0.898249149 0.776609182
vt 0.924336076 0.787055910
vt 0.920748353 0.773599863
vt 0.942936897 0.763702333
vt 0.534811378 0.857062995
vt 0.470498621 0.903784573
vt 0.702346027 0.446317911
vt 0.731001973 0.458883166
vt 0.727168083 0.501247466
vt 0.705156446 0.485868752
vt 0.743817329 0.414552927
vt 0.713809669 0.400543094
vt 0.742312968 0.371199846
vt 0.715582132 0.514168918
vt 0.726216316 0.533439338
vt 0.766750097 0.378936172
vt 0.768067598 0.335014939
vt 0.789443731 0.335562229
vt 0.783330023 0.291008472
vt 0.803472757 0.292644024
vt 0.803895950 0.247740448
vt 0.786135793 0.250868678
vt 0.798400521 0.215190291
vt 0.782367587 0.216661334
vt 0.793373942 0.186311066
vt 0.778617382 0.190560400
vt 0.786693037 0.167351782
vt 0.768578291 0.172492743
vt 0.771978199 0.150929928
vt 0.758389473 0.161655188
vt 0.754467309 0.146166623
vt 0.750837326 0.153733671
vt 0.739591718 0.148221791
vt 0.742312968 0.371199846
vt 0.726677299 0.364268541
vt 0.745424628 0.333239317
vt 0.768067598 0.335014939
vt 0.756649971 0.285436034
vt 0.783330023 0.291008472
vt 0.760655761 0.251671076
vt 0.786135793 0.250868678
vt 0.782367587 0.216661334
vt 0.760244668 0.216756225
vt 0.778617382 0.190560400
vt 0.757111311 0.188985050
vt 0.768578291 0.172492743
vt 0.753420234 0.174403369
vt 0.758389473 0.161655188
vt 0.747548044 0.161084890
vt 0.750837326 0.153733671
vt 0.739591718 0.148221791
vt 0.713809669 0.400543094
vt 0.719591260 0.368948817
vt 0.708606303 0.368658066
vt 0.690793514 0.398217440
vt 0.819267035 0.123405993
vt 0.821481645 0.111820102
vt 0.831795692 0.109589636
vt 0.828254104 0.129107475
vt 0.809588313 0.130120635
vt 0.812332988 0.140639603
vt 0.797889888 0.127956569
vt 0.792148292 0.137836397
vt 0.791223824 0.118067682
vt 0.780538201 0.120910168
vt 0.793589652 0.106460750
vt 0.784593821 0.100848079
vt 0.803608835 0.100005269
vt 0.801960826 0.089697063
vt 0.815170705 0.102054536
vt 0.821504474 0.092957854
vt 0.793589652 0.106460750
vt 0.803608835 0.100005269
vt 0.815170705 0.102054536
vt 0.821481645 0.111820102
vt 0.791223824 0.118067682
vt 0.819267035 0.123405993
vt 0.797889888 0.127956569
vt 0.809588313 0.130120635
vt 0.839682221 0.111697793
vt 0.837697446 0.134575605
vt 0.828254104 0.129107475
vt 0.831795692 0.109589636
vt 0.838685691 0.093280017
vt 0.827278316 0.093120277
vt 0.824844897 0.143998921
vt 0.837015808 0.159587979
vt 0.844043672 0.066248178
vt 0.850531876 0.081638575
vt 0.864663482 0.068179846
vt 0.859609067 0.058084249
vt 0.880958319 0.052925467
vt 0.821504474 0.092957854
vt 0.827278316 0.093120277
vt 0.831795692 0.109589636
vt 0.812656820 0.071751893
vt 0.798109472 0.077813804
vt 0.801960826 0.089697063
vt 0.844043672 0.066248178
vt 0.836478174 0.061610460
vt 0.802043319 0.046941459
vt 0.811563671 0.051043928
vt 0.831913352 0.047079682
vt 0.828971922 0.027277231
vt 0.850531876 0.081638575
vt 0.866551638 0.093959689
vt 0.838685691 0.093280017
vt 0.864260972 0.111187458
vt 0.839682221 0.111697793
vt 0.864663482 0.068179846
vt 0.873667121 0.075599849
vt 0.880958319 0.052925467
vt 0.857568622 0.121701360
vt 0.837697446 0.134575605
vt 0.855489254 0.135321617
vt 0.837015808 0.159587979
vt 0.851775289 0.161549449
vt 0.843252659 0.184962273
vt 0.846597552 0.184635758
vt 0.798400521 0.215190291
vt 0.793373942 0.186311066
vt 0.800446391 0.185077250
vt 0.804814100 0.212914288
vt 0.803895950 0.247740448
vt 0.809313655 0.247257113
vt 0.803472757 0.292644024
vt 0.808042765 0.293081284
vt 0.789443731 0.335562229
vt 0.796946049 0.335241914
vt 0.766750097 0.378936172
vt 0.774268329 0.379797101
vt 0.743817329 0.414552927
vt 0.749692976 0.416095257
vt 0.731001973 0.458883166
vt 0.738517463 0.460565329
vt 0.727168083 0.501247466
vt 0.734076560 0.502415121
vt 0.726216316 0.533439338
vt 0.727687180 0.538056433
vt 0.824844897 0.143998921
vt 0.812332988 0.140639603
vt 0.828254104 0.129107475
vt 0.705483258 0.966682911
vt 0.705160499 0.987628579
vt 0.672717452 0.987635136
vt 0.672456861 0.966676593
vt 0.731809855 0.967263937
vt 0.657711029 0.966689348
vt 0.672717452 0.987635136
vt 0.657711506 0.987623096
vt 0.638360560 0.966688871
vt 0.638360977 0.987626314
vt 0.619318843 0.966689348
vt 0.619318843 0.987626791
vt 0.600276887 0.966689825
vt 0.600277185 0.987627387
vt 0.411818892 0.804724932
vt 0.422879755 0.817142367
vt 0.374588966 0.823060274
vt 0.395172834 0.788808227
vt 0.411818892 0.804724932
vt 0.425311714 0.759465218
vt 0.442740411 0.780341089
vt 0.483385026 0.750405848
vt 0.467453837 0.721011698
vt 0.527869582 0.702783227
vt 0.532976627 0.736031175
vt 0.587193370 0.704406917
vt 0.587581635 0.736686289
vt 0.343941510 0.816848874
vt 0.459919363 0.800548851
vt 0.499262094 0.779820383
vt 0.538034916 0.769282460
vt 0.588222623 0.767635643
vt 0.651157975 0.756080747
vt 0.642190099 0.780512035
vt 0.696467996 0.771705270
vt 0.689478636 0.800004482
vt 0.734415293 0.781928480
vt 0.729744434 0.808425546
vt 0.658087254 0.727950096
vt 0.737331033 0.753321230
vt 0.703543901 0.743414164
vt 0.776081324 0.758921921
vt 0.783471346 0.784681678
vt 0.791293025 0.803622067
vt 0.815421820 0.791680753
vt 0.807173133 0.773194373
vt 0.799427390 0.749688625
vt 0.813579559 0.762357712
vt 0.816344738 0.751312196
vt 0.813518524 0.729963064
vt 0.831483126 0.767409146
vt 0.826235771 0.747259140
vt 0.727687180 0.538056433
vt 0.707213461 0.521021187
vt 0.715582132 0.514168918
vt 0.726216316 0.533439338
vt 0.705156446 0.485868752
vt 0.692657948 0.489465415
vt 0.702346027 0.446317911
vt 0.689867020 0.445641398
vt 0.713809669 0.400543094
vt 0.698916972 0.408522129
vt 0.690793514 0.398217440
vt 0.731484950 0.186098993
vt 0.730876803 0.171859384
vt 0.747548044 0.161084890
vt 0.753420234 0.174403369
vt 0.733136594 0.197674692
vt 0.757111311 0.188985050
vt 0.737209380 0.218317091
vt 0.760244668 0.216756225
vt 0.737886071 0.247655034
vt 0.760655761 0.251671076
vt 0.734688580 0.275527596
vt 0.756649971 0.285436034
vt 0.733152032 0.325505614
vt 0.745424628 0.333239317
vt 0.716592610 0.351648688
vt 0.726677299 0.364268541
vt 0.739591718 0.148221791
vt 0.710728765 0.356790543
vt 0.719591260 0.368948817
vt 0.708606303 0.368658066
vt 0.739591718 0.148221791
vt 0.755747020 0.142240524
vt 0.754467309 0.146166623
vt 0.785594583 0.152881622
vt 0.793550730 0.164291024
vt 0.786693037 0.167351782
vt 0.771978199 0.150929928
vt 0.775560975 0.147229254
vt 0.755747020 0.142240524
vt 0.754467309 0.146166623
vt 0.601119637 0.825033545
vt 0.612220526 0.816832125
vt 0.605611920 0.809262633
vt 0.594777584 0.816342711
vt 0.583729029 0.830223024
vt 0.583042860 0.819689393
vt 0.566753149 0.831511199
vt 0.562944293 0.818209529
vt 0.547898531 0.828883290
vt 0.550553083 0.813309133
vt 0.534930348 0.811999202
vt 0.548312783 0.810135484
vt 0.545778275 0.806323051
vt 0.530079365 0.805707812
vt 0.531625032 0.823616922
vt 0.519683361 0.805771172
vt 0.514244795 0.817617655
vt 0.503254652 0.806860745
vt 0.497747302 0.816098690
vt 0.514244795 0.817617655
vt 0.503254652 0.806860745
vt 0.491700023 0.812032700
vt 0.483866632 0.817933977
vt 0.622416019 0.795803964
vt 0.622011781 0.791664362
vt 0.614071250 0.797595441
vt 0.614900827 0.791869462
vt 0.618043065 0.785431445
vt 0.612348914 0.783069611
vt 0.612502694 0.802709281
vt 0.611413121 0.814796031
vt 0.612220526 0.816832125
vt 0.581516981 0.966694236
vt 0.600276887 0.966689825
vt 0.600277185 0.987627387
vt 0.581517279 0.987624884
vt 0.526636302 0.966667175
vt 0.526527345 0.983684421
vt 0.520939112 0.984355807
vt 0.520669937 0.980117917
vt 0.526527345 0.983684421
vt 0.526636302 0.966667175
vt 0.581516981 0.966694236
vt 0.581517279 0.987624884
vt 0.925744832 0.609851241
vt 0.972904563 0.568487704
vt 0.963141620 0.651105583
vt 0.912608266 0.517045736
vt 0.938873708 0.678952217
vt 0.952307522 0.728632808
vt 0.905153275 0.436503053
vt 0.940646708 0.418745399
vt 0.903245270 0.407635033
vt 0.902823389 0.374385715
vt 0.941559374 0.345343053
vt 0.912460387 0.331776559
vt 0.938044965 0.295019746
vt 0.917366445 0.291342378
vt 0.934690535 0.233186662
vt 0.919605136 0.239306808
vt 0.918592930 0.212856412
vt 0.923310041 0.189938009
vt 0.916092575 0.095886469
vt 0.899886370 0.048648715
vt 0.924186647 0.060132623
vt 0.934772551 0.009137452
vt 0.899132252 0.097742140
vt 0.884264469 0.089061618
vt 0.883232415 0.104033172
vt 0.853928983 0.497647762
vt 0.505501688 0.966925621
vt 0.505353630 0.977199793
vt 0.486161053 0.967463613
vt 0.163895145 0.557787120
vt 0.110742532 0.579601169
vt 0.093109488 0.557852149
vt 0.134409115 0.597302496
vt 0.160252333 0.604708791
vt 0.190622121 0.557694137
vt 0.191710427 0.604764879
vt 0.110686950 0.536086440
vt 0.134349912 0.518412352
vt 0.160112411 0.510719419
vt 0.191587970 0.510706007
vt 0.213474900 0.525953472
vt 0.213479847 0.589322209
vt 0.229394555 0.582981706
vt 0.225763530 0.557663023
vt 0.235753462 0.572555602
vt 0.229311883 0.532318592
vt 0.235665590 0.542662203
vt 0.247639075 0.533607304
vt 0.247752815 0.581449330
vt 0.100936703 0.583267033
vt 0.076878883 0.557942867
vt 0.093109488 0.557852149
vt 0.110742532 0.579601169
vt 0.130296305 0.604987383
vt 0.134409115 0.597302496
vt 0.160252333 0.604708791
vt 0.160278633 0.614406109
vt 0.191710427 0.604764879
vt 0.196141735 0.615804553
vt 0.214027941 0.601548493
vt 0.213479847 0.589322209
vt 0.234618172 0.590502143
vt 0.229394555 0.582981706
vt 0.247752815 0.581449330
vt 0.256592691 0.583243787
vt 0.100811183 0.532456160
vt 0.110686950 0.536086440
vt 0.130138353 0.510773420
vt 0.134349912 0.518412352
vt 0.160112411 0.510719419
vt 0.160000533 0.501001477
vt 0.191587970 0.510706007
vt 0.195840210 0.499619365
vt 0.213887155 0.513666749
vt 0.213474900 0.525953472
vt 0.234451339 0.524694145
vt 0.229311883 0.532318592
vt 0.247639075 0.533607304
vt 0.256431460 0.531714439
vt 0.277011186 0.597210407
vt 0.304580539 0.619698763
vt 0.217575714 0.674504519
vt 0.208786741 0.639898956
vt 0.234618172 0.590502143
vt 0.256592691 0.583243787
vt 0.280658364 0.557383001
vt 0.306963742 0.557350814
vt 0.214027941 0.601548493
vt 0.196141735 0.615804553
vt 0.344706088 0.557260334
vt 0.306963742 0.557350814
vt 0.159801573 0.644387245
vt 0.160278633 0.614406109
vt 0.208786741 0.639898956
vt 0.156642556 0.679986477
vt 0.115736850 0.630603433
vt 0.097178832 0.661576092
vt 0.072829075 0.598388553
vt 0.100936703 0.583267033
vt 0.130296305 0.604987383
vt 0.159801573 0.644387245
vt 0.041300666 0.618422747
vt 0.003536988 0.558186591
vt 0.076878883 0.557942867
vt 0.039780751 0.558049262
vt 0.039780751 0.558049262
vt 0.229485512 0.557714760
vt 0.241654083 0.571977377
vt 0.235753462 0.572555602
vt 0.225763530 0.557663023
vt 0.235665590 0.542662203
vt 0.241455719 0.543145180
vt 0.256592691 0.583243787
vt 0.247752815 0.581449330
vt 0.247639075 0.533607304
vt 0.256431460 0.531714439
vt 0.280658364 0.557383001
vt 0.260378778 0.557366788
vt 0.280658364 0.557383001
vt 0.276809096 0.517677844
vt 0.306963742 0.557350814
vt 0.234451339 0.524694145
vt 0.208367243 0.475381494
vt 0.216975272 0.440715790
vt 0.304261446 0.495038986
vt 0.213887155 0.513666749
vt 0.195840210 0.499619365
vt 0.344706088 0.557260334
vt 0.306963742 0.557350814
vt 0.159365401 0.471088529
vt 0.208367243 0.475381494
vt 0.160000533 0.501001477
vt 0.156019673 0.435524464
vt 0.115390301 0.485165954
vt 0.096662253 0.454270601
vt 0.072579332 0.517526865
vt 0.100811183 0.532456160
vt 0.130138353 0.510773420
vt 0.159365401 0.471088529
vt 0.040961172 0.497670889
vt 0.076878883 0.557942867
vt 0.039780751 0.558049262
vt 0.003536988 0.558186591
vt 0.039780751 0.558049262
vt 0.241654083 0.571977377
vt 0.260378778 0.557366788
vt 0.280658364 0.557383001
vt 0.229485512 0.557714760
vt 0.110742532 0.579601169
vt 0.163895145 0.557787120
vt 0.093109488 0.557852149
vt 0.134409115 0.597302496
vt 0.160252333 0.604708791
vt 0.190622121 0.557694137
vt 0.191710427 0.604764879
vt 0.110686950 0.536086440
vt 0.134349912 0.518412352
vt 0.160112411 0.510719419
vt 0.191587970 0.510706007
vt 0.213474900 0.525953472
vt 0.213479847 0.589322209
vt 0.229394555 0.582981706
vt 0.225763530 0.557663023
vt 0.235753462 0.572555602
vt 0.229311883 0.532318592
vt 0.235665590 0.542662203
vt 0.247639075 0.533607304
vt 0.247752815 0.581449330
vt 0.100936703 0.583267033
vt 0.110742532 0.579601169
vt 0.093109488 0.557852149
vt 0.076878883 0.557942867
vt 0.130296305 0.604987383
vt 0.134409115 0.597302496
vt 0.160252333 0.604708791
vt 0.160278633 0.614406109
vt 0.191710427 0.604764879
vt 0.196141735 0.615804553
vt 0.214027941 0.601548493
vt 0.213479847 0.589322209
vt 0.234618172 0.590502143
vt 0.229394555 0.582981706
vt 0.247752815 0.581449330
vt 0.256592691 0.583243787
vt 0.100811183 0.532456160
vt 0.110686950 0.536086440
vt 0.130138353 0.510773420
vt 0.134349912 0.518412352
vt 0.160112411 0.510719419
vt 0.160000533 0.501001477
vt 0.191587970 0.510706007
vt 0.195840210 0.499619365
vt 0.213887155 0.513666749
vt 0.213474900 0.525953472
vt 0.234451339 0.524694145
vt 0.229311883 0.532318592
vt 0.247639075 0.533607304
vt 0.256431460 0.531714439
vt 0.277011186 0.597210407
vt 0.208786741 0.639898956
vt 0.217575714 0.674504519
vt 0.304580539 0.619698763
vt 0.234618172 0.590502143
vt 0.256592691 0.583243787
vt 0.280658364 0.557383001
vt 0.306963742 0.557350814
vt 0.214027941 0.601548493
vt 0.196141735 0.615804553
vt 0.344706088 0.557260334
vt 0.306963742 0.557350814
vt 0.159801573 0.644387245
vt 0.208786741 0.639898956
vt 0.160278633 0.614406109
vt 0.156642556 0.679986477
vt 0.115736850 0.630603433
vt 0.097178832 0.661576092
vt 0.072829075 0.598388553
vt 0.100936703 0.583267033
vt 0.130296305 0.604987383
vt 0.159801573 0.644387245
vt 0.041300666 0.618422747
vt 0.003536988 0.558186591
vt 0.076878883 0.557942867
vt 0.039780751 0.558049262
vt 0.039780751 0.558049262
vt 0.229485512 0.557714760
vt 0.225763530 0.557663023
vt 0.235753462 0.572555602
vt 0.241654083 0.571977377
vt 0.235665590 0.542662203
vt 0.241455719 0.543145180
vt 0.256592691 0.583243787
vt 0.247752815 0.581449330
vt 0.247639075 0.533607304
vt 0.256431460 0.531714439
vt 0.280658364 0.557383001
vt 0.260378778 0.557366788
vt 0.280658364 0.557383001
vt 0.276809096 0.517677844
vt 0.306963742 0.557350814
vt 0.234451339 0.524694145
vt 0.208367243 0.475381494
vt 0.216975272 0.440715790
vt 0.304261446 0.495038986
vt 0.213887155 0.513666749
vt 0.195840210 0.499619365
vt 0.344706088 0.557260334
vt 0.306963742 0.557350814
vt 0.159365401 0.471088529
vt 0.160000533 0.501001477
vt 0.208367243 0.475381494
vt 0.156019673 0.435524464
vt 0.115390301 0.485165954
vt 0.096662253 0.454270601
vt 0.072579332 0.517526865
vt 0.100811183 0.532456160
vt 0.130138353 0.510773420
vt 0.159365401 0.471088529
vt 0.040961172 0.497670889
vt 0.076878883 0.557942867
vt 0.039780751 0.558049262
vt 0.003536988 0.558186591
vt 0.039780751 0.558049262
vt 0.241654083 0.571977377
vt 0.280658364 0.557383001
vt 0.260378778 0.557366788
vt 0.229485512 0.557714760
vt 0.295688123 0.358715355
vt 0.278515100 0.362738013
vt 0.290655673 0.346126378
vt 0.278515100 0.362738013
vt 0.295688123 0.358715355
vt 0.290655643 0.346126437
vt 0.314816356 0.269319177
vt 0.363802075 0.308689713
vt 0.322518855 0.315428257
vt 0.314816356 0.269319177
vt 0.322518855 0.315428257
vt 0.363802075 0.308689713
vt 0.357394636 0.095605433
vt 0.395170033 0.064915240
vt 0.402077824 0.088639855
vt 0.378555536 0.108217537
vt 0.335553378 0.067925334
vt 0.376737982 0.033436298
vt 0.374742031 0.140025139
vt 0.323824525 0.128144860
vt 0.294351101 0.091000855
vt 0.335553378 0.067925334
vt 0.352061570 0.165266633
vt 0.372563362 0.179310799
vt 0.390983194 0.171398938
vt 0.187288940 0.817361116
vt 0.151791304 0.849369287
vt 0.129752815 0.830549955
vt 0.142903298 0.805586696
vt 0.160459161 0.791002870
vt 0.197165251 0.762410879
vt 0.219898522 0.786991239
vt 0.234186947 0.775505781
vt 0.220347881 0.749549150
vt 0.116820127 0.808834553
vt 0.216058671 0.732635736
vt 0.197165251 0.762410879
vt 0.176508069 0.751133204
vt 0.160459161 0.791002870
vt 0.146841049 0.775408626
vt 0.116820127 0.808834553
vt 0.114252001 0.792688966
vt 0.080315113 0.822057247
vt 0.079141617 0.797628880
vt 0.220347881 0.749549150
vt 0.188268423 0.720182538
vt 0.047523141 0.792444229
vt 0.066603452 0.823143721
vt 0.043658406 0.824961782
vt 0.016972454 0.818238258
vt 0.008630695 0.787561297
vt 0.147502720 0.751130819
vt 0.119033843 0.764117599
vt 0.119444132 0.734385848
vt 0.141959310 0.727477312
vt 0.175786257 0.728523970
vt 0.097984672 0.736327052
vt 0.089284867 0.769797444
vt 0.076423019 0.734480381
vt 0.062008291 0.768097043
vt 0.049217790 0.730563641
vt 0.006093981 0.756209493
vt 0.162957489 0.715487838
vt 0.146841049 0.775408626
vt 0.114252001 0.792688966
vt 0.079141617 0.797628880
vt 0.047523141 0.792444229
vt 0.008630695 0.787561297
vt 0.176508069 0.751133204
vt 0.188268423 0.720182538
vt 0.171104789 0.712077022
vt 0.175786257 0.728523970
vt 0.050448447 0.873493910
vt 0.052181870 0.886323810
vt 0.035108238 0.874937534
vt 0.042228609 0.855346918
vt 0.052397162 0.839360356
vt 0.048482805 0.838683963
vt 0.035108238 0.874937534
vt 0.021185428 0.858967543
vt 0.361565083 0.202072382
vt 0.330604434 0.187238216
vt 0.352061570 0.165266633
vt 0.372563362 0.179310799
vt 0.323824525 0.128144860
vt 0.296631664 0.151194096
vt 0.294351101 0.091000855
vt 0.261704028 0.114995837
vt 0.383729219 0.206910670
vt 0.372563362 0.179310799
vt 0.390983194 0.171398938
vt 0.413261741 0.020060241
vt 0.424591541 0.054018140
vt 0.395170033 0.064915240
vt 0.376737982 0.033436298
vt 0.402077824 0.088639855
vt 0.433513671 0.076362133
vt 0.119444132 0.734385848
vt 0.117471218 0.707409978
vt 0.137843192 0.704967499
vt 0.141959310 0.727477312
vt 0.162957489 0.715487838
vt 0.159258276 0.699789286
vt 0.098562539 0.707495570
vt 0.097984672 0.736327052
vt 0.171104789 0.712077022
vt 0.167617261 0.697258472
vt 0.188268423 0.720182538
vt 0.182685196 0.693349123
vt 0.171104789 0.712077022
vt 0.162957489 0.715487838
vt 0.137843192 0.704967499
vt 0.141959310 0.727477312
vt 0.119444132 0.734385848
vt 0.117471218 0.707409978
vt 0.098562539 0.707495570
vt 0.097984672 0.736327052
vt 0.188268423 0.720182538
vt 0.182685196 0.693349123
vt 0.078879237 0.705784917
vt 0.097984672 0.736327052
vt 0.076423019 0.734480381
vt 0.052276969 0.702466011
vt 0.049217790 0.730563641
vt 0.097984672 0.736327052
vt 0.076423019 0.734480381
vt 0.052276969 0.702466011
vt 0.049217790 0.730563641
vt 0.500444233 0.048909783
vt 0.457245588 0.047246218
vt 0.457245588 0.018267453
vt 0.503054261 0.015971482
vt 0.488428473 0.065471530
vt 0.096435577 0.856894016
vt 0.052397162 0.839360356
vt 0.096775562 0.839440703
vt 0.069306046 0.873272896
vt 0.050448447 0.873493910
vt 0.069994956 0.888509274
vt 0.052181870 0.886323810
vt 0.088283211 0.885607958
vt 0.069994956 0.888509274
vt 0.676075935 0.421665549
vt 0.644699752 0.379477501
vt 0.649837554 0.377806664
vt 0.638344347 0.323329568
vt 0.627344906 0.322886884
vt 0.633649409 0.278297305
vt 0.640323102 0.279844880
vt 0.645177245 0.253199100
vt 0.632843196 0.276798487
vt 0.611621797 0.286549091
vt 0.621792197 0.235519826
vt 0.630393267 0.263560414
vt 0.645177245 0.253199100
vt 0.633085370 0.222939670
vt 0.659578800 0.220289588
vt 0.643918633 0.198766649
vt 0.668309450 0.169339538
vt 0.649254143 0.161156476
vt 0.666778266 0.131738663
vt 0.647110224 0.134830177
vt 0.636223853 0.115178883
vt 0.658243001 0.099645019
vt 0.617246032 0.106645703
vt 0.633918166 0.092692256
vt 0.645760596 0.082780898
vt 0.678348839 0.079317510
vt 0.658243001 0.099645019
vt 0.645760596 0.082780898
vt 0.666484475 0.040956020
vt 0.688515425 0.078297853
vt 0.680001259 0.011897385
vt 0.689080000 0.123306155
vt 0.666778266 0.131738663
vt 0.699595749 0.122011125
vt 0.668309450 0.169339538
vt 0.692287803 0.173400462
vt 0.659578800 0.220289588
vt 0.690624595 0.231569648
vt 0.645177245 0.253199100
vt 0.681562304 0.284985065
vt 0.640323102 0.279844880
vt 0.675996840 0.322214127
vt 0.684174657 0.322060943
vt 0.691170871 0.286510706
vt 0.638344347 0.323329568
vt 0.649837554 0.377806664
vt 0.677942574 0.371227860
vt 0.676075935 0.421665549
vt 0.701381147 0.231360257
vt 0.703217566 0.172327936
vt 0.682724714 0.370860934
vt 0.631500959 0.276646495
vt 0.630393267 0.263560414
vt 0.645177245 0.253199100
vt 0.632843196 0.276798487
vt 0.611621797 0.286549091
vt 0.644699752 0.379477501
vt 0.676075935 0.421665549
vt 0.649837554 0.377806664
vt 0.638344347 0.323329568
vt 0.627344906 0.322886884
vt 0.633649409 0.278297305
vt 0.640323102 0.279844880
vt 0.645177245 0.253199100
vt 0.632843196 0.276798487
vt 0.621782660 0.235821307
vt 0.611621797 0.286549091
vt 0.630393267 0.263560414
vt 0.645177245 0.253199100
vt 0.633085370 0.222939670
vt 0.659578800 0.220289588
vt 0.643918633 0.198766649
vt 0.668309450 0.169339538
vt 0.649254143 0.161156476
vt 0.666778266 0.131738663
vt 0.647110224 0.134830177
vt 0.636223853 0.115178883
vt 0.658243001 0.099645019
vt 0.617246032 0.106645703
vt 0.645760596 0.082780898
vt 0.678228855 0.079527140
vt 0.666484475 0.040956020
vt 0.645760596 0.082780898
vt 0.658243001 0.099645019
vt 0.688515425 0.078297853
vt 0.680001259 0.011897385
vt 0.689080000 0.123306155
vt 0.666778266 0.131738663
vt 0.699595749 0.122011125
vt 0.668309450 0.169339538
vt 0.692287803 0.173400462
vt 0.659578800 0.220289588
vt 0.690624595 0.231569648
vt 0.645177245 0.253199100
vt 0.681562304 0.284985065
vt 0.640323102 0.279844880
vt 0.675996840 0.322214127
vt 0.684174657 0.322060943
vt 0.691170871 0.286510706
vt 0.638344347 0.323329568
vt 0.649837554 0.377806664
vt 0.677942574 0.371227860
vt 0.676075935 0.421665549
vt 0.701381147 0.231360257
vt 0.703217566 0.172327936
vt 0.682724714 0.370860934
vt 0.631500959 0.276646495
vt 0.632843196 0.276798487
vt 0.645177245 0.253199100
vt 0.630393267 0.263560414
vt 0.611621797 0.286549091
vt 0.702346027 0.446317911
vt 0.731001973 0.458883166
vt 0.727168083 0.501247466
vt 0.705156446 0.485868752
vt 0.743817329 0.414552927
vt 0.713809669 0.400543094
vt 0.742312968 0.371199846
vt 0.715582132 0.514168918
vt 0.726216316 0.533439338
vt 0.766750097 0.378936172
vt 0.768067598 0.335014939
vt 0.789443731 0.335562229
vt 0.783330023 0.291008472
vt 0.803472757 0.292644024
vt 0.803895950 0.247740448
vt 0.786135793 0.250868678
vt 0.798400521 0.215190291
vt 0.782367587 0.216661334
vt 0.793373942 0.186311066
vt 0.778617382 0.190560400
vt 0.786693037 0.167351782
vt 0.768578291 0.172492743
vt 0.771978199 0.150929928
vt 0.758389473 0.161655188
vt 0.754467309 0.146166623
vt 0.750837326 0.153733671
vt 0.739591718 0.148221791
vt 0.742312968 0.371199846
vt 0.726677299 0.364268541
vt 0.745424628 0.333239317
vt 0.768067598 0.335014939
vt 0.756649971 0.285436034
vt 0.783330023 0.291008472
vt 0.760655761 0.251671076
vt 0.786135793 0.250868678
vt 0.782367587 0.216661334
vt 0.760244668 0.216756225
vt 0.778617382 0.190560400
vt 0.757111311 0.188985050
vt 0.768578291 0.172492743
vt 0.753420234 0.174403369
vt 0.758389473 0.161655188
vt 0.747548044 0.161084890
vt 0.750837326 0.153733671
vt 0.739591718 0.148221791
vt 0.713809669 0.400543094
vt 0.719591260 0.368948817
vt 0.708606303 0.368658066
vt 0.690793514 0.398217440
vt 0.819267035 0.123405993
vt 0.821481645 0.111820102
vt 0.831795692 0.109589636
vt 0.828254104 0.129107475
vt 0.809588313 0.130120635
vt 0.812332988 0.140639603
vt 0.797889888 0.127956569
vt 0.792148292 0.137836397
vt 0.821504474 0.092957854
vt 0.815170705 0.102054536
vt 0.801960826 0.089697063
vt 0.803608835 0.100005269
vt 0.791223824 0.118067682
vt 0.792148292 0.137836397
vt 0.780538201 0.120910168
vt 0.793589652 0.106460750
vt 0.784593821 0.100848079
vt 0.801960826 0.089697063
vt 0.819267035 0.123405993
vt 0.809588313 0.130120635
vt 0.797889888 0.127956569
vt 0.791223824 0.118067682
vt 0.821481645 0.111820102
vt 0.793589652 0.106460750
vt 0.815170705 0.102054536
vt 0.803608835 0.100005269
vt 0.839682221 0.111697793
vt 0.837697446 0.134575605
vt 0.828254104 0.129107475
vt 0.831795692 0.109589636
vt 0.838685691 0.093280017
vt 0.827278316 0.093120277
vt 0.824844897 0.143998921
vt 0.837015808 0.159587979
vt 0.844043672 0.066248178
vt 0.850531876 0.081638575
vt 0.864663482 0.068179846
vt 0.859609067 0.058084249
vt 0.880958319 0.052925467
vt 0.821504474 0.092957854
vt 0.827278316 0.093120277
vt 0.831795692 0.109589636
vt 0.812656820 0.071751893
vt 0.798109472 0.077813804
vt 0.801960826 0.089697063
vt 0.844043672 0.066248178
vt 0.836478174 0.061610460
vt 0.802043319 0.046941459
vt 0.811563671 0.051043928
vt 0.831913352 0.047079682
vt 0.828971922 0.027277231
vt 0.850531876 0.081638575
vt 0.866551638 0.093959689
vt 0.838685691 0.093280017
vt 0.864260972 0.111187458
vt 0.839682221 0.111697793
vt 0.864663482 0.068179846
vt 0.873667121 0.075599849
vt 0.880958319 0.052925467
vt 0.857568622 0.121701360
vt 0.837697446 0.134575605
vt 0.855489254 0.135321617
vt 0.837015808 0.159587979
vt 0.851775289 0.161549449
vt 0.843252659 0.184962273
vt 0.846597552 0.184635758
vt 0.798400521 0.215190291
vt 0.793373942 0.186311066
vt 0.800446391 0.185077250
vt 0.804814100 0.212914288
vt 0.803895950 0.247740448
vt 0.809313655 0.247257113
vt 0.803472757 0.292644024
vt 0.808042765 0.293081284
vt 0.789443731 0.335562229
vt 0.796946049 0.335241914
vt 0.766750097 0.378936172
vt 0.774268329 0.379797101
vt 0.743817329 0.414552927
vt 0.749692976 0.416095257
vt 0.731001973 0.458883166
vt 0.738517463 0.460565329
vt 0.727168083 0.501247466
vt 0.734076560 0.502415121
vt 0.726216316 0.533439338
vt 0.727687180 0.538056433
vt 0.824844897 0.143998921
vt 0.812332988 0.140639603
vt 0.828254104 0.129107475
vt 0.705483258 0.966682911
vt 0.705160499 0.987628579
vt 0.672717452 0.987635136
vt 0.672456861 0.966676593
vt 0.731809855 0.967263937
vt 0.657711029 0.966689348
vt 0.672717452 0.987635136
vt 0.657711506 0.987623096
vt 0.638360560 0.966688871
vt 0.638360977 0.987626314
vt 0.619318843 0.966689348
vt 0.619318843 0.987626791
vt 0.600276887 0.966689825
vt 0.600277185 0.987627387
vt 0.727687180 0.538056433
vt 0.707213461 0.521021187
vt 0.715582132 0.514168918
vt 0.726216316 0.533439338
vt 0.705156446 0.485868752
vt 0.692657948 0.489465415
vt 0.702346027 0.446317911
vt 0.689867020 0.445641398
vt 0.713809669 0.400543094
vt 0.698916972 0.408522129
vt 0.690793514 0.398217440
vt 0.731484950 0.186098993
vt 0.730876803 0.171859384
vt 0.747548044 0.161084890
vt 0.753420234 0.174403369
vt 0.733136594 0.197674692
vt 0.757111311 0.188985050
vt 0.737209380 0.218317091
vt 0.760244668 0.216756225
vt 0.737886071 0.247655034
vt 0.760655761 0.251671076
vt 0.734688580 0.275527596
vt 0.756649971 0.285436034
vt 0.733152032 0.325505614
vt 0.745424628 0.333239317
vt 0.716592610 0.351648688
vt 0.726677299 0.364268541
vt 0.739591718 0.148221791
vt 0.710728765 0.356790543
vt 0.719591260 0.368948817
vt 0.708606303 0.368658066
vt 0.739591718 0.148221791
vt 0.755747020 0.142240524
vt 0.754467309 0.146166623
vt 0.785594583 0.152881622
vt 0.793550730 0.164291024
vt 0.786693037 0.167351782
vt 0.771978199 0.150929928
vt 0.775560975 0.147229254
vt 0.755747020 0.142240524
vt 0.754467309 0.146166623
vt 0.601119637 0.825033545
vt 0.612220526 0.816832125
vt 0.605611920 0.809262633
vt 0.594777465 0.816342711
vt 0.583729029 0.830223024
vt 0.583042860 0.819689393
vt 0.566753149 0.831511199
vt 0.562944293 0.818209529
vt 0.547898531 0.828883290
vt 0.550553083 0.813309133
vt 0.534930348 0.811999202
vt 0.548312783 0.810135484
vt 0.545778275 0.806323051
vt 0.530079365 0.805707812
vt 0.531625032 0.823616922
vt 0.519683361 0.805771172
vt 0.514244795 0.817617655
vt 0.503254652 0.806860745
vt 0.497747302 0.816098690
vt 0.491700023 0.812032700
vt 0.483866632 0.817933977
vt 0.622416019 0.795803964
vt 0.622011781 0.791664362
vt 0.614071250 0.797595441
vt 0.614900827 0.791869462
vt 0.618043065 0.785431445
vt 0.612348914 0.783069611
vt 0.612502694 0.802709281
vt 0.611413121 0.814796031
vt 0.581516981 0.966694236
vt 0.600276887 0.966689825
vt 0.600277185 0.987627387
vt 0.581517279 0.987624884
vt 0.526636362 0.966667175
vt 0.526527345 0.983684421
vt 0.520939112 0.984355807
vt 0.520669937 0.980117917
vt 0.526527345 0.983684421
vt 0.526636362 0.966667175
vt 0.581516981 0.966694236
vt 0.581517279 0.987624884
vt 0.925744832 0.609851241
vt 0.946129858 0.525722921
vt 0.972904563 0.568487704
vt 0.963141620 0.651105583
vt 0.991924524 0.429939508
vt 0.968646049 0.421997011
vt 0.912608266 0.517045736
vt 0.911580265 0.483818412
vt 0.940646708 0.418745399
vt 0.962381661 0.349233866
vt 0.983094990 0.352402210
vt 0.973597288 0.290066600
vt 0.954129338 0.292953253
vt 0.949512303 0.232791126
vt 0.968220472 0.232002079
vt 0.962438941 0.188547552
vt 0.943679392 0.189280689
vt 0.991924524 0.429939508
vt 0.962997615 0.144191325
vt 0.943144083 0.146767139
vt 0.934067130 0.086471379
vt 0.957254469 0.079752088
vt 0.941559374 0.345343053
vt 0.938044965 0.295019746
vt 0.934690535 0.233186662
vt 0.923310041 0.189938009
vt 0.926815391 0.149663746
vt 0.920419872 0.112807512
vt 0.947870195 0.044519424
vt 0.924186647 0.060132623
vt 0.934772551 0.009137452
vt 0.916092575 0.095886469
vt 0.946129858 0.525722921
vt 0.972904563 0.568487704
vt 0.925744832 0.609851241
vt 0.963141620 0.651105583
vt 0.912608266 0.517045736
vt 0.938873708 0.678952217
vt 0.911580265 0.483818412
vt 0.968646049 0.421997011
vt 0.940646708 0.418745399
vt 0.962381661 0.349233866
vt 0.983094990 0.352402210
vt 0.973597288 0.290066600
vt 0.954129338 0.292953253
vt 0.949512303 0.232791126
vt 0.968220472 0.232002079
vt 0.962438941 0.188547552
vt 0.943679392 0.189280689
vt 0.962997615 0.144191325
vt 0.943144083 0.146767139
vt 0.934067130 0.086471379
vt 0.957254469 0.079752088
vt 0.941559374 0.345343053
vt 0.938044965 0.295019746
vt 0.934690535 0.233186662
vt 0.923310041 0.189938009
vt 0.926815391 0.149663746
vt 0.920419872 0.112807512
vt 0.947870195 0.044519424
vt 0.924186647 0.060132623
vt 0.934772551 0.009137452
vt 0.916092575 0.095886469
vt 0.938873708 0.678952217
vt 0.952307522 0.728632808
vt 0.903245270 0.407635033
vt 0.902823389 0.374385715
vt 0.940646708 0.418745399
vt 0.941559374 0.345343053
vt 0.912460387 0.331776559
vt 0.938044965 0.295019746
vt 0.917366445 0.291342378
vt 0.934690535 0.233186662
vt 0.919605136 0.239306808
vt 0.918592930 0.212856412
vt 0.923310041 0.189938009
vt 0.905153275 0.436503053
vt 0.899132252 0.097742140
vt 0.916092575 0.095886469
vt 0.920419872 0.112807512
vt 0.899526238 0.107837498
vt 0.886310577 0.164247215
vt 0.926815391 0.149663746
vt 0.923310041 0.189938009
vt 0.888119638 0.192312121
vt 0.918592930 0.212856412
vt 0.870941997 0.216098845
vt 0.872915983 0.243095934
vt 0.919605136 0.239306808
vt 0.869513988 0.272898138
vt 0.917366445 0.291342378
vt 0.855607927 0.312287807
vt 0.912460387 0.331776559
vt 0.870141029 0.165565848
vt 0.879458547 0.139095902
vt 0.868121088 0.140585780
vt 0.866882622 0.201938808
vt 0.860358059 0.202005029
vt 0.846597552 0.184635758
vt 0.851775289 0.161549449
vt 0.855489254 0.135321617
vt 0.848317742 0.212006569
vt 0.895281196 0.367253184
vt 0.902823389 0.374385715
vt 0.892338932 0.401725292
vt 0.903245270 0.407635033
vt 0.889642835 0.432348013
vt 0.905153275 0.436503053
vt 0.891701519 0.494662046
vt 0.911580265 0.483818412
vt 0.912608266 0.517045736
vt 0.907915592 0.604749978
vt 0.889566541 0.604007125
vt 0.853928983 0.497647762
vt 0.922689617 0.681118071
vt 0.925744832 0.609851241
vt 0.938873708 0.678952217
vt 0.952307522 0.728632808
vt 0.841535389 0.362169325
vt 0.841535389 0.362169325
vt 0.895281196 0.367253184
vt 0.892338932 0.401725292
vt 0.902823389 0.374385715
vt 0.903245270 0.407635033
vt 0.912460387 0.331776559
vt 0.889642835 0.432348013
vt 0.905153275 0.436503053
vt 0.891701519 0.494662046
vt 0.911580265 0.483818412
vt 0.912608266 0.517045736
vt 0.907915592 0.604749978
vt 0.889566541 0.604007125
vt 0.853928983 0.497647762
vt 0.922689617 0.681118071
vt 0.925744832 0.609851241
vt 0.938873708 0.678952217
vt 0.952307522 0.728632808
vt 0.855607927 0.312287807
vt 0.917366445 0.291342378
vt 0.869513988 0.272898138
vt 0.919605136 0.239306808
vt 0.872915983 0.243095934
vt 0.918592930 0.212856412
vt 0.870941997 0.216098845
vt 0.888119638 0.192312121
vt 0.923310041 0.189938009
vt 0.886310577 0.164247215
vt 0.926815391 0.149663746
vt 0.920419872 0.112807512
vt 0.870141029 0.165565848
vt 0.879458547 0.139095902
vt 0.868121088 0.140585780
vt 0.866882622 0.201938808
vt 0.860358059 0.202005029
vt 0.846597552 0.184635758
vt 0.851775289 0.161549449
vt 0.855489254 0.135321617
vt 0.848317742 0.212006569
vt 0.899526238 0.107837498
vt 0.899132252 0.097742140
vt 0.916092575 0.095886469
vt 0.883232415 0.104033172
vt 0.875853896 0.130233765
vt 0.870135009 0.131362736
vt 0.879458547 0.139095902
vt 0.857568622 0.121701360
vt 0.864260972 0.111187458
vt 0.857568622 0.121701360
vt 0.864260972 0.111187458
vt 0.870135009 0.131362736
vt 0.875853896 0.130233765
vt 0.879458547 0.139095902
vt 0.883232415 0.104033172
vt 0.916092575 0.095886469
vt 0.899886370 0.048648715
vt 0.924186647 0.060132623
vt 0.934772551 0.009137452
vt 0.899132252 0.097742140
vt 0.884264469 0.089061618
vt 0.883232415 0.104033172
vt 0.505501688 0.966925621
vt 0.505353630 0.977199793
vt 0.486161053 0.967463613
vt 0.357394636 0.095605433
vt 0.378555536 0.108217537
vt 0.402077824 0.088639855
vt 0.395170033 0.064915240
vt 0.335553378 0.067925334
vt 0.376737982 0.033436298
vt 0.374742031 0.140025139
vt 0.323824525 0.128144860
vt 0.294351101 0.091000855
vt 0.335553378 0.067925334
vt 0.352061570 0.165266633
vt 0.372563362 0.179310799
vt 0.390983194 0.171398938
vt 0.151791304 0.849369287
vt 0.187288940 0.817361116
vt 0.129752815 0.830549955
vt 0.142903298 0.805586696
vt 0.160459161 0.791002870
vt 0.197165251 0.762410879
vt 0.219898522 0.786991239
vt 0.234186947 0.775505781
vt 0.220347881 0.749549150
vt 0.116820127 0.808834553
vt 0.197165251 0.762410879
vt 0.216058671 0.732635736
vt 0.176508069 0.751133204
vt 0.160459161 0.791002870
vt 0.146841049 0.775408626
vt 0.116820127 0.808834553
vt 0.114252001 0.792688966
vt 0.080315113 0.822057247
vt 0.079141617 0.797628880
vt 0.220347881 0.749549150
vt 0.188268423 0.720182538
vt 0.047523141 0.792444229
vt 0.066603452 0.823143721
vt 0.043658406 0.824961782
vt 0.016972454 0.818238258
vt 0.008630695 0.787561297
vt 0.147502720 0.751130819
vt 0.141959310 0.727477312
vt 0.119444132 0.734385848
vt 0.119033843 0.764117599
vt 0.175786257 0.728523970
vt 0.097984672 0.736327052
vt 0.089284867 0.769797444
vt 0.076423019 0.734480381
vt 0.062008291 0.768097043
vt 0.049217790 0.730563641
vt 0.006093981 0.756209493
vt 0.162957489 0.715487838
vt 0.146841049 0.775408626
vt 0.114252001 0.792688966
vt 0.079141617 0.797628880
vt 0.047523141 0.792444229
vt 0.008630695 0.787561297
vt 0.176508069 0.751133204
vt 0.188268423 0.720182538
vt 0.171104789 0.712077022
vt 0.175786257 0.728523970
vt 0.052181870 0.886323810
vt 0.050448447 0.873493910
vt 0.035108238 0.874937534
vt 0.042228609 0.855346918
vt 0.052397162 0.839360356
vt 0.048482805 0.838683963
vt 0.021185428 0.858967543
vt 0.035108238 0.874937534
vt 0.361565083 0.202072382
vt 0.372563362 0.179310799
vt 0.352061570 0.165266633
vt 0.330604434 0.187238216
vt 0.323824525 0.128144860
vt 0.296631664 0.151194096
vt 0.294351101 0.091000855
vt 0.261704028 0.114995837
vt 0.383729219 0.206910670
vt 0.372563362 0.179310799
vt 0.390983194 0.171398938
vt 0.413261741 0.020060241
vt 0.376737982 0.033436298
vt 0.395170033 0.064915240
vt 0.424591541 0.054018140
vt 0.402077824 0.088639855
vt 0.433513671 0.076362133
vt 0.500444233 0.048909783
vt 0.503054261 0.015971482
vt 0.457245588 0.018267453
vt 0.457245588 0.047246218
vt 0.488428473 0.065471530
vt 0.052397162 0.839360356
vt 0.096435577 0.856894016
vt 0.096775562 0.839440703
vt 0.069306046 0.873272896
vt 0.050448447 0.873493910
vt 0.069994956 0.888509274
vt 0.052181870 0.886323810
vt 0.088283211 0.885607958
vt 0.069994956 0.888509274
vt 0.644699752 0.379477501
vt 0.676075935 0.421665549
vt 0.649837554 0.377806664
vt 0.638344347 0.323329568
vt 0.627344906 0.322886884
vt 0.633649409 0.278297305
vt 0.640323102 0.279844880
vt 0.645177245 0.253199100
vt 0.632843196 0.276798487
vt 0.621792197 0.235519826
vt 0.611621797 0.286549091
vt 0.630393267 0.263560414
vt 0.645177245 0.253199100
vt 0.633085370 0.222939670
vt 0.659578800 0.220289588
vt 0.643918633 0.198766649
vt 0.668309450 0.169339538
vt 0.649254143 0.161156476
vt 0.666778266 0.131738663
vt 0.647110224 0.134830177
vt 0.636223853 0.115178883
vt 0.658243001 0.099645019
vt 0.617246032 0.106645703
vt 0.633918166 0.092692256
vt 0.645760596 0.082780898
vt 0.678348839 0.079317510
vt 0.666484475 0.040956020
vt 0.645760596 0.082780898
vt 0.658243001 0.099645019
vt 0.688515425 0.078297853
vt 0.680001259 0.011897385
vt 0.689080000 0.123306155
vt 0.666778266 0.131738663
vt 0.699595749 0.122011125
vt 0.668309450 0.169339538
vt 0.692287803 0.173400462
vt 0.659578800 0.220289588
vt 0.690624595 0.231569648
vt 0.645177245 0.253199100
vt 0.681562304 0.284985065
vt 0.640323102 0.279844880
vt 0.675996840 0.322214127
vt 0.684174657 0.322060943
vt 0.691170871 0.286510706
vt 0.638344347 0.323329568
vt 0.649837554 0.377806664
vt 0.677942574 0.371227860
vt 0.676075935 0.421665549
vt 0.701381147 0.231360257
vt 0.703217566 0.172327936
vt 0.682724714 0.370860934
vt 0.631500959 0.276646495
vt 0.632843196 0.276798487
vt 0.645177245 0.253199100
vt 0.630393267 0.263560414
vt 0.611621797 0.286549091
vt 0.676075935 0.421665549
vt 0.644699752 0.379477501
vt 0.649837554 0.377806664
vt 0.638344347 0.323329568
vt 0.627344906 0.322886884
vt 0.633649409 0.278297305
vt 0.640323102 0.279844880
vt 0.645177245 0.253199100
vt 0.632843196 0.276798487
vt 0.611621797 0.286549091
vt 0.621782660 0.235821307
vt 0.630393267 0.263560414
vt 0.645177245 0.253199100
vt 0.633085370 0.222939670
vt 0.659578800 0.220289588
vt 0.643918633 0.198766649
vt 0.668309450 0.169339538
vt 0.649254143 0.161156476
vt 0.666778266 0.131738663
vt 0.647110224 0.134830177
vt 0.636223853 0.115178883
vt 0.658243001 0.099645019
vt 0.617246032 0.106645703
vt 0.645760596 0.082780898
vt 0.678228855 0.079527140
vt 0.658243001 0.099645019
vt 0.645760596 0.082780898
vt 0.666484475 0.040956020
vt 0.688515425 0.078297853
vt 0.680001259 0.011897385
vt 0.689080000 0.123306155
vt 0.666778266 0.131738663
vt 0.699595749 0.122011125
vt 0.668309450 0.169339538
vt 0.692287803 0.173400462
vt 0.659578800 0.220289588
vt 0.690624595 0.231569648
vt 0.645177245 0.253199100
vt 0.681562304 0.284985065
vt 0.640323102 0.279844880
vt 0.675996840 0.322214127
vt 0.684174657 0.322060943
vt 0.691170871 0.286510706
vt 0.638344347 0.323329568
vt 0.649837554 0.377806664
vt 0.677942574 0.371227860
vt 0.676075935 0.421665549
vt 0.701381147 0.231360257
vt 0.703217566 0.172327936
vt 0.682724714 0.370860934
vt 0.631500959 0.276646495
vt 0.630393267 0.263560414
vt 0.645177245 0.253199100
vt 0.632843196 0.276798487
vt 0.611621797 0.286549091
vt 0.702346027 0.446317911
vt 0.705156446 0.485868752
vt 0.727168083 0.501247466
vt 0.731001973 0.458883166
vt 0.743817329 0.414552927
vt 0.713809669 0.400543094
vt 0.742312968 0.371199846
vt 0.715582132 0.514168918
vt 0.726216316 0.533439338
vt 0.766750097 0.378936172
vt 0.768067598 0.335014939
vt 0.789443731 0.335562229
vt 0.783330023 0.291008472
vt 0.803472757 0.292644024
vt 0.803895950 0.247740448
vt 0.786135793 0.250868678
vt 0.798400521 0.215190291
vt 0.782367587 0.216661334
vt 0.793373942 0.186311066
vt 0.778617382 0.190560400
vt 0.786693037 0.167351782
vt 0.768578291 0.172492743
vt 0.771978199 0.150929928
vt 0.758389473 0.161655188
vt 0.754467309 0.146166623
vt 0.750837326 0.153733671
vt 0.739591718 0.148221791
vt 0.742312968 0.371199846
vt 0.768067598 0.335014939
vt 0.745424628 0.333239317
vt 0.726677299 0.364268541
vt 0.756649971 0.285436034
vt 0.783330023 0.291008472
vt 0.760655761 0.251671076
vt 0.786135793 0.250868678
vt 0.782367587 0.216661334
vt 0.760244668 0.216756225
vt 0.778617382 0.190560400
vt 0.757111311 0.188985050
vt 0.768578291 0.172492743
vt 0.753420234 0.174403369
vt 0.758389473 0.161655188
vt 0.747548044 0.161084890
vt 0.750837326 0.153733671
vt 0.739591718 0.148221791
vt 0.713809669 0.400543094
vt 0.708606303 0.368658066
vt 0.690793514 0.398217440
vt 0.719591260 0.368948817
vt 0.819267035 0.123405993
vt 0.828254104 0.129107475
vt 0.831795692 0.109589636
vt 0.821481645 0.111820102
vt 0.809588313 0.130120635
vt 0.812332988 0.140639603
vt 0.797889888 0.127956569
vt 0.792148292 0.137836397
vt 0.821504474 0.092957854
vt 0.815170705 0.102054536
vt 0.801960826 0.089697063
vt 0.803608835 0.100005269
vt 0.791223824 0.118067682
vt 0.792148292 0.137836397
vt 0.780538201 0.120910168
vt 0.793589652 0.106460750
vt 0.784593821 0.100848079
vt 0.801960826 0.089697063
vt 0.797889888 0.127956569
vt 0.809588313 0.130120635
vt 0.819267035 0.123405993
vt 0.821481645 0.111820102
vt 0.791223824 0.118067682
vt 0.815170705 0.102054536
vt 0.793589652 0.106460750
vt 0.803608835 0.100005269
vt 0.839682221 0.111697793
vt 0.831795692 0.109589636
vt 0.828254104 0.129107475
vt 0.837697446 0.134575605
vt 0.838685691 0.093280017
vt 0.827278316 0.093120277
vt 0.824844897 0.143998921
vt 0.837015808 0.159587979
vt 0.844043672 0.066248178
vt 0.850531876 0.081638575
vt 0.864663482 0.068179846
vt 0.859609067 0.058084249
vt 0.880958319 0.052925467
vt 0.827278316 0.093120277
vt 0.821504474 0.092957854
vt 0.831795692 0.109589636
vt 0.812656820 0.071751893
vt 0.798109472 0.077813804
vt 0.801960826 0.089697063
vt 0.844043672 0.066248178
vt 0.836478174 0.061610460
vt 0.802043319 0.046941459
vt 0.811563671 0.051043928
vt 0.831913352 0.047079682
vt 0.828971922 0.027277231
vt 0.866551638 0.093959689
vt 0.850531876 0.081638575
vt 0.838685691 0.093280017
vt 0.864260972 0.111187458
vt 0.839682221 0.111697793
vt 0.864663482 0.068179846
vt 0.873667121 0.075599849
vt 0.880958319 0.052925467
vt 0.857568622 0.121701360
vt 0.837697446 0.134575605
vt 0.855489254 0.135321617
vt 0.837015808 0.159587979
vt 0.851775289 0.161549449
vt 0.843252659 0.184962273
vt 0.846597552 0.184635758
vt 0.798400521 0.215190291
vt 0.804814100 0.212914288
vt 0.800446391 0.185077250
vt 0.793373942 0.186311066
vt 0.803895950 0.247740448
vt 0.809313655 0.247257113
vt 0.803472757 0.292644024
vt 0.808042765 0.293081284
vt 0.789443731 0.335562229
vt 0.796946049 0.335241914
vt 0.766750097 0.378936172
vt 0.774268329 0.379797101
vt 0.743817329 0.414552927
vt 0.749692976 0.416095257
vt 0.731001973 0.458883166
vt 0.738517463 0.460565329
vt 0.727168083 0.501247466
vt 0.734076560 0.502415121
vt 0.726216316 0.533439338
vt 0.727687180 0.538056433
vt 0.812332988 0.140639603
vt 0.824844897 0.143998921
vt 0.828254104 0.129107475
vt 0.705483258 0.966682911
vt 0.672456861 0.966676593
vt 0.672717452 0.987635136
vt 0.705160499 0.987628579
vt 0.731809855 0.967263937
vt 0.657711029 0.966689348
vt 0.672717452 0.987635136
vt 0.657711506 0.987623096
vt 0.638360560 0.966688871
vt 0.638360977 0.987626314
vt 0.619318843 0.966689348
vt 0.619318843 0.987626791
vt 0.600276887 0.966689825
vt 0.600277185 0.987627387
vt 0.727687180 0.538056433
vt 0.726216316 0.533439338
vt 0.715582132 0.514168918
vt 0.707213461 0.521021187
vt 0.705156446 0.485868752
vt 0.692657948 0.489465415
vt 0.702346027 0.446317911
vt 0.689867020 0.445641398
vt 0.713809669 0.400543094
vt 0.698916972 0.408522129
vt 0.690793514 0.398217440
vt 0.731484950 0.186098993
vt 0.753420234 0.174403369
vt 0.747548044 0.161084890
vt 0.730876803 0.171859384
vt 0.733136594 0.197674692
vt 0.757111311 0.188985050
vt 0.737209380 0.218317091
vt 0.760244668 0.216756225
vt 0.737886071 0.247655034
vt 0.760655761 0.251671076
vt 0.734688580 0.275527596
vt 0.756649971 0.285436034
vt 0.733152032 0.325505614
vt 0.745424628 0.333239317
vt 0.716592610 0.351648688
vt 0.726677299 0.364268541
vt 0.739591718 0.148221791
vt 0.710728765 0.356790543
vt 0.719591260 0.368948817
vt 0.708606303 0.368658066
vt 0.755747020 0.142240524
vt 0.739591718 0.148221791
vt 0.754467309 0.146166623
vt 0.786693037 0.167351782
vt 0.793550730 0.164291024
vt 0.785594583 0.152881622
vt 0.771978199 0.150929928
vt 0.775560975 0.147229254
vt 0.755747020 0.142240524
vt 0.754467309 0.146166623
vt 0.601119637 0.825033545
vt 0.594777465 0.816342711
vt 0.605611920 0.809262633
vt 0.612220526 0.816832125
vt 0.583729029 0.830223024
vt 0.583042860 0.819689393
vt 0.566753149 0.831511199
vt 0.562944293 0.818209529
vt 0.547898531 0.828883290
vt 0.550553083 0.813309133
vt 0.534930348 0.811999202
vt 0.548312783 0.810135484
vt 0.545778275 0.806323051
vt 0.530079365 0.805707812
vt 0.531625032 0.823616922
vt 0.519683361 0.805771172
vt 0.514244795 0.817617655
vt 0.503254652 0.806860745
vt 0.497747302 0.816098690
vt 0.491700023 0.812032700
vt 0.483866632 0.817933977
vt 0.622011781 0.791664362
vt 0.622416019 0.795803964
vt 0.614071250 0.797595441
vt 0.614900827 0.791869462
vt 0.618043065 0.785431445
vt 0.612348914 0.783069611
vt 0.612502694 0.802709281
vt 0.611413121 0.814796031
vt 0.581516981 0.966694236
vt 0.581517279 0.987624884
vt 0.600277185 0.987627387
vt 0.600276887 0.966689825
vt 0.526636362 0.966667175
vt 0.520669937 0.980117917
vt 0.520939112 0.984355807
vt 0.526527345 0.983684421
vt 0.526527345 0.983684421
vt 0.581517279 0.987624884
vt 0.581516981 0.966694236
vt 0.526636362 0.966667175
vt 0.902823389 0.374385715
vt 0.903245270 0.407635033
vt 0.940646708 0.418745399
vt 0.941559374 0.345343053
vt 0.912460387 0.331776559
vt 0.938044965 0.295019746
vt 0.917366445 0.291342378
vt 0.934690535 0.233186662
vt 0.919605136 0.239306808
vt 0.918592930 0.212856412
vt 0.923310041 0.189938009
vt 0.905153275 0.436503053
vt 0.952307522 0.728632808
vt 0.899886370 0.048648715
vt 0.916092575 0.095886469
vt 0.924186647 0.060132623
vt 0.934772551 0.009137452
vt 0.899132252 0.097742140
vt 0.884264469 0.089061618
vt 0.883232415 0.104033172
vt 0.505353630 0.977199793
vt 0.505501688 0.966925621
vt 0.486161053 0.967463613
vt 0.705701232 0.649739206
vt 0.741536021 0.664254129
vt 0.747496486 0.682772338
vt 0.697892308 0.631295383
vt 0.656587481 0.628161132
vt 0.661021590 0.606927574
vt 0.589738011 0.621108353
vt 0.590938449 0.607938826
vt 0.555430770 0.616422355
vt 0.549836516 0.644232213
vt 0.586403251 0.646259725
vt 0.706733108 0.665563762
vt 0.614606977 0.594934881
vt 0.654023051 0.651266992
vt 0.587741256 0.678073943
vt 0.656201243 0.677389085
vt 0.706319690 0.677871406
vt 0.548479438 0.676577032
vt 0.522430778 0.641669452
vt 0.487180114 0.615641057
vt 0.555430770 0.616422355
vt 0.512284636 0.593237460
vt 0.554642081 0.601526916
vt 0.555430770 0.616422355
vt 0.487180114 0.615641057
vt 0.553907275 0.587106884
vt 0.583526492 0.594510376
vt 0.534216762 0.569288194
vt 0.590938449 0.607938826
vt 0.614606977 0.594934881
vt 0.512284636 0.593237460
vt 0.468816638 0.558599174
vt 0.443395972 0.579690635
vt 0.418208957 0.604132354
vt 0.401998401 0.568731010
vt 0.369389534 0.589409769
vt 0.376862407 0.606838405
vt 0.336473703 0.615379989
vt 0.421200633 0.625960290
vt 0.379199386 0.619047344
vt 0.376862407 0.606838405
vt 0.418208957 0.604132354
vt 0.487180114 0.615641057
vt 0.478120208 0.646586835
vt 0.522430778 0.641669452
vt 0.503991485 0.658741176
vt 0.516661763 0.679330409
vt 0.548479438 0.676577032
vt 0.336473703 0.615379989
vt 0.561563551 0.547070086
vt 0.561634004 0.539481819
vt 0.540175140 0.544355869
vt 0.540140152 0.548150063
vt 0.599451303 0.546135783
vt 0.599390388 0.552656651
vt 0.636735737 0.552619934
vt 0.636668801 0.559745669
vt 0.651860178 0.555851817
vt 0.651760757 0.566394448
vt 0.668872535 0.555032969
vt 0.668581486 0.586336970
vt 0.518674135 0.553842485
vt 0.685722411 0.554403543
vt 0.668872535 0.555032969
vt 0.685430765 0.586492002
vt 0.711613595 0.559805632
vt 0.711376548 0.586723626
vt 0.733851612 0.570661783
vt 0.733862936 0.586925089
vt 0.746521950 0.586974800
vt 0.434620708 0.668200850
vt 0.449727148 0.664551854
vt 0.481097549 0.684256911
vt 0.453182310 0.695885777
vt 0.435812563 0.703828692
vt 0.415422529 0.668891668
vt 0.392873615 0.694217801
vt 0.377079099 0.655126452
vt 0.355076879 0.670842409
vt 0.351592153 0.642583847
vt 0.340011209 0.650968790
vt 0.327593654 0.628342390
vt 0.733272433 0.641047060
vt 0.741536021 0.664254129
vt 0.705701232 0.649739206
vt 0.747496486 0.682772338
vt 0.697892308 0.631295383
vt 0.656587481 0.628161132
vt 0.661021590 0.606927574
vt 0.589738011 0.621108353
vt 0.590938449 0.607938826
vt 0.555430770 0.616422355
vt 0.549836516 0.644232213
vt 0.586403251 0.646259725
vt 0.706733108 0.665563762
vt 0.614606977 0.594934881
vt 0.654023051 0.651266992
vt 0.587741256 0.678073943
vt 0.656201243 0.677389085
vt 0.706319690 0.677871406
vt 0.548479438 0.676577032
vt 0.522430778 0.641669452
vt 0.487180114 0.615641057
vt 0.555430770 0.616422355
vt 0.512284636 0.593237460
vt 0.487180114 0.615641057
vt 0.555430770 0.616422355
vt 0.554642081 0.601526916
vt 0.553907275 0.587106884
vt 0.583526492 0.594510376
vt 0.534216762 0.569288194
vt 0.590938449 0.607938826
vt 0.614606977 0.594934881
vt 0.512284636 0.593237460
vt 0.468816638 0.558599174
vt 0.443395972 0.579690635
vt 0.418208957 0.604132354
vt 0.401998401 0.568731010
vt 0.369389534 0.589409769
vt 0.376862407 0.606838405
vt 0.336473703 0.615379989
vt 0.421200633 0.625960290
vt 0.418208957 0.604132354
vt 0.376862407 0.606838405
vt 0.379199386 0.619047344
vt 0.487180114 0.615641057
vt 0.478120208 0.646586835
vt 0.522430778 0.641669452
vt 0.503991485 0.658741176
vt 0.516661763 0.679330409
vt 0.548479438 0.676577032
vt 0.336473703 0.615379989
vt 0.561563551 0.547070086
vt 0.540140152 0.548150063
vt 0.540175140 0.544355869
vt 0.561634004 0.539481819
vt 0.599451303 0.546135783
vt 0.599390388 0.552656651
vt 0.636735737 0.552619934
vt 0.636668801 0.559745669
vt 0.651860178 0.555851817
vt 0.651760757 0.566394448
vt 0.668872535 0.555032969
vt 0.668581486 0.586336970
vt 0.518674135 0.553842485
vt 0.685722411 0.554403543
vt 0.685430765 0.586492002
vt 0.711613595 0.559805632
vt 0.711376548 0.586723626
vt 0.733851612 0.570661783
vt 0.733862936 0.586925089
vt 0.746521950 0.586974800
vt 0.668872535 0.555032969
vt 0.434620708 0.668200850
vt 0.453182310 0.695885777
vt 0.481097549 0.684256911
vt 0.449727148 0.664551854
vt 0.435812563 0.703828692
vt 0.415422529 0.668891668
vt 0.392873615 0.694217801
vt 0.377079099 0.655126452
vt 0.355076879 0.670842409
vt 0.351592153 0.642583847
vt 0.340011209 0.650968790
vt 0.327593654 0.628342390
vt 0.733272433 0.641047060
vt 0.741536021 0.664254129
vt 0.705701232 0.649739206
vt 0.747496486 0.682772338
vt 0.697892308 0.631295383
vt 0.656587481 0.628161132
vt 0.661021590 0.606927574
vt 0.589738011 0.621108353
vt 0.590938449 0.607938826
vt 0.555430770 0.616422355
vt 0.549836516 0.644232213
vt 0.586403251 0.646259725
vt 0.706733108 0.665563762
vt 0.614606977 0.594934881
vt 0.654023051 0.651266992
vt 0.587741256 0.678073943
vt 0.656201243 0.677389085
vt 0.706319690 0.677871406
vt 0.548479438 0.676577032
vt 0.522430778 0.641669452
vt 0.487180114 0.615641057
vt 0.555430770 0.616422355
vt 0.512284636 0.593237460
vt 0.487180114 0.615641057
vt 0.555430770 0.616422355
vt 0.554642081 0.601526916
vt 0.553907275 0.587106884
vt 0.583526492 0.594510376
vt 0.534216762 0.569288194
vt 0.590938449 0.607938826
vt 0.614606977 0.594934881
vt 0.512284636 0.593237460
vt 0.468816638 0.558599174
vt 0.443395972 0.579690635
vt 0.418208957 0.604132354
vt 0.401998401 0.568731010
vt 0.369389534 0.589409769
vt 0.376862407 0.606838405
vt 0.336473703 0.615379989
vt 0.421200633 0.625960290
vt 0.418208957 0.604132354
vt 0.376862407 0.606838405
vt 0.379199386 0.619047344
vt 0.487180114 0.615641057
vt 0.478120208 0.646586835
vt 0.522430778 0.641669452
vt 0.503991485 0.658741176
vt 0.516661763 0.679330409
vt 0.548479438 0.676577032
vt 0.336473703 0.615379989
vt 0.561563551 0.547070086
vt 0.540140152 0.548150063
vt 0.540175140 0.544355869
vt 0.561634004 0.539481819
vt 0.599451303 0.546135783
vt 0.599390388 0.552656651
vt 0.636735737 0.552619934
vt 0.636668801 0.559745669
vt 0.651860178 0.555851817
vt 0.651760757 0.566394448
vt 0.668872535 0.555032969
vt 0.668581486 0.586336970
vt 0.518674135 0.553842485
vt 0.685722411 0.554403543
vt 0.685430765 0.586492002
vt 0.711613595 0.559805632
vt 0.711376548 0.586723626
vt 0.733851612 0.570661783
vt 0.733862936 0.586925089
vt 0.746521950 0.586974800
vt 0.668872535 0.555032969
vt 0.434620708 0.668200850
vt 0.453182310 0.695885777
vt 0.481097549 0.684256911
vt 0.449727148 0.664551854
vt 0.435812563 0.703828692
vt 0.415422529 0.668891668
vt 0.392873615 0.694217801
vt 0.377079099 0.655126452
vt 0.355076879 0.670842409
vt 0.351592153 0.642583847
vt 0.340011209 0.650968790
vt 0.327593654 0.628342390
vt 0.733272433 0.641047060
vt 0.705701232 0.649739206
vt 0.741536021 0.664254129
vt 0.747496486 0.682772338
vt 0.697892308 0.631295383
vt 0.656587481 0.628161132
vt 0.661021590 0.606927574
vt 0.589738011 0.621108353
vt 0.590938449 0.607938826
vt 0.555430770 0.616422355
vt 0.549836516 0.644232213
vt 0.586403251 0.646259725
vt 0.706733108 0.665563762
vt 0.614606977 0.594934881
vt 0.654023051 0.651266992
vt 0.587741256 0.678073943
vt 0.656201243 0.677389085
vt 0.706319690 0.677871406
vt 0.548479438 0.676577032
vt 0.522430778 0.641669452
vt 0.487180114 0.615641057
vt 0.555430770 0.616422355
vt 0.512284636 0.593237460
vt 0.554642081 0.601526916
vt 0.555430770 0.616422355
vt 0.487180114 0.615641057
vt 0.553907275 0.587106884
vt 0.583526492 0.594510376
vt 0.534216762 0.569288194
vt 0.590938449 0.607938826
vt 0.614606977 0.594934881
vt 0.512284636 0.593237460
vt 0.468816638 0.558599174
vt 0.443395972 0.579690635
vt 0.418208957 0.604132354
vt 0.401998401 0.568731010
vt 0.369389534 0.589409769
vt 0.376862407 0.606838405
vt 0.336473703 0.615379989
vt 0.421200633 0.625960290
vt 0.379199386 0.619047344
vt 0.376862407 0.606838405
vt 0.418208957 0.604132354
vt 0.487180114 0.615641057
vt 0.478120208 0.646586835
vt 0.522430778 0.641669452
vt 0.503991485 0.658741176
vt 0.516661763 0.679330409
vt 0.548479438 0.676577032
vt 0.336473703 0.615379989
vt 0.561563551 0.547070086
vt 0.561634004 0.539481819
vt 0.540175140 0.544355869
vt 0.540140152 0.548150063
vt 0.599451303 0.546135783
vt 0.599390388 0.552656651
vt 0.636735737 0.552619934
vt 0.636668801 0.559745669
vt 0.651860178 0.555851817
vt 0.651760757 0.566394448
vt 0.668872535 0.555032969
vt 0.668581486 0.586336970
vt 0.518674135 0.553842485
vt 0.685722411 0.554403543
vt 0.668872535 0.555032969
vt 0.685430765 0.586492002
vt 0.711613595 0.559805632
vt 0.711376548 0.586723626
vt 0.733851612 0.570661783
vt 0.733862936 0.586925089
vt 0.746521950 0.586974800
vt 0.434620708 0.668200850
vt 0.449727148 0.664551854
vt 0.481097549 0.684256911
vt 0.453182310 0.695885777
vt 0.435812563 0.703828692
vt 0.415422529 0.668891668
vt 0.392873615 0.694217801
vt 0.377079099 0.655126452
vt 0.355076879 0.670842409
vt 0.351592153 0.642583847
vt 0.340011209 0.650968790
vt 0.327593654 0.628342390
vt 0.733272433 0.641047060
vt 0.725705683 0.073026240
vt 0.738867819 0.080886662
vt 0.740261495 0.059679806
vt 0.725348771 0.057055891
vt 0.739594519 0.033575714
vt 0.730875552 0.037481129
vt 0.733875096 0.010513067
vt 0.719074070 0.070268929
vt 0.721766770 0.080756247
vt 0.725799739 0.083153903
vt 0.728687346 0.090270102
vt 0.727980196 0.098163188
vt 0.732330263 0.105084002
vt 0.866623700 0.652888954
vt 0.876207054 0.653627217
vt 0.874783337 0.647834480
vt 0.867233098 0.647422373
vt 0.866476476 0.655401051
vt 0.876265585 0.656202495
vt 0.866032064 0.659388721
vt 0.876767576 0.660322726
vt 0.865323126 0.664615214
vt 0.876380384 0.664570391
vt 0.865377963 0.671831310
vt 0.877819836 0.668648899
vt 0.868121326 0.688322365
vt 0.874783337 0.647834480
vt 0.875328481 0.639810622
vt 0.868355572 0.638957918
vt 0.867233098 0.647422373
vt 0.869611084 0.628211319
vt 0.875403106 0.628861845
vt 0.870493114 0.616502821
vt 0.873655260 0.614352763
vt 0.870535195 0.610232055
vt 0.875328481 0.639810622
vt 0.874783337 0.647834480
vt 0.867233098 0.647422373
vt 0.875403106 0.628861845
vt 0.870493114 0.616502821
vt 0.873655260 0.614352763
vt 0.870535195 0.610232055
vt 0.739594519 0.033575714
vt 0.740305603 0.003360927
vt 0.733875096 0.010513067
vt 0.752140582 0.029390693
vt 0.740261495 0.059679806
vt 0.760574281 0.057927907
vt 0.761546314 0.080574095
vt 0.738867819 0.080886662
vt 0.761068285 0.104017675
vt 0.732330263 0.105084002
vt 0.766209424 0.126437485
vt 0.725705683 0.073026240
vt 0.725348771 0.057055891
vt 0.740261495 0.059679806
vt 0.738867819 0.080886662
vt 0.739594519 0.033575714
vt 0.730875552 0.037481129
vt 0.733875096 0.010513067
vt 0.719074070 0.070268929
vt 0.721766770 0.080756247
vt 0.725799739 0.083153903
vt 0.728687346 0.090270102
vt 0.727980196 0.098163188
vt 0.732330263 0.105084002
vt 0.866623700 0.652888954
vt 0.867233098 0.647422373
vt 0.874783337 0.647834480
vt 0.876207054 0.653627217
vt 0.866476476 0.655401051
vt 0.876265585 0.656202495
vt 0.866032064 0.659388721
vt 0.876767576 0.660322726
vt 0.865323126 0.664615214
vt 0.876380384 0.664570391
vt 0.865377963 0.671831310
vt 0.877819836 0.668648899
vt 0.868121326 0.688322365
vt 0.740305603 0.003360927
vt 0.739594519 0.033575714
vt 0.733875096 0.010513067
vt 0.752140582 0.029390693
vt 0.740261495 0.059679806
vt 0.760574281 0.057927907
vt 0.761546314 0.080574095
vt 0.738867819 0.080886662
vt 0.761068285 0.104017675
vt 0.732330263 0.105084002
vt 0.766209424 0.126437485
vt 0.725705683 0.073026240
vt 0.725348771 0.057055891
vt 0.740261495 0.059679806
vt 0.738867819 0.080886662
vt 0.739594519 0.033575714
vt 0.730875552 0.037481129
vt 0.733875096 0.010513067
vt 0.719074070 0.070268929
vt 0.721766770 0.080756247
vt 0.725799739 0.083153903
vt 0.728687346 0.090270102
vt 0.727980196 0.098163188
vt 0.732330263 0.105084002
vt 0.866623700 0.652888954
vt 0.867233098 0.647422373
vt 0.874783337 0.647834480
vt 0.876207054 0.653627217
vt 0.866476476 0.655401051
vt 0.876265585 0.656202495
vt 0.866032064 0.659388721
vt 0.876767576 0.660322726
vt 0.865323126 0.664615214
vt 0.876380384 0.664570391
vt 0.865377963 0.671831310
vt 0.877819836 0.668648899
vt 0.868121326 0.688322365
vt 0.874783337 0.647834480
vt 0.867233098 0.647422373
vt 0.868355572 0.638957918
vt 0.875328481 0.639810622
vt 0.869611084 0.628211319
vt 0.875403106 0.628861845
vt 0.870493114 0.616502821
vt 0.873655260 0.614352763
vt 0.870535195 0.610232055
vt 0.875328481 0.639810622
vt 0.874783337 0.647834480
vt 0.867233098 0.647422373
vt 0.875403106 0.628861845
vt 0.870493114 0.616502821
vt 0.873655260 0.614352763
vt 0.870535195 0.610232055
vt 0.740305603 0.003360927
vt 0.739594519 0.033575714
vt 0.733875096 0.010513067
vt 0.752140582 0.029390693
vt 0.740261495 0.059679806
vt 0.760574281 0.057927907
vt 0.761546314 0.080574095
vt 0.738867819 0.080886662
vt 0.761068285 0.104017675
vt 0.732330263 0.105084002
vt 0.766209424 0.126437485
vt 0.725705683 0.073026240
vt 0.738867819 0.080886662
vt 0.740261495 0.059679806
vt 0.725348771 0.057055891
vt 0.739594519 0.033575714
vt 0.730875552 0.037481129
vt 0.733875096 0.010513067
vt 0.719074070 0.070268929
vt 0.721766770 0.080756247
vt 0.725799739 0.083153903
vt 0.728687346 0.090270102
vt 0.727980196 0.098163188
vt 0.732330263 0.105084002
vt 0.866623700 0.652888954
vt 0.876207054 0.653627217
vt 0.874783337 0.647834480
vt 0.867233098 0.647422373
vt 0.866476476 0.655401051
vt 0.876265585 0.656202495
vt 0.866032064 0.659388721
vt 0.876767576 0.660322726
vt 0.865323126 0.664615214
vt 0.876380384 0.664570391
vt 0.865377963 0.671831310
vt 0.877819836 0.668648899
vt 0.868121326 0.688322365
vt 0.739594519 0.033575714
vt 0.740305603 0.003360927
vt 0.733875096 0.010513067
vt 0.752140582 0.029390693
vt 0.740261495 0.059679806
vt 0.760574281 0.057927907
vt 0.761546314 0.080574095
vt 0.738867819 0.080886662
vt 0.761068285 0.104017675
vt 0.732330263 0.105084002
vt 0.766209424 0.126437485
vn -0.814884154 0.083417422 0.573589861
vn -0.651337039 0.121911382 0.748930991
vn -0.530077445 0.519966610 0.669815361
vn -0.520669923 0.520669290 0.676613748
vn -0.597821394 0.436741028 0.672210395
vn -0.597821346 0.436740991 0.672210395
vn -0.167315550 0.706166590 0.687992990
vn -0.430020881 0.619581727 0.656658649
vn -0.274765294 0.696132543 0.663252234
vn -0.430020850 0.619581675 0.656658590
vn -0.055922736 0.731993716 0.679012418
vn -0.009397209 0.708846793 0.705299973
vn -0.547591433 -0.040581578 0.835761249
vn 0.021494534 0.713767774 0.700052440
vn 0.021494577 0.713767817 0.700052500
vn 0.021494556 0.713767838 0.700052500
vn -0.000000137 -0.000000119 1.000000000
vn -0.535105387 0.214367996 0.817134440
vn -0.568031722 0.418511109 0.708652556
vn -0.753540554 0.496892294 0.430435538
vn -0.864796349 0.235832859 0.443294585
vn 0.843562977 -0.166413165 0.510595918
vn 0.808189296 -0.351068286 0.472843468
vn 0.509464920 -0.224252792 0.830756426
vn 0.360698230 -0.063890007 0.930491745
vn 0.395826399 -0.392783283 0.830085933
vn 0.000000008 -0.000000014 1.000000000
vn 0.000000059 -0.000000115 1.000000000
vn -0.000000032 -0.000000140 1.000000000
vn 0.234960915 -0.505192620 0.830405831
vn 0.057010219 -0.271620686 0.960714459
vn 0.000000047 -0.000000172 1.000000000
vn 0.708724330 -0.705485524 -0.000000017
vn 0.370933971 -0.805285610 0.462518126
vn 0.566655222 -0.821525328 0.063230343
vn 0.000000134 -0.000000126 1.000000000
vn 0.689165047 -0.579340370 0.435219884
vn 0.419865040 -0.203073642 0.884575903
vn 0.689164999 -0.579340333 0.435219824
vn 0.000000176 -0.000000065 1.000000000
vn 0.000000192 -0.000000241 1.000000000
vn 0.000000035 -0.000000165 1.000000000
vn -0.000000004 -0.000000155 1.000000000
vn 0.554704609 -0.223327226 0.801515937
vn 0.210040490 -0.277439275 0.937502325
vn 0.868440955 -0.239362742 0.434184015
vn 0.651006881 -0.373357689 0.660904109
vn 0.649972598 -0.271537141 0.709790945
vn 0.425269921 -0.412203721 0.805750370
vn 0.818421012 -0.574619069 0.000000329
vn 0.604793484 -0.782513278 -0.147979707
vn 0.649972619 -0.271537035 -0.709791005
vn 0.425269935 -0.412203540 -0.805750430
vn 0.651006923 -0.373357310 -0.660904229
vn 0.868440955 -0.239362574 -0.434183896
vn 0.554704472 -0.223327194 -0.801515996
vn 0.466064729 -0.225418679 -0.855552614
vn 0.000000054 -0.000000044 -1.000000000
vn 0.000000055 -0.000000025 -1.000000000
vn 0.287411572 -0.518623472 -0.805247962
vn 0.234961073 -0.505192631 -0.830405772
vn 0.000000007 -0.000000041 -1.000000000
vn 0.395826425 -0.392783089 -0.830085993
vn -0.000000041 0.000000115 -1.000000000
vn 0.509465225 -0.224252907 -0.830756128
vn -0.000000059 0.000000115 -0.999999940
vn 0.000000075 -0.000000149 -1.000000000
vn 0.000000507 -0.000000101 -1.000000000
vn 0.000000507 -0.000000101 -1.000000000
vn 0.000000507 -0.000000101 -0.999999940
vn 0.808189696 -0.351068560 -0.472842842
vn 0.843563188 -0.166412785 -0.510595739
vn 0.360697966 -0.063889638 -0.930491805
vn 0.370933992 -0.805285842 -0.462517977
vn -0.000000134 0.000000126 -1.000000000
vn -0.000000176 0.000000065 -1.000000000
vn -0.000000192 0.000000241 -1.000000000
vn -0.781002598 0.160377947 -0.603584230
vn -0.520669954 0.520669428 -0.676613748
vn -0.525035740 0.525035458 -0.669832408
vn -0.651336849 0.121911150 -0.748931289
vn -0.243394995 0.687139564 -0.684542358
vn -0.274765357 0.696132648 -0.663252056
vn -0.022118877 0.724634855 -0.688777983
vn 0.001689583 0.710695248 -0.703498006
vn 0.021494619 0.713767943 -0.700052321
vn -0.547591728 -0.040581536 -0.835761011
vn -0.000000012 0.000000171 -1.000000000
vn -0.535105008 0.214368291 -0.817134559
vn -0.864796328 0.235833049 -0.443294525
vn -0.753540512 0.496892336 -0.430435568
vn -0.568031490 0.418511257 -0.708652675
vn 0.210040445 -0.277439109 -0.937502325
vn -0.764575621 0.644534042 -0.000000016
vn -0.764575616 0.644534047 -0.000000016
vn -0.764575616 0.644534047 -0.000000016
vn 0.824522527 0.565829175 0.000000000
vn 0.042207919 0.999108872 0.000000000
vn 0.824522612 0.565829091 0.000000000
vn 0.926718562 0.375755950 0.000000000
vn 0.926718709 0.375755971 0.000000000
vn 0.686464303 0.727163502 0.000000000
vn 0.686464422 0.727163468 0.000000000
vn -0.215789504 0.976439895 0.000000000
vn -0.047540971 0.809379649 0.585358381
vn -0.206426771 0.775731860 0.596345544
vn -0.022929066 0.765331135 0.643228173
vn -0.018401904 0.774776075 0.631967902
vn 0.020454877 0.870483223 0.491772771
vn -0.022673382 0.710220780 0.703613818
vn -0.171578092 0.611780177 0.772195458
vn 0.068116030 0.705375578 0.705553293
vn 0.024852543 0.654158138 0.755949438
vn 0.010395099 0.643310698 0.765534699
vn 0.077808498 0.652882142 0.753452539
vn 0.076716494 0.657212457 0.749790847
vn -0.210734833 -0.489059344 0.846411109
vn -0.163882647 -0.511290774 0.843637466
vn -0.219117946 -0.473092664 0.853329182
vn -0.191849251 -0.550965014 0.812177002
vn -0.277016747 -0.516547044 0.810210407
vn -0.166668416 -0.515453755 0.840552807
vn -0.373087957 -0.354571229 0.857370853
vn -0.301233557 -0.589239158 0.749703646
vn -0.309206498 -0.715077319 0.626941502
vn -0.343302634 -0.615658035 0.709301412
vn -0.300798865 -0.575204836 0.760696709
vn -0.476633942 -0.519367822 0.709279299
vn 0.171801955 0.357676975 -0.917905986
vn 0.171801934 0.357676954 -0.917905986
vn 0.171801945 0.357676943 -0.917905927
vn 0.160561960 -0.552773198 -0.817717314
vn 0.023264449 -0.702543816 -0.711260021
vn 0.034174814 -0.689094188 -0.723865509
vn 0.142882158 -0.532240181 -0.834448874
vn 0.148917312 -0.550634014 -0.821356058
vn 0.174057486 -0.639022488 -0.749235749
vn 0.113910804 -0.460933055 -0.880093813
vn 0.267263851 -0.519928096 -0.811322927
vn 0.267263808 -0.519928054 -0.811322927
vn 0.267263819 -0.519928043 -0.811322868
vn 0.186163389 -0.520548140 -0.833290398
vn 0.186163378 -0.520548108 -0.833290339
vn -0.040817769 -0.549071588 -0.834777951
vn 0.028027970 -0.426093153 -0.904245019
vn 0.030921183 -0.637563238 -0.769777179
vn -0.016997529 -0.725316369 -0.688205838
vn -0.012801726 -0.736171712 -0.676673770
vn 0.105020485 -0.674688205 -0.730593264
vn 0.249519848 -0.596913962 -0.762517989
vn 0.289981676 0.472617163 -0.832192183
vn 0.527070138 0.563348322 -0.636267006
vn 0.316998326 0.301148722 -0.899345100
vn 0.363586906 0.224933057 -0.903996468
vn 0.256001749 0.183290975 -0.949140429
vn 0.289257404 0.468815370 -0.834591091
vn 0.333783985 0.262882206 -0.905252099
vn 0.247621578 0.192724438 -0.949495077
vn 0.131676095 0.123520860 -0.983566999
vn 0.270953059 0.428575634 -0.861920774
vn 0.211046119 0.529819108 -0.821432471
vn 0.235390159 0.538040841 -0.809384584
vn 0.336739042 0.436914915 -0.834093630
vn 0.436910574 0.305075590 -0.846190274
vn 0.265212911 0.487047896 -0.832133770
vn 0.344953516 0.216834303 -0.913230479
vn 0.344953563 0.216834340 -0.913230538
vn -0.018651456 -0.551724585 -0.833817899
vn -0.018651477 -0.551724564 -0.833817780
vn -0.018651456 -0.551724585 -0.833817840
vn -0.017525460 0.520703282 -0.853557825
vn -0.256448474 0.460542333 -0.849785209
vn 0.027786195 0.529723340 -0.847715199
vn 0.363841049 0.445675325 -0.817920029
vn 0.329143158 0.529634705 -0.781762123
vn 0.582293399 0.112883169 -0.805103600
vn 0.592710435 0.025335588 -0.805016994
vn 0.510650648 -0.378497813 -0.771994352
vn 0.465146100 -0.455326573 -0.759155214
vn 0.062624148 -0.708122773 -0.703306735
vn 0.077882023 -0.705464866 -0.704452813
vn -0.246134803 -0.590252631 -0.768777966
vn -0.210705414 -0.622499849 -0.753722191
vn -0.449138337 -0.445934116 -0.774220467
vn -0.615637478 -0.761374073 -0.203223795
vn -0.614901162 -0.758206495 -0.216839775
vn -0.228104097 -0.973074511 -0.033083774
vn -0.248093040 -0.968270992 -0.030019078
vn 0.375539336 -0.925628370 -0.046716884
vn 0.155666898 -0.987721889 0.013161009
vn 0.633923157 -0.690718406 -0.347921669
vn 0.653674724 -0.506804442 -0.562013149
vn -0.746998763 -0.563346083 -0.353035271
vn -0.706136629 -0.603080198 -0.371032864
vn 0.602373622 0.758629965 -0.248246893
vn 0.711160028 0.592823931 -0.377903581
vn 0.189448735 0.960960706 -0.201652795
vn 0.175197200 0.960986753 -0.214033529
vn -0.206636220 0.903962657 -0.374370217
vn -0.202422146 0.897070108 -0.392798245
vn -0.459660663 0.730872915 -0.504516482
vn -0.461772610 0.699549830 -0.545340478
vn 0.821126124 0.329199024 -0.466240168
vn 0.719401365 0.414068162 -0.557682037
vn 0.211655320 0.618933720 0.756388247
vn 0.051141702 0.645361732 0.762163281
vn 0.214328315 0.557337154 0.802146375
vn 0.222773269 0.566640239 0.793278575
vn 0.303646338 0.669256509 0.678155303
vn 0.190720411 0.492618751 0.849089146
vn 0.011178082 0.445928767 0.894998670
vn 0.272660554 0.451256413 0.849719822
vn 0.188505520 0.390425782 0.901129007
vn 0.167187297 0.381136417 0.909276366
vn 0.237289207 0.375740161 0.895830989
vn 0.238471184 0.382351136 0.892714500
vn -0.422534379 -0.523475575 0.739890635
vn -0.391701441 -0.562033103 0.728483915
vn -0.423986841 -0.503792578 0.752614200
vn -0.432693629 -0.602804706 0.670374990
vn -0.501094662 -0.540598838 0.675764143
vn -0.396605243 -0.564758724 0.723707020
vn -0.535752425 -0.369054180 0.759452641
vn -0.547556539 -0.583763835 0.599501133
vn -0.592509355 -0.667292990 0.451279044
vn -0.593457247 -0.583040925 0.554861903
vn -0.542780818 -0.573684310 0.613412797
vn -0.681896380 -0.446548568 0.579320073
vn 0.354335104 0.460121976 -0.814085007
vn 0.354335146 0.460122018 -0.814085007
vn 0.354335109 0.460121971 -0.814085007
vn 0.003386310 -0.378625560 -0.925543785
vn -0.186291631 -0.485912586 -0.853922904
vn -0.170363051 -0.475080362 -0.863293171
vn -0.004330915 -0.349850253 -0.936795533
vn -0.006379811 -0.371558145 -0.928387821
vn 0.000210376 -0.464001715 -0.885834277
vn 0.056355847 -0.328862260 -0.942694843
vn -0.002281261 -0.267889921 -0.963446915
vn -0.180926395 -0.296527519 -0.937729716
vn -0.151302434 -0.417316209 -0.896077454
vn -0.233595420 -0.496503478 -0.836012840
vn -0.234479830 -0.510387830 -0.827359259
vn -0.098874083 -0.486997288 -0.867788851
vn 0.065919694 -0.463682389 -0.883545876
vn 0.040031730 -0.355684398 -0.933748424
vn 0.040031730 -0.355684356 -0.933748364
vn 0.500134477 0.500913614 -0.706364691
vn 0.739747239 0.451393590 -0.499016911
vn 0.467061739 0.350996789 -0.811575413
vn 0.482694864 0.265939628 -0.834434986
vn 0.429745778 0.232139036 -0.872599602
vn 0.498236281 0.498281866 -0.709560215
vn 0.469024839 0.311533952 -0.826415420
vn 0.366455178 0.290086006 -0.884059191
vn 0.463074410 0.267605946 -0.844955087
vn 0.463074410 0.267605946 -0.844955087
vn 0.279748066 0.343674925 -0.896453261
vn 0.235890950 0.278359355 -0.931059301
vn 0.468412485 0.474817547 -0.745075941
vn 0.447095165 0.579520131 -0.681367934
vn 0.471863561 0.575226590 -0.668175876
vn 0.530570547 0.451722196 -0.717246056
vn 0.576058605 0.298190270 -0.761077523
vn 0.482439835 0.523133310 -0.702554941
vn -0.161390930 -0.307386423 -0.937798798
vn -0.161390930 -0.307386423 -0.937798798
vn -0.161390936 -0.307386418 -0.937798858
vn 0.233907907 0.663508838 -0.710663795
vn -0.010085003 0.697431445 -0.716580570
vn 0.278846816 0.653481260 -0.703709185
vn 0.557801165 0.445974417 -0.699974775
vn 0.553849024 0.526660037 -0.644887865
vn 0.637690880 0.061730340 -0.767814815
vn 0.615278640 -0.021104803 -0.788027108
vn 0.388882790 -0.361934741 -0.847215056
vn 0.317620626 -0.417078432 -0.851565003
vn -0.152364313 -0.507345513 -0.848166108
vn -0.137151387 -0.510380908 -0.848940969
vn -0.391115911 -0.271678264 -0.879328966
vn -0.371103868 -0.317261053 -0.872712731
vn -0.526228924 -0.064736780 -0.847875178
vn -0.836015509 -0.412553436 -0.361770183
vn -0.833220646 -0.406985606 -0.374307603
vn -0.565842241 -0.785157877 -0.251693606
vn -0.582843637 -0.774054005 -0.247252122
vn 0.012591287 -0.964236527 -0.264743865
vn -0.218324932 -0.951475768 -0.216859400
vn 0.359366537 -0.782516765 -0.508451819
vn 0.459970616 -0.577031096 -0.674879313
vn -0.874922424 -0.152168541 -0.459734172
vn -0.850310035 -0.199265432 -0.487099797
vn 0.854127517 0.514185346 -0.077973068
vn 0.903349146 0.352639584 -0.244142890
vn 0.541869587 0.840195960 0.021167573
vn 0.529517842 0.848246873 0.009379379
vn 0.165490865 0.974272872 -0.152987242
vn 0.168160741 0.970535500 -0.172577009
vn -0.123627581 0.941034266 -0.314914018
vn -0.134221444 0.922543179 -0.361799270
vn 0.914955693 0.093380094 -0.392601818
vn 0.858034119 0.227861731 -0.460278809
vn -0.206426097 0.775732872 -0.596344531
vn -0.047541182 0.809380619 -0.585357070
vn -0.022928939 0.765332189 -0.643226981
vn -0.018402115 0.774776792 -0.631967068
vn 0.020454793 0.870483813 -0.491771817
vn -0.044489139 0.692269974 -0.720265865
vn -0.171578387 0.611780557 -0.772195220
vn 0.121954920 0.637796394 -0.760488510
vn 0.028854070 0.749515446 -0.661357760
vn 0.024852543 0.654158138 -0.755949318
vn 0.028854070 0.749515362 -0.661357701
vn 0.010395120 0.643310719 -0.765534639
vn 0.077808414 0.652882226 -0.753452480
vn 0.076716347 0.657212436 -0.749790788
vn -0.163882510 -0.511290532 -0.843637645
vn -0.210734622 -0.489059007 -0.846411347
vn -0.219117904 -0.473092326 -0.853329360
vn -0.191849230 -0.550964951 -0.812177062
vn -0.277016642 -0.516546813 -0.810210526
vn -0.166668332 -0.515453587 -0.840552986
vn -0.373087160 -0.354572110 -0.857370734
vn -0.301233231 -0.589238641 -0.749704123
vn -0.309205992 -0.715075802 -0.626943588
vn -0.343302202 -0.615657708 -0.709301949
vn -0.300799603 -0.575204942 -0.760696232
vn -0.476633813 -0.519368120 -0.709279060
vn 0.171801903 0.357677281 0.917905867
vn 0.171801913 0.357677270 0.917905867
vn 0.171801913 0.357677270 0.917905807
vn 0.023264702 -0.702543226 0.711260736
vn 0.160562023 -0.552772461 0.817717910
vn 0.034175004 -0.689093492 0.723866165
vn 0.142882010 -0.532240118 0.834449112
vn 0.148917418 -0.550633487 0.821356475
vn 0.188713652 -0.621798146 0.760101497
vn 0.191479687 -0.492438362 0.849022925
vn 0.267264567 -0.519928560 0.811322331
vn 0.186163431 -0.520547339 0.833290875
vn 0.186163431 -0.520547297 0.833290815
vn -0.040819265 -0.549072284 0.834777415
vn 0.028027275 -0.426093891 0.904244721
vn 0.030920825 -0.637563638 0.769776821
vn -0.016999173 -0.725316411 0.688205838
vn -0.012802695 -0.736171838 0.676673591
vn 0.105021096 -0.674688437 0.730593026
vn 0.249521545 -0.596913530 0.762517691
vn 0.527069249 0.563346261 0.636269569
vn 0.289981202 0.472617806 0.832191944
vn 0.316997974 0.301147009 0.899345756
vn 0.363586616 0.224931914 0.903996944
vn 0.256001646 0.183289603 0.949140728
vn 0.289256961 0.468816065 0.834590793
vn 0.333783558 0.262880947 0.905252576
vn 0.247620803 0.192721841 0.949495792
vn 0.211046772 0.529818539 0.821432710
vn 0.270953154 0.428575329 0.861920774
vn 0.131676507 0.123519457 0.983567059
vn 0.235390686 0.538040314 0.809384823
vn 0.336738826 0.436914963 0.834093750
vn 0.436910247 0.305075748 0.846190393
vn 0.265214429 0.487046126 0.832134187
vn 0.344953226 0.216832781 0.913231015
vn 0.344953205 0.216832760 0.913231015
vn -0.018651371 -0.551724121 0.833818197
vn -0.018651350 -0.551724100 0.833818078
vn -0.018651371 -0.551724079 0.833818078
vn -0.256447557 0.460543587 0.849784851
vn -0.017525713 0.520703198 0.853557825
vn 0.027786321 0.529724183 0.847714663
vn 0.363840967 0.445673973 0.817920685
vn 0.329142821 0.529632345 0.781763732
vn 0.582293757 0.112885255 0.805103064
vn 0.592710836 0.025338390 0.805016696
vn 0.510650500 -0.378498298 0.771994233
vn 0.465145989 -0.455326937 0.759155095
vn 0.062624654 -0.708122436 0.703307033
vn 0.077882002 -0.705464297 0.704453409
vn -0.246134160 -0.590252515 0.768778205
vn -0.210704698 -0.622500060 0.753722191
vn -0.449136988 -0.445935128 0.774220824
vn -0.615635618 -0.761375174 0.203225747
vn -0.248092956 -0.968270992 0.030018305
vn -0.228103802 -0.973074553 0.033083651
vn -0.614899518 -0.758207127 0.216841802
vn 0.375539126 -0.925628497 0.046714805
vn 0.155667783 -0.987721763 -0.013162125
vn 0.633923823 -0.690719678 0.347917825
vn 0.653676500 -0.506806291 0.562009215
vn -0.746998900 -0.563345103 0.353036702
vn -0.706139221 -0.603076932 0.371033162
vn 0.602373965 0.758628611 0.248250023
vn 0.175196526 0.960987680 0.214029983
vn 0.189448061 0.960961549 0.201648742
vn 0.711159933 0.592823099 0.377905339
vn -0.206637906 0.903962319 0.374370128
vn -0.202424528 0.897069413 0.392798871
vn -0.459661401 0.730873695 0.504514694
vn -0.461773190 0.699553044 0.545335770
vn 0.821126650 0.329197654 0.466240138
vn 0.719404030 0.414065581 0.557680607
vn 0.051141112 0.645361606 -0.762163281
vn 0.211655404 0.618933382 -0.756388426
vn 0.214328031 0.557337102 -0.802146375
vn 0.222773332 0.566640091 -0.793278694
vn 0.303646254 0.669256172 -0.678155720
vn 0.190720453 0.492618877 -0.849089086
vn 0.011177871 0.445928725 -0.894998670
vn 0.272660839 0.451257056 -0.849719465
vn 0.188506153 0.390427468 -0.901128054
vn 0.167188361 0.381138556 -0.909275293
vn 0.237288891 0.375740013 -0.895831108
vn 0.238470741 0.382350399 -0.892714798
vn -0.391702674 -0.562034399 -0.728482187
vn -0.422534732 -0.523476318 -0.739889920
vn -0.423987060 -0.503793540 -0.752613366
vn -0.432693513 -0.602803810 -0.670375943
vn -0.501094203 -0.540598286 -0.675764918
vn -0.396606639 -0.564760110 -0.723705173
vn -0.535751899 -0.369053611 -0.759453237
vn -0.547556412 -0.583763289 -0.599501729
vn -0.592509353 -0.667292655 -0.451279372
vn -0.593457645 -0.583040189 -0.554862320
vn -0.542780906 -0.573683632 -0.613413393
vn -0.681895885 -0.446548220 -0.579320908
vn 0.354335157 0.460121755 0.814085126
vn 0.354335115 0.460121713 0.814085126
vn 0.354335151 0.460121760 0.814085126
vn -0.186290208 -0.485911691 0.853923678
vn 0.003387511 -0.378624612 0.925544143
vn -0.170361882 -0.475079550 0.863293886
vn -0.004331653 -0.349850737 0.936795354
vn -0.006379790 -0.371557829 0.928387940
vn 0.000210861 -0.464001609 0.885834396
vn 0.056356479 -0.328862049 0.942694902
vn -0.002280619 -0.267889341 0.963446975
vn -0.180925131 -0.296527266 0.937730074
vn -0.151301623 -0.417315798 0.896077752
vn -0.233594135 -0.496503162 0.836013377
vn -0.234478523 -0.510387451 0.827359915
vn -0.098873704 -0.486997120 0.867789030
vn 0.065918999 -0.463682242 0.883545876
vn 0.040032910 -0.355683429 0.933748782
vn 0.040032889 -0.355683408 0.933748722
vn 0.739749273 0.451395434 0.499012232
vn 0.500134481 0.500913189 0.706364989
vn 0.467061887 0.350997485 0.811574996
vn 0.482695233 0.265940102 0.834434628
vn 0.429745041 0.232138804 0.872599959
vn 0.498236252 0.498281306 0.709560752
vn 0.469025356 0.311533689 0.826415122
vn 0.366454170 0.290084654 0.884060085
vn 0.463074979 0.267605883 0.844954729
vn 0.463075032 0.267605914 0.844954789
vn 0.279748722 0.343674396 0.896453321
vn 0.447096182 0.579519873 0.681367636
vn 0.468412126 0.474817232 0.745076239
vn 0.235891383 0.278358669 0.931059420
vn 0.471863314 0.575225826 0.668176889
vn 0.530569580 0.451722489 0.717246592
vn 0.576057720 0.298190818 0.761077940
vn 0.482440476 0.523129971 0.702556908
vn -0.161390941 -0.307386750 0.937798619
vn -0.161390951 -0.307386781 0.937798679
vn -0.161390962 -0.307386771 0.937798679
vn -0.010083591 0.697432267 0.716579735
vn 0.233909319 0.663509027 0.710663199
vn 0.278848586 0.653481597 0.703708231
vn 0.557801686 0.445974064 0.699974597
vn 0.553849305 0.526659757 0.644887924
vn 0.637690606 0.061729855 0.767815232
vn 0.615278218 -0.021105308 0.788027406
vn 0.388883516 -0.361933931 0.847215116
vn 0.317621206 -0.417077769 0.851565063
vn -0.152364524 -0.507345386 0.848166108
vn -0.137151598 -0.510381498 0.848940611
vn -0.391115094 -0.271677395 0.879329443
vn -0.371103446 -0.317258524 0.872713745
vn -0.526227870 -0.064735220 0.847875893
vn -0.836016226 -0.412552720 0.361769497
vn -0.582842709 -0.774054511 0.247252852
vn -0.565841303 -0.785158477 0.251694083
vn -0.833221300 -0.406984868 0.374306828
vn 0.012589348 -0.964237033 0.264742225
vn -0.218325986 -0.951475810 0.216858312
vn 0.359365399 -0.782517145 0.508452058
vn 0.459970864 -0.577028826 0.674881160
vn -0.874922382 -0.152167741 0.459734410
vn -0.850309023 -0.199266528 0.487101018
vn 0.854127686 0.514184671 0.077975109
vn 0.529518506 0.848246546 -0.009379507
vn 0.541870641 0.840195413 -0.021167971
vn 0.903348598 0.352640047 0.244143918
vn 0.165491539 0.974272619 0.152988419
vn 0.168161753 0.970535163 0.172577620
vn -0.123626906 0.941034603 0.314913392
vn -0.134220011 0.922544781 0.361795545
vn 0.914955566 0.093379968 0.392602175
vn 0.858033971 0.227861373 0.460279167
vn -0.391905432 -0.291388717 0.872641265
vn -0.468356159 -0.318641744 0.824081302
vn -0.129433520 -0.605816061 0.785005629
vn -0.555486802 -0.042919801 0.830417037
vn -0.567974271 -0.307899366 0.763284504
vn -0.539853835 -0.388792544 0.746591032
vn -0.509474994 -0.522967947 0.683329880
vn -0.564117891 -0.545986182 0.619411051
vn -0.468814095 -0.707301131 0.529092073
vn -0.497944922 -0.724883426 0.476019710
vn -0.405655072 -0.787310548 0.464312404
vn -0.468356206 -0.318641528 -0.824081361
vn -0.391905537 -0.291388780 -0.872641206
vn -0.129433899 -0.605815935 -0.785005808
vn -0.555486697 -0.042919906 -0.830417037
vn -0.567974366 -0.307899440 -0.763284385
vn -0.539853751 -0.388792376 -0.746591210
vn -0.509475171 -0.522968023 -0.683329582
vn -0.564118311 -0.545986183 -0.619410694
vn -0.468814485 -0.707300994 -0.529091954
vn -0.497945048 -0.724883384 -0.476019830
vn -0.405655240 -0.787310379 -0.464312553
vn 0.909679792 -0.415310325 -0.000000092
vn 0.909679834 -0.415310283 -0.000000092
vn 0.909679813 -0.415310304 -0.000000092
vn -0.033350368 -0.076790653 0.996489286
vn -0.675548169 0.053493686 0.735372722
vn -0.727527857 0.116018220 0.676197350
vn -0.508014004 0.273478593 0.816781044
vn -0.634395344 -0.352239874 0.688091278
vn -0.866541903 0.023597178 0.498546183
vn -0.400788544 -0.558040712 0.726607978
vn 0.164608015 -0.597881748 0.784500837
vn -0.797822478 -0.368704761 0.477007449
vn -0.739705535 -0.098380249 0.665700555
vn -0.277958166 -0.340335048 0.898282409
vn -0.578677547 0.240718638 0.779222012
vn 0.185480041 -0.587555454 0.787639320
vn -0.452327059 -0.695463630 0.558328390
vn -0.812199379 0.342596032 0.472186536
vn -0.207919160 -0.389845504 0.897100985
vn 0.030518071 -0.030002807 0.999083877
vn 0.025353754 -0.012140522 0.999604821
vn -0.365313298 -0.363924541 0.856799304
vn 0.050926618 -0.029449603 0.998268068
vn -0.292785748 -0.915291708 0.276618093
vn 0.576737064 -0.807289324 0.125132903
vn 0.199611268 -0.954374165 0.222093239
vn -0.733525840 0.678888642 0.032401841
vn -0.833972483 0.491196758 0.251427263
vn -0.999830679 0.018404812 -0.000000000
vn -0.952765799 0.196299158 0.231741086
vn -0.814115048 0.477664280 0.330232352
vn -0.866978376 0.277779258 0.413747549
vn -0.979739487 0.090063938 0.178883150
vn -0.774672731 0.053207024 0.630120039
vn -0.830596710 0.088244290 0.549838305
vn -0.997692696 0.067829115 -0.002902422
vn -0.265225861 0.114915279 0.957313836
vn 0.135324559 0.044807827 0.989787698
vn -0.274141700 0.002839043 0.961685121
vn -0.394279005 0.013755931 0.918887854
vn -0.367622725 0.022927591 0.929692388
vn -0.343708350 0.018312806 0.938897908
vn 0.564073380 0.066798519 0.823018253
vn -0.880829474 0.024415206 0.472803771
vn -0.697687551 0.072838268 0.712689757
vn -0.981369432 -0.003840800 0.192091584
vn -0.997692654 0.067829157 0.002902529
vn -0.830596499 0.088244416 -0.549838543
vn -0.979739276 0.090063896 -0.178883567
vn -0.774672520 0.053207235 -0.630120218
vn -0.265225381 0.114915211 -0.957313895
vn 0.135324285 0.044807848 -0.989787638
vn -0.274141837 0.002839349 -0.961685121
vn -0.739705072 -0.098380122 -0.665700853
vn -0.394278921 0.013756183 -0.918887913
vn -0.367622441 0.022927959 -0.929692388
vn -0.343707982 0.018313132 -0.938897967
vn -0.866541566 0.023597009 -0.498546690
vn -0.797820708 -0.368703750 -0.477011114
vn -0.866978376 0.277779342 -0.413747638
vn -0.508013983 0.273478951 -0.816780925
vn -0.634393026 -0.352238988 -0.688093841
vn -0.033350448 -0.076790436 -0.996489346
vn -0.727528088 0.116018157 -0.676197171
vn -0.675547980 0.053493454 -0.735373020
vn -0.400788570 -0.558040517 -0.726608098
vn 0.164607720 -0.597881706 -0.784500897
vn -0.277958603 -0.340335285 -0.898282230
vn -0.578677558 0.240718796 -0.779221892
vn 0.185479830 -0.587555581 -0.787639260
vn -0.452327112 -0.695463409 -0.558328629
vn -0.866107116 0.107787109 -0.488098830
vn -0.207918538 -0.389844988 -0.897101283
vn 0.030518178 -0.030002547 -0.999083877
vn 0.025353831 -0.012140342 -0.999604821
vn -0.365313351 -0.363924234 -0.856799483
vn 0.050926405 -0.029449253 -0.998268127
vn -0.292785643 -0.915291729 -0.276618093
vn 0.576737064 -0.807289324 -0.125132799
vn 0.199611141 -0.954374123 -0.222093374
vn -0.437826116 -0.475964175 -0.762736142
vn -0.771287012 0.636487440 -0.000000000
vn -0.369353380 0.892506574 -0.258863091
vn -0.833972441 0.491196632 -0.251427442
vn -0.369353401 0.892506553 -0.258863091
vn -0.999830595 0.018404728 -0.000000000
vn -0.465311681 -0.105890143 -0.878790319
vn -0.343747031 -0.083701334 -0.935324550
vn -0.293428093 0.191267072 -0.936651945
vn -0.487429905 0.255449099 -0.834959805
vn -0.134709125 0.415134235 -0.899731696
vn -0.579408468 0.332045706 -0.744332790
vn -0.714787454 0.152363808 -0.682542443
vn -0.705180670 0.146698428 -0.693685651
vn -0.800060391 0.044734581 -0.598249316
vn -0.798511410 0.049110519 -0.599972904
vn -0.666592133 -0.292016526 -0.685843527
vn -0.637278936 -0.284694839 -0.716117680
vn -0.568440855 -0.509016859 -0.646356642
vn -0.056850641 0.581532206 -0.811534584
vn 0.054136341 0.550828564 -0.832860768
vn 0.191000022 0.182385906 -0.964496851
vn 0.188630326 0.182653063 -0.964912713
vn 0.093472064 0.216460961 -0.971806407
vn 0.099861552 0.170652979 -0.980257690
vn 0.096772715 0.180045110 -0.978886545
vn 0.108550489 0.143976590 -0.983609498
vn 0.540384259 0.108884950 0.834343374
vn 0.638700212 0.142276339 0.756187499
vn 0.561511905 0.034857951 0.826734126
vn 0.629104407 0.079095832 0.773286164
vn 0.783239753 -0.107660078 0.612327337
vn 0.837228559 -0.021440818 0.546432674
vn 0.550376623 0.328719477 0.767482281
vn 0.498673409 0.612607235 0.613218725
vn 0.849162587 -0.429486565 0.307350069
vn 0.896047394 -0.414253366 0.159666047
vn 0.573546390 0.227065872 0.787074208
vn 0.391261186 0.121745113 0.912191153
vn 0.136786558 0.140512183 0.980584383
vn 0.120964316 0.097913899 0.987816095
vn 0.097050941 0.120152337 0.988000274
vn 0.112337563 0.132688093 0.984771132
vn -0.000217522 -0.002310975 0.999997318
vn -0.000000137 -0.000000118 1.000000000
vn -0.157997303 -0.338422145 0.927635252
vn -0.343747968 -0.083702250 0.935324252
vn -0.293428377 0.191266745 0.936651945
vn -0.487429652 0.255449436 0.834959865
vn -0.465310101 -0.105889152 0.878791153
vn -0.437825769 -0.475964268 0.762736320
vn -0.134708841 0.415134014 0.899731815
vn -0.579408626 0.332045717 0.744332790
vn -0.714788192 0.152363829 0.682541728
vn -0.705181239 0.146698955 0.693684876
vn -0.800061276 0.044734539 0.598248005
vn -0.798512717 0.049110730 0.599971294
vn -0.666597064 -0.292015388 0.685839236
vn -0.637284457 -0.284694038 0.716112971
vn -0.568446871 -0.509016575 0.646351516
vn 0.191000196 0.182385900 0.964496851
vn 0.188630398 0.182653076 0.964912713
vn 0.093471721 0.216461051 0.971806407
vn 0.099861284 0.170652806 0.980257809
vn 0.096772428 0.180044996 0.978886545
vn 0.108550273 0.143976300 0.983609498
vn 0.054136931 0.550827890 0.832861185
vn -0.056850556 0.581531700 0.811534822
vn 0.997557320 0.066777804 0.020497186
vn 0.994124417 0.107646549 0.011358966
vn 0.999321672 -0.035878516 0.008299685
vn 0.998058952 -0.061617260 0.009040547
vn 0.951590281 0.307369464 -0.000000061
vn 0.935349899 0.353723854 0.000000454
vn 0.860533585 0.509393755 0.000000395
vn 0.860015579 0.510267733 0.000000000
vn 0.379252179 0.925293345 0.000000000
vn 0.632121274 0.774869499 0.000000000
vn 0.986844645 0.161671223 0.000000384
vn 0.959492436 0.281734360 0.000000442
vn 0.967820274 -0.249949525 -0.029140469
vn 0.976823895 -0.207072398 -0.054185860
vn 0.986844771 0.161671265 0.000000476
vn 0.951590260 0.307369317 0.000000848
vn 0.998058825 -0.061617133 -0.009039904
vn 0.999321756 -0.035878516 -0.008298955
vn 0.997557278 0.066777930 -0.020496301
vn 0.994124459 0.107646423 -0.011358125
vn 0.860015811 0.510267417 0.000000490
vn 0.379252326 0.925293282 0.000000172
vn 0.632121769 0.774869088 0.000000000
vn 0.967820274 -0.249949272 0.029140841
vn 0.976823895 -0.207072398 0.054186087
vn 0.093551042 0.995614477 0.000000124
vn 0.093550957 0.995614561 0.000000139
vn 0.093550831 0.995614435 0.000000263
vn 0.093551168 0.995614435 0.000000000
vn 0.093551168 0.995614435 0.000000000
vn 0.093551126 0.995614477 0.000000000
vn 0.328301064 0.926271447 -0.185039312
vn 0.288991794 0.927309187 -0.237868220
vn 0.354971758 0.923155109 -0.147579819
vn 0.392732975 0.915033411 -0.092058890
vn 0.336014717 0.759844142 -0.556534827
vn 0.336014738 0.759844121 -0.556534827
vn 0.336014717 0.759844142 -0.556534886
vn 0.458979012 -0.682037920 0.569352806
vn 0.567474036 -0.598596499 0.565380871
vn 0.522725056 -0.637560319 0.565928817
vn 0.830391181 -0.555792451 0.039310776
vn 0.713179173 -0.456597925 0.531877577
vn 0.830391371 -0.555792177 -0.039310310
vn 0.872396711 -0.292856007 0.391355902
vn 0.876230389 -0.333094868 0.348235786
vn 0.931204567 -0.122784433 0.343194008
vn 0.926908075 -0.065957879 0.369446903
vn 0.930366646 -0.007035742 0.366563112
vn 0.522725815 -0.637560151 -0.565928280
vn 0.713179246 -0.456598442 -0.531877041
vn 0.567474680 -0.598596530 -0.565380335
vn 0.458980055 -0.682037551 -0.569352329
vn 0.872396669 -0.292856302 -0.391355664
vn 0.876230578 -0.333094594 -0.348235637
vn 0.931204736 -0.122784096 -0.343193442
vn 0.926908328 -0.065957711 -0.369446158
vn 0.930366941 -0.007035616 -0.366562307
vn -0.717669456 -0.460225968 0.522630394
vn -0.579257488 -0.599231533 0.552614093
vn -0.717669414 -0.460225926 0.522630453
vn -0.510871118 -0.677596928 0.529030323
vn -0.527053342 -0.651188613 0.546047807
vn -0.551227666 -0.607903476 0.571490586
vn 0.085260203 -0.159154492 0.983565211
vn -0.759913811 0.075627989 0.645609379
vn 0.513980417 -0.154355225 0.843800128
vn 0.783110867 -0.061533387 0.618830323
vn 0.821877159 -0.109342033 0.559072673
vn 0.676999032 -0.336767460 0.654415786
vn -0.006092522 -0.181556438 0.983361721
vn 0.606904008 -0.417638675 0.676199317
vn -0.039628207 -0.082302373 0.995819211
vn -0.726700977 0.074910081 0.682857394
vn -0.653805084 0.313184222 0.688806713
vn 0.060540165 0.368468518 0.927666903
vn 0.059504894 -0.120534937 0.990924060
vn 0.377089097 0.081640405 0.922571719
vn 0.864503028 0.209505725 0.456882924
vn 0.840218815 0.192106452 0.507077277
vn 0.340796572 0.057981736 0.938347459
vn -0.190539970 -0.026995784 0.981308162
vn 0.496073370 -0.340579000 0.798697174
vn -0.021260330 -0.149203252 0.988577902
vn -0.326509992 -0.075332940 0.942186892
vn -0.275112226 -0.086362833 0.957525313
vn -0.296909175 -0.057852397 0.953151703
vn -0.330718144 -0.031812231 0.943193197
vn -0.273535323 -0.044899143 0.960813463
vn -0.328385906 0.022024995 0.944286883
vn -0.192150412 -0.071471846 0.978759408
vn -0.129671067 0.065962845 0.989360511
vn -0.139328788 0.115775823 0.983454823
vn -0.471093596 0.058218053 0.880159855
vn -0.380702705 0.007653193 0.924665809
vn -0.324943594 -0.027831935 0.945323825
vn 0.828985626 -0.212129619 0.517478466
vn 0.813157250 -0.254624053 0.523394585
vn -0.701459082 0.043190763 0.711399853
vn 0.843932921 -0.536448691 0.000000063
vn 0.948202391 0.317666740 0.000000445
vn 0.948202581 0.317666382 0.000000261
vn 0.866554694 -0.499082181 0.000000139
vn 0.893893796 -0.448278664 -0.000000297
vn 0.872046766 -0.489422713 -0.000000019
vn 0.997879828 0.065083248 -0.000000311
vn 0.997879786 0.065083543 0.000000000
vn 0.958068589 0.286538974 0.000000550
vn 0.958068463 0.286539269 0.000000482
vn 0.997462237 -0.071196901 0.000000468
vn 0.995673946 0.092916268 0.000000198
vn 0.936001321 0.351996591 0.000000281
vn 0.937365130 0.348348423 0.000000090
vn 0.948425369 0.317000714 0.000000108
vn 0.782962142 0.622069308 0.000000278
vn 0.958068526 0.286539122 0.000000366
vn 0.997462279 -0.071197870 0.000000191
vn 0.995674030 0.092916099 0.000000099
vn 0.936001785 0.351995116 0.000000141
vn 0.937365024 0.348348697 0.000000275
vn 0.948424927 0.317001831 0.000000328
vn 0.782962263 0.622069187 0.000000575
vn 0.425841284 0.904797944 0.000000174
vn 0.425841094 0.904797965 0.000000264
vn 0.323273219 0.946305678 0.000000183
vn 0.323273535 0.946305614 0.000000005
vn 0.523195552 0.852212733 0.000000272
vn 0.948202475 0.317666571 0.000000522
vn 0.843933090 -0.536448439 0.000000123
vn 0.866554526 -0.499082349 0.000000144
vn 0.893893838 -0.448278622 0.000000209
vn 0.872046513 -0.489422966 0.000000097
vn 0.997879828 0.065083079 0.000000400
vn 0.997879828 0.065083332 0.000000256
vn 0.523195731 0.852212554 0.000000414
vn 0.425841431 0.904797796 0.000000312
vn 0.425841347 0.904797881 0.000000267
vn 0.323273577 0.946305572 0.000000255
vn 0.323273577 0.946305572 0.000000263
vn -0.692796883 0.721132863 -0.000000554
vn -0.692796884 0.721132861 -0.000000554
vn -0.692796842 0.721132819 -0.000000554
vn -0.306699967 0.404513098 0.861570776
vn -0.306843888 0.423721239 0.852236629
vn -0.299873831 0.350559895 0.887233615
vn -0.324892959 0.255752456 0.910513818
vn -0.308090676 0.378780729 0.872699916
vn -0.329183382 0.281232417 0.901413739
vn -0.326491589 0.229620609 0.916884720
vn -0.359247546 0.176823320 0.916337669
vn -0.316922743 0.183229104 0.930584192
vn -0.355541689 0.051598174 0.933235049
vn -0.971187386 -0.176034152 0.160646245
vn -0.990211377 -0.026393621 0.137057215
vn -0.987377381 -0.064245158 0.144770280
vn -0.968138778 -0.194574171 0.157633156
vn -0.965007773 -0.237632993 0.110862769
vn -0.965373186 -0.238813190 0.104989357
vn -0.993589784 0.040320710 0.105610535
vn -0.993804775 0.038579834 0.104228713
vn 0.249946764 -0.896882892 0.364866614
vn 0.856953748 -0.492742852 0.151111588
vn 0.869966271 -0.466542411 0.159677118
vn 0.947709252 -0.304393201 0.095875069
vn 0.935116216 -0.342591375 0.090491943
vn 0.996016010 0.060719363 0.065310054
vn 0.995241477 -0.050330376 0.083434589
vn 0.882923961 0.451786146 0.127807081
vn 0.894411359 0.424323407 0.141343713
vn 0.833934066 0.534478600 0.137428880
vn 0.834803482 0.533455517 0.136119097
vn -0.956179167 -0.274074107 0.102979228
vn -0.956179209 -0.274074149 0.102979235
vn -0.956179146 -0.274074128 0.102979228
vn 0.897476025 0.421690072 0.129284233
vn 0.005127017 -0.455043697 -0.890454352
vn 0.046464319 -0.394996524 -0.917506814
vn 0.026903218 -0.472798710 -0.880759656
vn -0.002735120 -0.445216759 -0.895418584
vn -0.005357539 -0.399821316 -0.916577399
vn 0.027100571 -0.393936541 -0.918738008
vn 0.035004306 -0.415912055 -0.908730924
vn 0.054890422 -0.380196974 -0.923275232
vn 0.082800729 -0.286903755 -0.954374254
vn 0.027141053 -0.426909896 -0.903886795
vn -0.286157377 0.082597792 0.954615951
vn -0.284391634 0.073686515 0.955872118
vn -0.278715102 0.105098293 0.954605818
vn -0.278531911 0.119204443 0.953000724
vn -0.298897252 0.069858633 0.951724827
vn -0.291384450 0.083367836 0.952966452
vn -0.295642578 0.084799870 0.951527417
vn -0.309907858 0.133710861 0.941317439
vn -0.311823785 0.174889075 0.933905661
vn -0.306589790 0.079052104 0.948553324
vn -0.299197559 0.068283511 0.951744735
vn -0.306085713 0.061829216 0.949994087
vn -0.300005093 0.067876499 0.951519668
vn -0.303598944 0.053322275 0.951306641
vn -0.304082231 0.054357117 0.951093733
vn -0.295052279 0.062736364 0.953419268
vn -0.278034025 0.075564716 0.957594454
vn -0.299846631 0.067137569 0.951622069
vn -0.299486634 0.067484080 0.951710939
vn 0.540384111 0.108885182 -0.834343493
vn 0.629104281 0.079096042 -0.773286283
vn 0.561511631 0.034858183 -0.826734304
vn 0.638699980 0.142276655 -0.756187618
vn 0.783239689 -0.107659889 -0.612327456
vn 0.837228601 -0.021440692 -0.546432495
vn 0.550377055 0.328719551 -0.767481983
vn 0.498673936 0.612607046 -0.613218486
vn 0.849162692 -0.429486459 -0.307350159
vn 0.896047500 -0.414253176 -0.159666032
vn 0.573546263 0.227066167 -0.787074089
vn 0.391261565 0.121745197 -0.912191093
vn 0.136786720 0.140512359 -0.980584383
vn 0.120964436 0.097914158 -0.987815917
vn 0.097051216 0.120152715 -0.988000274
vn 0.112337706 0.132688266 -0.984771132
vn -0.000217416 -0.002310847 -0.999997377
vn 0.897475751 0.421690515 -0.129284248
vn -0.000000109 -0.000000272 -1.000000000
vn -0.157996945 -0.338421829 -0.927635491
vn -0.880829263 0.024415754 -0.472803980
vn -0.697687487 0.072838668 -0.712689698
vn -0.981369474 -0.003840421 -0.192091703
vn -0.814115027 0.477664385 -0.330232292
vn -0.952765925 0.196299031 -0.231740668
vn 0.564073401 0.066798624 -0.823018312
vn 0.328301043 0.926271384 0.185039803
vn 0.392733017 0.915033285 0.092059247
vn 0.354971801 0.923154983 0.147580251
vn 0.288991731 0.927309081 0.237868831
vn 0.336014865 0.759843910 0.556535125
vn 0.336014844 0.759843847 0.556535065
vn 0.336014865 0.759843910 0.556535125
vn -0.579257527 -0.599231493 -0.552614272
vn -0.717669530 -0.460225726 -0.522630632
vn -0.717669519 -0.460225737 -0.522630572
vn -0.551227623 -0.607903349 -0.571490765
vn -0.527053226 -0.651188476 -0.546048045
vn -0.510870991 -0.677596801 -0.529030561
vn -0.759913600 0.075628115 -0.645609498
vn 0.085260472 -0.159154455 -0.983565152
vn 0.513980670 -0.154355394 -0.843799949
vn 0.783110952 -0.061533387 -0.618830264
vn 0.821877412 -0.109342117 -0.559072316
vn 0.676999096 -0.336767312 -0.654415727
vn -0.006092485 -0.181556095 -0.983361721
vn 0.606903576 -0.417638517 -0.676199734
vn -0.039628115 -0.082302307 -0.995819271
vn -0.726700767 0.074910207 -0.682857513
vn -0.653804421 0.313184212 -0.688807249
vn 0.060540049 0.368467791 -0.927667081
vn 0.059505068 -0.120534869 -0.990924120
vn 0.377088876 0.081640332 -0.922571838
vn 0.864502606 0.209505725 -0.456883520
vn 0.840218857 0.192106663 -0.507077336
vn 0.340796720 0.057981967 -0.938347340
vn -0.190539886 -0.026995404 -0.981308222
vn 0.496073386 -0.340578815 -0.798697174
vn -0.021260145 -0.149202920 -0.988578081
vn -0.326510055 -0.075332792 -0.942186892
vn -0.275112352 -0.086362960 -0.957525194
vn -0.296909206 -0.057852366 -0.953151643
vn -0.330718091 -0.031811820 -0.943193197
vn -0.273535260 -0.044898658 -0.960813463
vn -0.328385832 0.022025258 -0.944286823
vn -0.192150786 -0.071471662 -0.978759348
vn -0.129671241 0.065963113 -0.989360511
vn -0.139328946 0.115776086 -0.983454764
vn -0.471093639 0.058218306 -0.880159855
vn -0.380702957 0.007653446 -0.924665749
vn -0.324943994 -0.027831619 -0.945323706
vn 0.813157503 -0.254624221 -0.523394048
vn 0.828985689 -0.212129978 -0.517477989
vn -0.701458872 0.043191058 -0.711399972
vn -0.692796882 0.721132864 0.000000006
vn -0.692796882 0.721132864 0.000000006
vn -0.692796883 0.721132863 0.000000006
vn -0.306699998 0.404513319 -0.861570656
vn -0.324892986 0.255752514 -0.910513699
vn -0.299873926 0.350560011 -0.887233555
vn -0.306843872 0.423721340 -0.852236569
vn -0.308090647 0.378780168 -0.872700155
vn -0.329183261 0.281232075 -0.901413858
vn -0.326491352 0.229620509 -0.916884780
vn -0.359246892 0.176823847 -0.916337848
vn -0.316922579 0.183229014 -0.930584311
vn -0.355541394 0.051598553 -0.933235228
vn -0.971186922 -0.176033520 -0.160649434
vn -0.968138567 -0.194573286 -0.157635778
vn -0.987377044 -0.064244989 -0.144772485
vn -0.990211167 -0.026393495 -0.137059301
vn -0.965008152 -0.237633120 -0.110859491
vn -0.965373649 -0.238813400 -0.104985461
vn -0.993589532 0.040321131 -0.105612583
vn -0.993804480 0.038580214 -0.104230784
vn 0.249945500 -0.896879773 -0.364875108
vn 0.856954001 -0.492741419 -0.151115343
vn 0.869966629 -0.466540283 -0.159681529
vn 0.947709442 -0.304392506 -0.095875479
vn 0.935116364 -0.342591059 -0.090491883
vn 0.996016010 0.060718689 -0.065309219
vn 0.995241393 -0.050330629 -0.083433926
vn 0.882923982 0.451785872 -0.127806932
vn 0.894411317 0.424323534 -0.141343743
vn 0.833934235 0.534478263 -0.137428880
vn 0.834803714 0.533455201 -0.136119097
vn -0.956179504 -0.274074613 -0.102975167
vn -0.956179504 -0.274074613 -0.102975160
vn -0.956179441 -0.274074592 -0.102975145
vn 0.005127059 -0.455043655 0.890454352
vn -0.002734909 -0.445217138 0.895418525
vn 0.026903155 -0.472798605 0.880759776
vn 0.046464298 -0.394996376 0.917506874
vn -0.005357202 -0.399821611 0.916577339
vn 0.027100592 -0.393936646 0.918738008
vn 0.035004054 -0.415912140 0.908730865
vn 0.054890475 -0.380197006 0.923275292
vn 0.082800835 -0.286903903 0.954374254
vn 0.027140590 -0.426910318 0.903886616
vn -0.286157134 0.082597487 -0.954616070
vn -0.278531642 0.119205259 -0.953000665
vn -0.278714918 0.105098688 -0.954605818
vn -0.284391392 0.073685957 -0.955872297
vn -0.298897589 0.069857959 -0.951724827
vn -0.291384492 0.083367668 -0.952966452
vn -0.295642778 0.084799375 -0.951527357
vn -0.309907948 0.133710308 -0.941317558
vn -0.311823691 0.174888243 -0.933905840
vn -0.306589600 0.079052294 -0.948553443
vn -0.299197633 0.068283943 -0.951744735
vn -0.306085671 0.061829469 -0.949994028
vn -0.300004766 0.067877204 -0.951519608
vn -0.303599112 0.053322064 -0.951306701
vn -0.304082642 0.054356706 -0.951093614
vn -0.295052005 0.062736343 -0.953419328
vn -0.278033371 0.075564948 -0.957594573
vn -0.299846357 0.067137675 -0.951622128
vn -0.299486454 0.067484006 -0.951710880
vn 0.055396954 -0.643971877 0.763040960
vn 0.055396933 -0.643971771 0.763040900
vn -0.008399951 -0.637233586 0.770624936
vn -0.053745809 -0.701860194 0.710284114
vn -0.060064401 -0.642256058 0.764133155
vn -0.053102859 -0.707499653 0.704715788
vn -0.046957637 0.522597888 0.851285160
vn 0.272899316 0.571619931 0.773806572
vn 0.216837580 0.553487366 0.804135025
vn -0.341136486 0.589578545 0.732136011
vn -0.641637516 0.601899518 0.475413829
vn 0.312720386 0.555481681 0.770484269
vn 0.312720386 0.555481681 0.770484269
vn 0.034219553 -0.642030509 -0.765915096
vn 0.034219574 -0.642030488 -0.765915036
vn -0.018316873 -0.635946822 -0.771515489
vn -0.053745746 -0.701859836 -0.710284531
vn -0.060064317 -0.642255805 -0.764133334
vn -0.053102732 -0.707499189 -0.704716146
vn -0.046957764 0.522598099 -0.851285040
vn -0.341136455 0.589578661 -0.732135832
vn 0.216837528 0.553487672 -0.804134905
vn 0.263066330 0.575412009 -0.774401128
vn -0.641637439 0.601899594 -0.475413859
vn 0.292471459 0.563846714 -0.772358239
vn 0.292471501 0.563846756 -0.772358358
vn 0.071086118 0.705701626 0.704934001
vn -0.034399668 0.647779866 0.761050522
vn 0.091043673 0.273372646 0.957589924
vn 0.112630246 0.645773044 0.755176663
vn -0.009131325 0.414956586 0.909795344
vn -0.081971132 0.648711164 0.756607234
vn 0.215406558 -0.086907033 0.972649574
vn 0.258546481 -0.480974936 0.837745011
vn 0.389873606 -0.746261878 0.539529264
vn 0.315923652 -0.821443869 0.474786520
vn 0.460963212 -0.770490742 0.440291852
vn 0.219895287 -0.093599800 0.971022725
vn -0.232456286 0.681029704 0.694379330
vn -0.126768596 0.644516878 0.754007697
vn -0.355912813 0.734074147 0.578326106
vn 0.247424660 0.155701306 0.956314862
vn 0.564027276 -0.666744151 0.487160474
vn 0.336324686 0.204424775 0.919291139
vn -0.269008688 0.833984453 0.481771976
vn 0.219244239 -0.584760001 0.781017065
vn 0.219415355 -0.871538117 0.438495308
vn 0.206318370 -0.661391001 0.721106589
vn 0.143890352 -0.896711881 0.418572962
vn 0.226594881 -0.876919785 0.423870683
vn 0.043165706 -0.928923285 0.367747605
vn 0.136588363 0.013873410 0.990530729
vn 0.122647830 -0.031824996 0.991939843
vn 0.069855999 0.733961615 0.675589025
vn 0.044574381 0.753371503 0.656082690
vn -0.037288286 0.772980746 0.633332729
vn -0.004597210 0.794455535 0.607304811
vn -0.108698535 0.755712086 0.645820320
vn -0.156345231 0.718323765 0.677913904
vn -0.160602379 0.700451330 0.695395470
vn -0.229087193 0.640273069 0.733191371
vn -0.216158879 0.622631094 0.752067685
vn -0.261819152 0.559576564 0.786336362
vn -0.250379423 0.527474974 0.811837673
vn -0.277115898 0.478356499 0.833295703
vn -0.257257351 0.393591100 0.882555902
vn -0.306119615 0.363459570 0.879879594
vn -0.272384778 0.245548486 0.930329263
vn -0.245846213 0.360880051 0.899625003
vn -0.279886392 0.340270977 0.897707760
vn -0.359870481 0.232736083 0.903508246
vn -0.396445912 0.193479102 0.897438884
vn -0.485245307 -0.073835926 0.871254981
vn -0.472660616 -0.057592088 0.879360676
vn -0.493664393 -0.276859824 0.824405372
vn -0.101586459 0.005977682 0.994808733
vn -0.101586459 0.005977682 0.994808793
vn -0.185678510 -0.484062392 0.855106533
vn -0.166384758 -0.652256746 0.739511609
vn -0.080867411 -0.745796745 0.661247194
vn -0.210373866 -0.566481566 0.796769500
vn -0.226685618 -0.121833837 0.966317773
vn -0.110485877 -0.508985594 0.853654742
vn -0.160358749 -0.665392507 0.729066432
vn -0.331435984 -0.446788294 0.830981612
vn -0.141000996 -0.052315471 0.988626301
vn 0.144037297 -0.544117142 0.826552987
vn -0.132904439 -0.793175029 0.594314575
vn -0.360588880 -0.605469572 0.709494412
vn -0.497393240 -0.303130007 0.812842011
vn -0.390084951 -0.287162389 0.874855101
vn -0.207694538 -0.474854918 0.855205119
vn -0.310444804 -0.083790369 0.946891367
vn -0.317066411 0.065917281 0.946109772
vn -0.299656251 -0.303415123 0.904513955
vn -0.351407800 0.105368491 0.930274248
vn 0.052603692 -0.862197532 0.503833592
vn -0.138660729 -0.700043517 0.700508475
vn 0.226742016 -0.877244442 0.423119783
vn 0.221545815 -0.866276567 0.447752565
vn 0.236259364 -0.891872433 0.385674953
vn 0.295454845 -0.937658683 0.183037132
vn 0.270722295 -0.953558518 0.132043704
vn 0.494465204 -0.849356884 0.184653819
vn 0.499697166 -0.848439494 0.174508363
vn 0.497630496 -0.836305037 0.230125681
vn 0.444924892 -0.851914670 0.276194245
vn 0.381615036 -0.788054840 0.483052313
vn 0.368740965 -0.756775030 0.539742231
vn 0.603412829 -0.556112470 0.571516991
vn 0.633542731 -0.547937957 0.546248734
vn 0.380126367 -0.762194419 0.523988068
vn 0.290420741 -0.832682010 0.471483260
vn 0.057815361 -0.937327788 0.343619168
vn 0.037076540 -0.947910651 0.316371202
vn 0.368426824 -0.865182182 0.340178758
vn 0.380842126 -0.851941813 0.359380633
vn 0.660754059 -0.589665976 0.464433223
vn 0.695513700 -0.508039461 0.508091092
vn 0.784492547 -0.369170969 0.498281419
vn -0.077290682 0.594953027 0.800035775
vn -0.284392182 0.475043620 0.832739174
vn 0.244567899 -0.473214426 0.846318305
vn 0.483260190 -0.594409101 0.642757595
vn 0.283915225 -0.328538290 0.900807798
vn 0.468110320 -0.483742958 0.739503622
vn -0.015463142 -0.019150932 0.999697089
vn 0.062347026 -0.040848890 0.997218251
vn 0.315029538 -0.450025704 0.835603476
vn 0.090164521 -0.541140900 0.836084187
vn 0.007397596 -0.059719374 0.998187780
vn -0.097259606 -0.567396237 0.817680955
vn -0.035809055 -0.053809180 0.997909009
vn 0.209743328 -0.529122284 0.822214961
vn -0.440235349 0.470259479 0.764884830
vn -0.239857378 0.495310185 0.834946871
vn -0.093391937 0.546419350 0.832288265
vn 0.093522993 0.607654359 0.788675904
vn 0.002488252 0.048214712 0.998833835
vn 0.198183965 0.667472517 0.717776895
vn 0.022664513 0.043363541 0.998802245
vn 0.140519216 0.616973111 0.774337471
vn 0.016141843 0.129860794 0.991400898
vn 0.047503755 0.639384593 0.767418206
vn -0.200232302 -0.599758294 0.774723828
vn 0.019167059 -0.631163871 0.775412738
vn -0.133837339 -0.615681563 0.776545942
vn 0.321994020 -0.554651662 0.767255783
vn 0.213296139 -0.691937835 0.689729571
vn 0.087281139 -0.283437230 0.955010653
vn 0.213296097 -0.691937793 0.689729452
vn -0.104966236 0.121715215 0.986999273
vn -0.017562065 0.635009645 0.772304595
vn -0.311464283 -0.133284056 0.940864086
vn -0.053151338 -0.292141692 0.954896927
vn 0.495256132 -0.289895907 0.818951726
vn -0.117179018 -0.271134017 0.955382347
vn -0.097689377 -0.389108957 0.915997207
vn 0.163008542 -0.330286686 0.929698169
vn -0.603798533 -0.244276475 0.758786082
vn -0.559135189 -0.474552686 0.679829061
vn 0.071086097 0.705701816 -0.704933822
vn 0.112630077 0.645773549 -0.755176127
vn 0.091044168 0.273373036 -0.957589805
vn -0.034399162 0.647779781 -0.761050582
vn -0.009131536 0.414957008 -0.909795284
vn -0.081971448 0.648710932 -0.756607473
vn 0.215406263 -0.086905558 -0.972649693
vn 0.258546681 -0.480974314 -0.837745428
vn 0.389873732 -0.746261246 -0.539530158
vn 0.315923757 -0.821443848 -0.474786550
vn 0.460963138 -0.770491237 -0.440291166
vn 0.219895324 -0.093599468 -0.971022785
vn -0.232456602 0.681030990 -0.694377899
vn -0.126768553 0.644518269 -0.754006624
vn -0.355914647 0.734075770 -0.578322887
vn 0.247425614 0.155704314 -0.956314147
vn 0.564027945 -0.666744915 -0.487158835
vn 0.336328105 0.204426666 -0.919289470
vn -0.269009573 0.833987529 -0.481766224
vn 0.219243944 -0.584759959 -0.781017184
vn 0.219415103 -0.871537948 -0.438495785
vn 0.206318264 -0.661391949 -0.721105754
vn 0.143891237 -0.896711671 -0.418573171
vn 0.226598274 -0.876918921 -0.423870713
vn 0.043165875 -0.928923706 -0.367746443
vn 0.136588390 0.013872150 -0.990530729
vn 0.122647951 -0.031823410 -0.991939902
vn 0.069855809 0.733961552 -0.675589085
vn 0.044574676 0.753371208 -0.656082928
vn -0.037288286 0.772980746 -0.633332789
vn -0.004597041 0.794455703 -0.607304811
vn -0.108699083 0.755711960 -0.645820260
vn -0.156345715 0.718323870 -0.677913666
vn -0.160602631 0.700451414 -0.695395350
vn -0.229086666 0.640272838 -0.733191609
vn -0.216158458 0.622630841 -0.752068043
vn -0.261818899 0.559576395 -0.786336541
vn -0.250379338 0.527474974 -0.811837673
vn -0.277115687 0.478356794 -0.833295643
vn -0.257257335 0.393591032 -0.882555783
vn -0.306119578 0.363459776 -0.879879475
vn -0.272385031 0.245548360 -0.930329084
vn -0.245846282 0.360879898 -0.899625063
vn -0.279886244 0.340270956 -0.897707820
vn -0.359870213 0.232736014 -0.903508425
vn -0.396445711 0.193479049 -0.897438943
vn -0.485245117 -0.073835863 -0.871255040
vn -0.472660680 -0.057592362 -0.879360557
vn -0.493664151 -0.276859476 -0.824405611
vn -0.101587092 0.005978188 -0.994808793
vn -0.101587081 0.005978188 -0.994808733
vn -0.166385369 -0.652256135 -0.739511967
vn -0.185678331 -0.484062234 -0.855106652
vn -0.080867200 -0.745796703 -0.661247015
vn -0.210372791 -0.566480112 -0.796770692
vn -0.226685318 -0.121833695 -0.966317832
vn -0.110486383 -0.508985636 -0.853654683
vn -0.160358117 -0.665390610 -0.729068339
vn -0.331434904 -0.446787351 -0.830982625
vn -0.140999832 -0.052314381 -0.988626420
vn 0.144037571 -0.544114213 -0.826554835
vn -0.132905767 -0.793174713 -0.594314575
vn -0.360588648 -0.605468371 -0.709495485
vn -0.497390901 -0.303130323 -0.812843323
vn -0.390084019 -0.287164755 -0.874854743
vn -0.207694917 -0.474855255 -0.855204821
vn -0.310443834 -0.083792265 -0.946891487
vn -0.317066400 0.065914257 -0.946110010
vn -0.299655621 -0.303414320 -0.904514372
vn -0.351410898 0.105369060 -0.930272996
vn 0.052603018 -0.862197616 -0.503833473
vn -0.138662563 -0.700042864 -0.700509012
vn 0.226742142 -0.877244315 -0.423119843
vn 0.236259723 -0.891872159 -0.385675311
vn 0.221546658 -0.866276230 -0.447752774
vn 0.295454803 -0.937658725 -0.183037058
vn 0.270722337 -0.953558560 -0.132043615
vn 0.494465162 -0.849356926 -0.184653684
vn 0.499697166 -0.848439494 -0.174508199
vn 0.497630559 -0.836304974 -0.230125621
vn 0.444924976 -0.851914670 -0.276194185
vn 0.381615163 -0.788054967 -0.483051926
vn 0.368741281 -0.756775135 -0.539741874
vn 0.603413066 -0.556112823 -0.571516693
vn 0.633542968 -0.547937972 -0.546248436
vn 0.380126536 -0.762194335 -0.523988247
vn 0.290420973 -0.832681694 -0.471483558
vn 0.057815192 -0.937327703 -0.343619347
vn 0.037076372 -0.947910566 -0.316371441
vn 0.368426782 -0.865182056 -0.340178996
vn 0.380842042 -0.851941729 -0.359380960
vn 0.660753664 -0.589666034 -0.464433461
vn 0.695513637 -0.508039271 -0.508091509
vn 0.784492188 -0.369171327 -0.498281568
vn -0.284393489 0.475042651 -0.832739294
vn -0.077290598 0.594953322 -0.800035417
vn 0.244568184 -0.473214310 -0.846318245
vn 0.483259843 -0.594409533 -0.642757475
vn 0.209743560 -0.529122052 -0.822214901
vn 0.283913813 -0.328539787 -0.900807798
vn 0.468110054 -0.483743139 -0.739503503
vn -0.015463700 -0.019151344 -0.999696970
vn 0.062347647 -0.040848406 -0.997218311
vn 0.315029828 -0.450025414 -0.835603654
vn 0.090164711 -0.541141848 -0.836083591
vn 0.007397570 -0.059719885 -0.998187780
vn -0.097259817 -0.567396237 -0.817680776
vn -0.035809483 -0.053808984 -0.997908950
vn -0.440235369 0.470259375 -0.764885008
vn -0.239856609 0.495310617 -0.834946811
vn -0.093392295 0.546419498 -0.832288146
vn 0.093522656 0.607654485 -0.788675725
vn 0.002488529 0.048214725 -0.998833954
vn 0.198184281 0.667472622 -0.717776656
vn 0.022664857 0.043364867 -0.998802245
vn 0.140519447 0.616973975 -0.774336696
vn 0.038507665 0.044605725 -0.998262227
vn 0.017534564 0.637708413 -0.770078242
vn -0.200232154 -0.599758020 -0.774724007
vn 0.019167396 -0.631163112 -0.775413215
vn -0.133837233 -0.615680742 -0.776546657
vn 0.283498048 -0.607385599 -0.742099404
vn 0.087281213 -0.283437114 -0.955010712
vn -0.104966600 0.121715146 -0.986999214
vn -0.311465042 -0.133282876 -0.940864027
vn -0.053151665 -0.292140691 -0.954897225
vn 0.495256269 -0.289895602 -0.818951726
vn -0.117179350 -0.271134570 -0.955382168
vn -0.097688292 -0.389108904 -0.915997446
vn 0.163007209 -0.330286755 -0.929698527
vn -0.603798449 -0.244276643 -0.758786142
vn -0.559134701 -0.474552077 -0.679829895
vn -0.705701942 -0.071085886 0.704933703
vn -0.645774034 -0.112629508 0.755175829
vn -0.273371656 -0.091044410 0.957590044
vn -0.647780435 0.034399267 0.761049986
vn -0.414956565 0.009131473 0.909795403
vn -0.648710953 0.081971680 0.756607413
vn 0.086906011 -0.215406526 0.972649574
vn 0.480974999 -0.258546502 0.837745070
vn 0.746261393 -0.389873669 0.539529800
vn 0.821444101 -0.315923251 0.474786341
vn 0.770491732 -0.460963064 0.440290451
vn 0.093602529 -0.219896477 0.971022248
vn -0.681028292 0.232454916 0.694381177
vn -0.644517763 0.126768132 0.754006982
vn -0.734073115 0.355912919 0.578327537
vn -0.155700574 -0.247425308 0.956314921
vn 0.666745252 -0.564027440 0.487158954
vn -0.204425081 -0.336327204 0.919290185
vn -0.833985254 0.269005527 0.481772482
vn 0.584761308 -0.219244281 0.781016111
vn 0.871538854 -0.219414618 0.438494354
vn 0.661394056 -0.206319023 0.721103609
vn 0.896713609 -0.143890647 0.418569446
vn 0.876920775 -0.226597937 0.423867136
vn 0.928925181 -0.043167434 0.367742628
vn -0.013873552 -0.136588843 0.990530670
vn 0.031824242 -0.122648014 0.991939783
vn -0.733961615 -0.069855578 0.675589025
vn -0.753371503 -0.044574718 0.656082749
vn -0.772981252 0.037287949 0.633332193
vn -0.794456293 0.004596451 0.607303917
vn -0.755712339 0.108699293 0.645819962
vn -0.718323996 0.156345252 0.677913547
vn -0.700451667 0.160602294 0.695395052
vn -0.640273596 0.229086413 0.733191192
vn -0.622631537 0.216158184 0.752067566
vn -0.559576806 0.261818657 0.786336303
vn -0.527474995 0.250379149 0.811837733
vn -0.478356457 0.277115687 0.833295822
vn -0.393591142 0.257257014 0.882555783
vn -0.363459747 0.306119186 0.879879594
vn -0.245548938 0.272384790 0.930329025
vn -0.360880162 0.245846187 0.899625003
vn -0.340271217 0.279886026 0.897707820
vn -0.232736172 0.359870139 0.903508365
vn -0.193479207 0.396445553 0.897439063
vn 0.073835673 0.485245012 0.871255159
vn 0.057592172 0.472660574 0.879360616
vn 0.276859424 0.493664119 0.824405611
vn -0.005978257 0.101587055 0.994808674
vn -0.005978262 0.101587060 0.994808733
vn 0.429668813 0.285701785 0.856597483
vn 0.488268553 0.144590485 0.860631943
vn 0.717957403 0.089223445 0.690345049
vn 0.662707078 0.236738279 0.710474670
vn 0.083791507 0.310443750 0.946891546
vn 0.121834111 0.226685534 0.966317832
vn 0.566481798 0.210374646 0.796769023
vn 0.508985889 0.110485540 0.853654802
vn 0.665393518 0.160359423 0.729065418
vn 0.446785818 0.331435509 0.830983222
vn 0.052315139 0.141001054 0.988626182
vn 0.544118996 -0.144037803 0.826551616
vn 0.793179075 0.132904102 0.594309330
vn 0.605470183 0.360588774 0.709493995
vn 0.303128153 0.497392988 0.812842906
vn 0.287160140 0.390083239 0.874856532
vn 0.474850935 0.207693042 0.855207741
vn -0.065916923 0.317066263 0.946109891
vn -0.105370683 0.351409823 0.930273235
vn 0.862197659 -0.052605252 0.503833234
vn 0.700045456 0.138657779 0.700507224
vn 0.877244400 -0.226741552 0.423119903
vn 0.891872601 -0.236258774 0.385674983
vn 0.866276904 -0.221544635 0.447752446
vn 0.937658746 -0.295454360 0.183037341
vn 0.953558497 -0.270722147 0.132044196
vn 0.849357179 -0.494464656 0.184654012
vn 0.848439694 -0.499696629 0.174508587
vn 0.836305058 -0.497630222 0.230125949
vn 0.851914565 -0.444924829 0.276194334
vn 0.788055009 -0.381615036 0.483052105
vn 0.756775220 -0.368741197 0.539741755
vn 0.556113665 -0.603412223 0.571516693
vn 0.547938270 -0.633542418 0.546248734
vn 0.762195452 -0.380124913 0.523987651
vn 0.832682073 -0.290420256 0.471483618
vn 0.937327493 -0.057814644 0.343619853
vn 0.947910229 -0.037076119 0.316372275
vn 0.865182035 -0.368426466 0.340179473
vn 0.851941813 -0.380841789 0.359380960
vn 0.589666814 -0.660754149 0.464431942
vn 0.508040188 -0.695514575 0.508089185
vn 0.369171411 -0.784493790 0.498278946
vn -0.249815888 0.001906439 0.968291461
vn -0.354325173 0.074004018 0.932189405
vn -0.372733094 0.048360579 0.926677585
vn -0.205318625 -0.000252628 0.978695095
vn -0.357762775 -0.026564305 0.933434606
vn -0.299003884 -0.071665679 0.951556921
vn -0.592383144 0.016707517 0.805483162
vn -0.465127099 0.031948070 0.884667218
vn -0.519937242 -0.000711376 0.854204059
vn -0.715013762 0.061173306 0.696428835
vn -0.885392376 0.137434256 0.444063336
vn -0.921164640 0.175515746 0.347346753
vn -0.919330367 0.311227966 0.240767226
vn -0.926430994 0.323492636 0.192556873
vn -0.770278280 0.512787609 0.379104257
vn -0.747689370 0.505228118 0.430935442
vn -0.539021833 0.598253892 0.592914641
vn -0.517654761 0.597923176 0.611981630
vn -0.442119703 0.687440366 0.576156020
vn -0.396555198 0.676101821 0.620991349
vn -0.111209454 0.682929558 0.721969306
vn -0.014640466 0.660034020 0.751093090
vn 0.126096206 0.668053849 0.733351052
vn 0.175232161 0.616160647 0.767880023
vn 0.362603502 0.393087891 0.844985545
vn 0.399413571 0.236083691 0.885851800
vn 0.465492881 0.165229312 0.869491696
vn 0.024566629 0.176944092 0.983914256
vn -0.065215136 0.189990312 0.979617655
vn -0.038093312 0.206058260 0.977797985
vn 0.019586383 0.142081510 0.989661217
vn -0.103686898 0.177544545 0.978635311
vn -0.094695829 0.154699633 0.983412802
vn -0.053966279 0.080506307 0.995292187
vn -0.041738793 0.055186557 0.997603297
vn -0.070387566 0.017859205 0.997359812
vn -0.081817098 0.015202418 0.996531308
vn -0.122288997 -0.004284817 0.992485285
vn -0.160950127 0.021648903 0.986725092
vn -0.148717855 0.072209329 0.986239791
vn -0.124578379 0.075151047 0.989359677
vn 0.041475303 0.079289221 0.995988429
vn 0.223668115 0.056106459 0.973049164
vn 0.321396357 0.075680989 0.943915665
vn 0.353830559 0.042600970 0.934338927
vn 0.309802349 0.044101577 0.949777603
vn 0.503931344 -0.064796122 0.861309826
vn 0.372568932 0.060252355 0.926046431
vn 0.201864154 0.010514301 0.979357004
vn -0.705182019 -0.000001433 0.709026277
vn -0.705181935 -0.000000169 0.709026456
vn -0.498572325 0.498572630 0.709119976
vn -0.498572454 0.498572585 0.709119737
vn -0.498573714 -0.498573096 0.709118485
vn -0.499064975 -0.490586607 0.714323997
vn -0.000789684 -0.687739820 0.725956857
vn -0.017195198 -0.681645533 0.731480539
vn 0.509764874 -0.488267863 0.708332062
vn 0.491875662 -0.504633634 0.709509134
vn 0.729153713 0.011332276 0.684256136
vn 0.723283247 -0.012573332 0.690437078
vn 0.510690908 0.494138598 0.703577995
vn 0.506407616 0.490677153 0.709074914
vn 0.000001264 0.705182735 0.709025562
vn -0.000000548 0.705183115 0.709025264
vn 0.000000088 0.000000088 1.000000000
vn 0.000001097 0.000001097 1.000000000
vn 0.000000088 0.000000088 1.000000000
vn -0.000000114 -0.000000114 1.000000000
vn -0.000000114 -0.000000114 1.000000000
vn -0.000000140 -0.000000140 1.000000000
vn -0.000000140 -0.000000140 1.000000000
vn -0.000000274 -0.000000274 0.999999940
vn -0.001101765 0.038954487 0.999240398
vn -0.000996370 0.058474077 0.998288393
vn -0.095481328 0.014057784 0.995331824
vn -0.109896943 0.024533591 0.993640125
vn 0.294313793 0.387968410 0.873418450
vn 0.089231495 0.356359106 0.930078447
vn -0.109235588 0.040165264 0.993204057
vn -0.109248074 0.040160502 0.993202925
vn 0.797642005 0.248813246 0.549417078
vn 0.847754439 0.190749893 0.494900852
vn 0.815331058 0.240854298 0.526521146
vn 0.806908053 0.237269077 0.540927589
vn 0.783470865 0.326445064 0.528778851
vn -0.100290618 0.186268903 0.977366745
vn -0.000000017 0.000000006 1.000000000
vn 0.000000256 0.000000417 1.000000000
vn -0.225993945 0.208710800 0.951507449
vn -0.000000078 -0.000000053 1.000000000
vn -0.000000127 -0.000000048 1.000000000
vn -0.124408541 0.777776362 0.616105855
vn -0.307629679 0.808601113 0.501525879
vn 0.021503723 0.325655528 0.945243835
vn -0.382257141 0.405951135 0.830110371
vn -0.821482264 0.481994415 0.304710329
vn -0.745266222 0.435941017 0.504513383
vn -0.703812921 0.233220682 0.671010852
vn -0.748723696 0.107582760 0.654093862
vn -0.646468035 0.365968978 0.669436932
vn -0.532182710 0.546344775 0.646752656
vn -0.550089541 0.506030403 0.664330304
vn -0.812236995 0.185067865 0.553191543
vn -0.833546442 0.225023584 0.504544199
vn -0.836113627 0.169159769 0.521822870
vn -0.431845087 0.533834380 0.727001250
vn -0.387648595 0.260991151 0.884088337
vn -0.244809158 0.337601240 0.908897042
vn -0.337435058 0.253500932 0.906573176
vn -0.379144188 0.279742553 0.882039547
vn -0.818733700 0.486628714 0.304741651
vn -0.888775166 0.458341709 -0.001234307
vn -0.654495199 0.723531669 0.219403550
vn -0.631043463 0.739374045 0.234755561
vn -0.469790289 0.864151228 0.180387601
vn -0.459665963 0.868866934 0.183786303
vn -0.822817624 0.519887066 0.229540035
vn -0.816633301 0.528457238 0.232040808
vn -0.937664415 0.312109509 0.152882278
vn -0.936652216 0.317692787 0.147492573
vn -0.991956215 0.111673175 0.059598874
vn -0.984529350 0.161198588 0.068681277
vn -0.995802325 -0.085725341 0.032075003
vn -0.998525349 -0.030117969 0.045167025
vn -0.975034213 -0.156593244 0.157438397
vn -0.975808872 -0.145824471 0.162887409
vn -0.987023137 -0.090804374 0.132438809
vn -0.986911701 -0.093693119 0.131251648
vn -0.984119219 0.113745072 0.136276796
vn -0.982457917 0.121837730 0.141180500
vn -0.941624828 0.224350878 0.251016468
vn -0.938567327 0.224502438 0.262087494
vn -0.000000193 -0.000000187 1.000000000
vn -0.000000193 -0.000000187 1.000000000
vn -0.000000193 -0.000000187 1.000000000
vn 0.986708595 0.158663118 0.035102449
vn 0.848927228 -0.525944864 0.052005138
vn 0.981055775 -0.189851364 0.038547557
vn 0.997977271 0.055275002 0.031400513
vn 0.871931579 0.488600470 0.031698816
vn 0.964752826 -0.262409819 0.019826222
vn 0.644018823 -0.764724078 0.020905055
vn 0.970646094 -0.240512550 0.000000208
vn 0.999830553 -0.018404854 0.000000307
vn 0.999830679 -0.018405065 0.000000417
vn 0.707106926 -0.707106636 0.000000075
vn 0.707107043 -0.707106520 -0.000000079
vn 0.382387630 -0.924001987 -0.000000130
vn 0.382387841 -0.924001945 -0.000000276
vn -0.475043420 0.284392888 0.832738996
vn -0.594954671 0.077290303 0.800034523
vn 0.473215490 -0.244568437 0.846317530
vn 0.594409538 -0.483260006 0.642757416
vn 0.529123169 -0.209744044 0.822214127
vn 0.328539589 -0.283914643 0.900807559
vn 0.483743216 -0.468110146 0.739503443
vn 0.019151175 0.015463101 0.999696970
vn 0.040848482 -0.062347244 0.997218251
vn 0.450025567 -0.315029759 0.835603535
vn 0.541141195 -0.090164606 0.836084068
vn 0.059718533 -0.007397488 0.998187840
vn 0.567396364 0.097259353 0.817680836
vn 0.053809007 0.035809081 0.997909009
vn -0.470259747 0.440235081 0.764884770
vn -0.495311165 0.239856735 0.834946394
vn -0.546420573 0.093392064 0.832287610
vn -0.607654886 -0.093523014 0.788675487
vn -0.048213821 -0.002488158 0.998833954
vn -0.667471969 -0.198184428 0.717777252
vn -0.043363459 -0.022664552 0.998802245
vn -0.616972774 -0.140519300 0.774337709
vn -0.044605210 -0.038507442 0.998262227
vn -0.637708054 -0.017534122 0.770078599
vn 0.599758884 0.200232554 0.774723351
vn 0.631163492 -0.019167565 0.775412977
vn 0.615681711 0.133837444 0.776545823
vn 0.607385778 -0.283497868 0.742099524
vn 0.283437050 -0.087281445 0.955010653
vn -0.121715254 0.104966007 0.986999273
vn 0.133284614 0.311463556 0.940864265
vn 0.292141513 0.053150337 0.954896986
vn 0.289895802 -0.495255731 0.818951905
vn 0.271134027 0.117178459 0.955382407
vn 0.389110527 0.097690083 0.915996611
vn 0.330286218 -0.163008590 0.929698467
vn 0.244277128 0.603797459 0.758786619
vn 0.474554456 0.559135273 0.679827750
vn 0.638637356 -0.730319258 0.242437884
vn 0.519726761 -0.744379874 0.419264287
vn 0.797343489 -0.596002325 0.094997674
vn 0.786260844 -0.612084599 0.084535643
vn 0.934480157 -0.348086122 0.074718453
vn 0.931187329 -0.356997631 0.073776715
vn 0.996697398 0.027754501 0.076316118
vn 0.996864552 0.037496576 0.069678612
vn 0.712473023 -0.671072553 0.205045894
vn 0.914541790 -0.381135532 0.135459021
vn -0.777757554 -0.624970149 0.067122929
vn 0.179717745 -0.947205450 -0.265524805
vn 0.108607202 -0.964435966 -0.240972117
vn -0.137354050 -0.966370675 -0.217397228
vn 0.036026283 -0.957679236 -0.285574079
vn 0.469720979 -0.832350609 -0.294201642
vn 0.406877330 -0.867239602 -0.286960274
vn 0.672966450 -0.677974746 -0.295747250
vn 0.671993391 -0.679760734 -0.293853939
vn 0.797407226 -0.531844190 -0.285102516
vn 0.809253493 -0.515911870 -0.280969381
vn 0.912820323 -0.322109228 -0.251007378
vn 0.936754085 -0.278188335 -0.212374434
vn 0.999667191 -0.015927210 0.020292960
vn 0.997336133 0.036071212 0.063398376
vn 0.872970604 0.482979324 0.068215057
vn 0.839579036 0.538680736 0.070214778
vn -0.300592757 -0.936102832 -0.182634771
vn 0.667652703 0.741322006 0.068421289
vn 0.669159158 0.739804003 0.070113786
vn 0.667470726 0.741327894 0.070113011
vn 0.977260452 0.212042523 0.000000000
vn 0.977260409 0.212042565 0.000000000
vn 0.977260409 0.212042565 0.000000000
vn -0.040870094 0.994976879 0.091381513
vn -0.067798854 0.993052328 0.096178718
vn 0.204856654 0.978132723 0.035918292
vn 0.475047456 0.879940091 0.005952782
vn 0.396604078 0.917989844 0.000000000
vn 0.656470498 0.754351676 0.000000000
vn 0.656470572 0.754351770 0.000000000
vn 0.033862752 0.019483146 -0.999236584
vn 0.064238722 -0.042336992 -0.997036159
vn 0.000767078 0.075028387 -0.997181118
vn -0.004421362 0.105678966 -0.994390428
vn 0.153394662 -0.127797563 -0.979866266
vn 0.204145835 -0.192867236 -0.959753454
vn 0.293834201 -0.257169040 -0.920611501
vn 0.286584464 -0.241632590 -0.927083075
vn 0.193106868 -0.180773906 -0.964380980
vn 0.188194993 -0.098181168 -0.977211833
vn 0.272530932 -0.148198719 -0.950665057
vn 0.361877836 -0.121990913 -0.924209177
vn 0.667574913 -0.186867894 -0.720710874
vn 0.622362534 -0.142737383 -0.769604445
vn 0.005850599 -0.168280201 -0.985721886
vn 0.016337017 -0.041229867 -0.999016106
vn 0.031612630 -0.016726091 -0.999360204
vn 0.040074009 0.014311215 -0.999094307
vn 0.047237365 0.024978742 -0.998571277
vn 0.045198299 0.027348080 -0.998603642
vn 0.044547978 0.027006613 -0.998642206
vn 0.414312920 -0.010952280 -0.910068631
vn 0.321883248 -0.013262359 -0.946686387
vn 0.260477660 0.005803410 -0.965462387
vn 0.401966738 -0.015638146 -0.915520787
vn 0.490789683 -0.119803007 -0.863002121
vn 0.509522914 -0.204599547 -0.835778296
vn 0.034106721 0.137991748 -0.989846051
vn -0.010817832 0.108093833 -0.994081736
vn -0.417192540 -0.908818121 -0.000000365
vn -0.417192898 -0.908817931 -0.000000000
vn -0.417192582 -0.908818079 -0.000000317
vn -0.417192245 -0.908818332 -0.000000682
vn -0.510988054 -0.859274775 0.023196703
vn -0.638954268 -0.768277753 -0.038557220
vn -0.509101835 -0.860370150 0.024052676
vn -0.462532244 -0.885471991 0.044757873
vn 0.411616659 -0.909254615 0.061869696
vn 0.394903221 -0.918722757 -0.000000000
vn 0.399188144 -0.916741581 0.015290936
vn 0.416194629 -0.905751053 0.079980969
vn -0.668020279 0.320070522 0.671791434
vn -0.649116996 0.368800877 0.665306807
vn -0.715764207 0.299282032 0.630961120
vn -0.690246103 0.274871631 0.669332445
vn -0.920521879 0.366012442 0.136654288
vn -0.728634970 0.307539653 0.611972630
vn -0.631724382 0.244778423 0.735532284
vn -0.632872546 0.240175481 0.736062527
vn -0.648664022 0.270676249 0.711315274
vn -0.770730252 0.333117964 0.543145597
vn -0.776948619 0.357337630 0.518324733
vn -0.745687121 0.382793230 0.545362175
vn -0.698362964 0.385895902 0.602804601
vn -0.615450304 0.380056994 0.690490901
vn -0.668851920 0.405316148 0.623182058
vn -0.665076437 0.465091474 0.584263086
vn -0.593515398 0.383515817 0.707569838
vn -0.920521837 0.366012484 -0.136654258
vn -0.686245656 0.545807457 0.480792373
vn -0.623854132 0.475349754 0.620361805
vn -0.472618514 0.505666316 0.721757114
vn -0.652427334 0.648216824 0.392623812
vn -0.776177268 0.313305700 0.547164142
vn -0.628676332 0.388552692 0.673641562
vn -0.533725215 0.344364334 0.772366941
vn -0.459303553 0.254582380 0.851015866
vn -0.522512404 0.385684831 0.760412991
vn -0.377861227 0.358953098 0.853448033
vn -0.649204353 0.580107866 0.491943598
vn -0.510181911 0.574342059 0.640191734
vn -0.699819528 0.516665466 0.493264019
vn -0.148065809 0.282274208 0.947838485
vn -0.690245766 0.274871884 -0.669332623
vn -0.728634759 0.307539779 -0.611972690
vn -0.632871999 0.240175523 -0.736063004
vn -0.648663959 0.270676228 -0.711315215
vn -0.770730652 0.333117901 -0.543145180
vn -0.776948640 0.357337609 -0.518324912
vn -0.745687184 0.382793251 -0.545362353
vn -0.698362985 0.385895965 -0.602804720
vn -0.615450103 0.380057194 -0.690490961
vn -0.668851783 0.405316369 -0.623182118
vn -0.665076332 0.465091411 -0.584263027
vn -0.593515514 0.383515870 -0.707569659
vn -0.686245677 0.545807520 -0.480792135
vn -0.623854101 0.475349617 -0.620361805
vn -0.472618489 0.505666426 -0.721757054
vn -0.652427379 0.648216948 -0.392623663
vn -0.776178111 0.313305700 -0.547162890
vn -0.628675953 0.388552903 -0.673641682
vn -0.533725025 0.344364524 -0.772366822
vn -0.459303974 0.254582633 -0.851015568
vn -0.522512420 0.385684984 -0.760413051
vn -0.377861030 0.358953041 -0.853448153
vn -0.649204403 0.580107985 -0.491943598
vn -0.510181948 0.574342191 -0.640191674
vn -0.699819528 0.516665466 -0.493264139
vn -0.148066383 0.282274351 -0.947838426
vn -0.631314883 0.387560313 0.671742916
vn -0.620839231 0.390159646 0.679951608
vn -0.581390340 0.276828572 0.765082538
vn -0.626705325 0.265199877 0.732740998
vn -0.617925377 0.246487435 0.746600389
vn -0.527153109 0.304085160 0.793499708
vn -0.505942918 0.326814239 0.798256993
vn -0.537278837 0.336220583 0.773490191
vn -0.557037290 0.331563093 0.761429787
vn -0.533379331 0.408506554 0.740694880
vn -0.561420757 0.404376047 0.722001851
vn -0.493053235 0.411018667 0.766786873
vn -0.489399264 0.389704002 0.780140460
vn -0.625203148 0.230790410 0.745558083
vn 0.496682813 -0.673743768 0.547152221
vn 0.678050322 -0.416166412 0.605849206
vn 0.512339993 -0.376105542 0.772044182
vn 0.359216578 -0.173524181 0.916980267
vn 0.123703153 -0.181612475 0.975558519
vn 0.268280928 -0.004218805 0.963331521
vn 0.359978770 -0.447598933 0.818578362
vn 0.605760754 -0.299383026 0.737172782
vn 0.429830789 -0.643700946 0.633162320
vn 0.697684969 -0.479768840 0.532031476
vn 0.789245236 -0.410548511 0.456663936
vn 0.834667316 -0.312434103 0.453558683
vn 0.870655477 -0.237614617 0.430695355
vn 0.914748457 -0.230159472 0.332057118
vn 0.905782600 -0.018016724 0.423359603
vn 0.158850807 -0.130545998 0.978633881
vn 0.614130117 -0.052589194 0.787450671
vn 0.037225551 0.490724966 0.870518923
vn 0.169314048 -0.571275623 0.803104520
vn -0.429234189 -0.157580681 0.889340341
vn -0.424220253 -0.066996925 0.903077304
vn 0.019450637 -0.000153445 0.999810815
vn -0.126980552 0.337946855 0.932559848
vn -0.538625344 -0.091322864 0.837581515
vn 0.957068739 -0.143525150 0.251832962
vn 0.936546259 -0.156277943 0.313780725
vn 0.927210079 -0.365092966 0.083596870
vn 0.894197506 -0.405273875 0.190168202
vn 0.853954409 -0.520320294 0.005338076
vn 0.810521492 -0.569262141 0.137824759
vn 0.827578300 -0.557200746 0.068127617
vn 0.774617635 -0.585558863 0.238931909
vn 0.856845441 -0.515101070 -0.022063198
vn 0.804521077 -0.581548169 -0.120613709
vn 0.807636466 -0.534794017 -0.248432577
vn 0.824637652 -0.565353358 -0.018658839
vn 0.722917591 -0.690117883 -0.033577126
vn 0.775183867 -0.630978804 0.030913107
vn 0.709796906 -0.704207103 -0.016758926
vn 0.666141867 -0.744947602 -0.036167182
vn 0.892562629 -0.450103286 0.027185587
vn 0.892562545 -0.450103370 -0.027185453
vn 0.957068782 -0.143525276 -0.251833260
vn 0.927210121 -0.365093261 -0.083595954
vn 0.936546132 -0.156278070 -0.313780904
vn 0.894198033 -0.405273432 -0.190166816
vn 0.905782558 -0.018016682 -0.423359662
vn 0.853954631 -0.520320157 -0.005337145
vn 0.810522156 -0.569261562 -0.137822792
vn 0.827578458 -0.557200672 -0.068126567
vn 0.774618046 -0.585559042 -0.238929778
vn 0.856845451 -0.515100891 0.022063620
vn 0.804521203 -0.581547958 0.120613895
vn 0.807636055 -0.534793753 0.248434305
vn 0.806886126 -0.590354310 -0.020408267
vn 0.722917558 -0.690117916 0.033577122
vn 0.775183546 -0.630979294 -0.030913871
vn 0.709796966 -0.704207042 0.016758895
vn 0.666141923 -0.744947547 0.036167145
vn 0.914748414 -0.230159261 -0.332057208
vn 0.870655477 -0.237614533 -0.430695325
vn 0.834667400 -0.312434019 -0.453558534
vn 0.789245447 -0.410548384 -0.456663787
vn 0.697685180 -0.479768630 -0.532031298
vn 0.605760691 -0.299382668 -0.737172961
vn 0.429830894 -0.643700925 -0.633162260
vn 0.359978659 -0.447598960 -0.818578422
vn 0.268280928 -0.004218763 -0.963331521
vn 0.359216389 -0.173523654 -0.916980386
vn 0.123703606 -0.181612422 -0.975558519
vn 0.512340093 -0.376105526 -0.772044182
vn 0.158850570 -0.130545666 -0.978633881
vn 0.614130264 -0.052588751 -0.787450612
vn 0.037225213 0.490725346 -0.870518804
vn 0.169313985 -0.571275939 -0.803104401
vn -0.429234495 -0.157580797 -0.889340222
vn -0.424220485 -0.066997115 -0.903077185
vn 0.019450603 -0.000153391 -0.999810755
vn -0.126980594 0.337947698 -0.932559490
vn -0.538625660 -0.091322674 -0.837581336
vn 0.678050407 -0.416166243 -0.605849266
vn 0.855093301 -0.240401325 -0.459372073
vn 0.825823558 0.241566116 -0.509569764
vn 0.559948199 0.607938697 -0.562910795
vn 0.009005054 0.843395401 -0.537217915
vn 0.496682824 -0.673743673 -0.547152281
vn 0.449335159 -0.657659740 -0.604633391
vn -0.363101717 0.700063579 -0.614872396
vn -0.432496219 0.706304716 -0.560428977
vn -0.432496429 0.706304674 0.560429037
vn -0.363101886 0.700063326 0.614872456
vn 0.009005054 0.843395401 0.537218034
vn 0.825823411 0.241566011 0.509569943
vn 0.559947962 0.607938682 0.562910974
vn 0.855093259 -0.240401451 0.459372073
vn 0.449335360 -0.657659540 0.604633451
vn 0.853171258 -0.189653969 0.485932261
vn 0.821303667 -0.299356842 0.485639632
vn 0.850100459 -0.199967451 0.487177730
vn 0.878933034 -0.067483806 0.472146928
vn 0.789082465 -0.392616628 0.472441643
vn 0.764263313 -0.446061835 0.465757817
vn 0.648937818 -0.652562934 0.391204923
vn 0.491693648 -0.752647378 0.437903345
vn 0.491693659 -0.752647368 0.437903345
vn 0.491693627 -0.752647315 0.437903315
vn -0.705701668 -0.071086329 -0.704934001
vn -0.647780414 0.034400005 -0.761049986
vn -0.273372783 -0.091043325 -0.957589924
vn -0.645773570 -0.112629972 -0.755176187
vn -0.414956481 0.009131178 -0.909795403
vn -0.648711522 0.081971448 -0.756606936
vn 0.086907118 -0.215406853 -0.972649455
vn 0.480975515 -0.258546154 -0.837744832
vn 0.746261920 -0.389873732 -0.539529026
vn 0.821444606 -0.315923167 -0.474785626
vn 0.770491353 -0.460962938 -0.440291017
vn 0.093601491 -0.219895577 -0.971022546
vn -0.681028798 0.232455843 -0.694380343
vn -0.644516899 0.126768406 -0.754007757
vn -0.734072967 0.355911718 -0.578328371
vn -0.155698277 -0.247425287 -0.956315160
vn 0.666745653 -0.564027292 -0.487158686
vn -0.204424085 -0.336325671 -0.919291019
vn -0.833983378 0.269005211 -0.481775761
vn 0.584760465 -0.219243776 -0.781016886
vn 0.871538896 -0.219414829 -0.438494027
vn 0.661392729 -0.206318412 -0.721104920
vn 0.896713061 -0.143890690 -0.418570548
vn 0.876920838 -0.226595429 -0.423868269
vn 0.928924423 -0.043167266 -0.367744595
vn -0.013873441 -0.136588448 -0.990530789
vn 0.031825075 -0.122646592 -0.991939962
vn -0.733961194 -0.069855999 -0.675589442
vn -0.753370955 -0.044575097 -0.656083345
vn -0.772980704 0.037288160 -0.633332789
vn -0.794455830 0.004596746 -0.607304633
vn -0.755711981 0.108699399 -0.645820260
vn -0.718323849 0.156345484 -0.677913725
vn -0.700451499 0.160602547 -0.695395291
vn -0.640273322 0.229086772 -0.733191252
vn -0.622631242 0.216158563 -0.752067745
vn -0.559576648 0.261818815 -0.786336362
vn -0.527475079 0.250379149 -0.811837733
vn -0.478356837 0.277115561 -0.833295703
vn -0.393591163 0.257257330 -0.882555783
vn -0.363460026 0.306119286 -0.879879475
vn -0.245548617 0.272384943 -0.930329084
vn -0.360880136 0.245846297 -0.899625003
vn -0.340271412 0.279885915 -0.897707760
vn -0.232736362 0.359870076 -0.903508306
vn -0.193479470 0.396445374 -0.897439063
vn 0.073836010 0.485245307 -0.871255040
vn 0.057592320 0.472660722 -0.879360497
vn 0.276859613 0.493664435 -0.824405432
vn -0.005978067 0.101587329 -0.994808733
vn -0.005978062 0.101587334 -0.994808733
vn 0.429669055 0.285701964 -0.856597245
vn 0.662707521 0.236738679 -0.710474193
vn 0.717957656 0.089223277 -0.690344810
vn 0.488268448 0.144590043 -0.860632062
vn 0.083791686 0.310444035 -0.946891427
vn 0.121834064 0.226685160 -0.966317892
vn 0.566482198 0.210374751 -0.796768725
vn 0.508984393 0.110484929 -0.853655636
vn 0.665394319 0.160359297 -0.729064703
vn 0.446786603 0.331435736 -0.830982685
vn 0.052314633 0.141000485 -0.988626242
vn 0.544116657 -0.144037613 -0.826553166
vn 0.793177832 0.132903575 -0.594311059
vn 0.605469972 0.360588732 -0.709493995
vn 0.303128121 0.497393103 -0.812842846
vn 0.287159144 0.390082465 -0.874857306
vn 0.474851683 0.207692715 -0.855207443
vn -0.065916702 0.317066569 -0.946109772
vn -0.105370546 0.351410171 -0.930273116
vn 0.866277136 -0.221544488 -0.447752267
vn 0.891872707 -0.236258585 -0.385674834
vn 0.877244631 -0.226741321 -0.423119724
vn 0.937658809 -0.295454550 -0.183037326
vn 0.953558392 -0.270722252 -0.132044047
vn 0.849357115 -0.494464972 -0.184653521
vn 0.848439831 -0.499696661 -0.174507946
vn 0.836305185 -0.497630348 -0.230125099
vn 0.851914923 -0.444924724 -0.276193589
vn 0.788055283 -0.381614509 -0.483052075
vn 0.756775493 -0.368740417 -0.539741993
vn 0.556112902 -0.603412566 -0.571516931
vn 0.547938033 -0.633542739 -0.546248555
vn 0.762194988 -0.380126051 -0.523987830
vn 0.832682431 -0.290420067 -0.471483082
vn 0.937327703 -0.057814771 -0.343619466
vn 0.947910566 -0.037076035 -0.316371530
vn 0.865182119 -0.368426718 -0.340178877
vn 0.851942150 -0.380841705 -0.359380335
vn 0.589666484 -0.660754141 -0.464432359
vn 0.508039987 -0.695514185 -0.508089900
vn 0.369171285 -0.784493242 -0.498280019
vn 0.862197869 -0.052604957 -0.503832877
vn 0.700045856 0.138658137 -0.700506687
vn -0.249815530 0.001906608 -0.968291581
vn -0.205318942 -0.000252312 -0.978695095
vn -0.372732504 0.048360832 -0.926677823
vn -0.354322908 0.074003165 -0.932190359
vn -0.357762101 -0.026563799 -0.933434844
vn -0.299002830 -0.071665047 -0.951557338
vn -0.592382427 0.016707601 -0.805483639
vn -0.465127752 0.031948133 -0.884666860
vn -0.519938949 -0.000711987 -0.854203105
vn -0.715013635 0.061173685 -0.696428895
vn -0.885392755 0.137434804 -0.444062352
vn -0.921165104 0.175516294 -0.347345710
vn -0.919330472 0.311227945 -0.240767032
vn -0.926430931 0.323492615 -0.192556933
vn -0.770278216 0.512787841 -0.379104316
vn -0.747689550 0.505227771 -0.430935144
vn -0.539021954 0.598253855 -0.592914641
vn -0.517654795 0.597923142 -0.611981690
vn -0.442119545 0.687440356 -0.576156199
vn -0.396554745 0.676101768 -0.620991647
vn -0.111209138 0.682929621 -0.721969366
vn -0.014639919 0.660033935 -0.751093090
vn 0.126096058 0.668053575 -0.733351409
vn 0.175231676 0.616160626 -0.767880201
vn 0.362602546 0.393088257 -0.844985843
vn 0.399412713 0.236084466 -0.885851860
vn 0.465492322 0.165229871 -0.869491756
vn 0.024566924 0.176943860 -0.983914375
vn 0.019585799 0.142081526 -0.989661157
vn -0.038093238 0.206057723 -0.977798104
vn -0.065215194 0.189990254 -0.979617715
vn -0.103687369 0.177545528 -0.978634953
vn -0.094696287 0.154700439 -0.983412623
vn -0.053966214 0.080506667 -0.995292068
vn -0.041738730 0.055186630 -0.997603297
vn -0.070387065 0.017858947 -0.997359872
vn -0.081816908 0.015202208 -0.996531427
vn -0.122289376 -0.004284417 -0.992485166
vn -0.160950469 0.021649761 -0.986725032
vn -0.148717739 0.072210393 -0.986239672
vn -0.124577945 0.075151398 -0.989359736
vn 0.041475213 0.079288721 -0.995988548
vn 0.223668125 0.056105879 -0.973049223
vn 0.321395514 0.075680525 -0.943916023
vn 0.353829326 0.042600897 -0.934339404
vn 0.309801790 0.044101124 -0.949777842
vn 0.201861277 0.010514964 -0.979357719
vn 0.503929553 -0.064795553 -0.861310899
vn 0.372568890 0.060251175 -0.926046550
vn -0.705182040 -0.000001370 -0.709026277
vn -0.498572699 0.498572425 -0.709119737
vn -0.498572469 0.498572571 -0.709119797
vn -0.705181703 0.000000232 -0.709026515
vn -0.498572998 -0.498572379 -0.709119558
vn -0.499064293 -0.490585604 -0.714325368
vn -0.000789137 -0.687738977 -0.725957751
vn -0.017195177 -0.681644627 -0.731481314
vn 0.509764885 -0.488267767 -0.708332181
vn 0.491875713 -0.504633499 -0.709509194
vn 0.729153039 0.011331265 -0.684256792
vn 0.723282699 -0.012573459 -0.690437496
vn 0.510690417 0.494138920 -0.703577936
vn 0.506407403 0.490677282 -0.709074974
vn 0.000000948 0.705182377 -0.709025919
vn -0.000000506 0.705182567 -0.709025741
vn 0.000000095 0.000000095 -1.000000000
vn 0.000000000 0.000000000 -1.000000000
vn 0.000000095 0.000000095 -1.000000000
vn 0.000000114 0.000000114 -1.000000000
vn 0.000000114 0.000000114 -1.000000000
vn 0.000000140 0.000000140 -1.000000000
vn 0.000000140 0.000000140 -1.000000000
vn 0.000000274 0.000000274 -1.000000000
vn -0.001101800 0.038954759 -0.999240398
vn -0.109896801 0.024533923 -0.993640125
vn -0.095480951 0.014058171 -0.995332003
vn -0.000996531 0.058474311 -0.998288453
vn 0.294313055 0.387968642 -0.873418689
vn 0.089230863 0.356359528 -0.930078268
vn -0.109235873 0.040165444 -0.993203998
vn -0.109248670 0.040160549 -0.993202865
vn 0.797641815 0.248813688 -0.549417257
vn 0.847754439 0.190750061 -0.494900823
vn 0.815330806 0.240854467 -0.526521325
vn 0.806907779 0.237269266 -0.540927827
vn 0.783470633 0.326445212 -0.528779089
vn 0.000000089 0.000000168 -1.000000000
vn -0.100290525 0.186268995 -0.977366745
vn 0.000000128 0.000000208 -1.000000000
vn -0.225993758 0.208711029 -0.951507449
vn -0.000000022 0.000000118 -1.000000000
vn 0.000000054 0.000000130 -1.000000000
vn -0.124408098 0.777776383 -0.616105914
vn -0.307629805 0.808600986 -0.501526177
vn 0.021503902 0.325655538 -0.945243955
vn -0.382256848 0.405951090 -0.830110490
vn -0.821482128 0.481994468 -0.304710329
vn -0.745266201 0.435940870 -0.504513383
vn -0.748723949 0.107582760 -0.654093564
vn -0.703812921 0.233220851 -0.671010673
vn -0.646468129 0.365968967 -0.669436812
vn -0.532182574 0.546344827 -0.646752536
vn -0.550089440 0.506030505 -0.664330304
vn -0.812236890 0.185067971 -0.553191721
vn -0.833546168 0.225023436 -0.504544616
vn -0.836113332 0.169159896 -0.521823227
vn -0.431844781 0.533834686 -0.727001071
vn -0.387648616 0.260991130 -0.884088337
vn -0.244808447 0.337601614 -0.908897221
vn -0.337434431 0.253500547 -0.906573534
vn -0.379143192 0.279742410 -0.882040083
vn -0.818734005 0.486628914 -0.304740906
vn -0.888775229 0.458341646 0.001236466
vn -0.654495031 0.723531837 -0.219403461
vn -0.459665963 0.868866849 -0.183786407
vn -0.469790037 0.864151481 -0.180387288
vn -0.631043900 0.739373860 -0.234755069
vn -0.822817435 0.519887677 -0.229539827
vn -0.816633775 0.528456848 -0.232040375
vn -0.937663825 0.312109931 -0.152885124
vn -0.936651710 0.317692702 -0.147495404
vn -0.991955878 0.111674776 -0.059602048
vn -0.984528971 0.161199220 -0.068683714
vn -0.995802410 -0.085728291 -0.032065962
vn -0.998525644 -0.030119950 -0.045158219
vn -0.975035056 -0.156595351 -0.157430515
vn -0.975809883 -0.145826073 -0.162880152
vn -0.987022968 -0.090804205 -0.132439762
vn -0.986911448 -0.093693034 -0.131253272
vn -0.984118545 0.113744229 -0.136282638
vn -0.982457032 0.121837604 -0.141186804
vn -0.941622804 0.224349276 -0.251025587
vn -0.938565093 0.224500794 -0.262097061
vn 0.000000028 0.000000119 -1.000000000
vn 0.000000028 0.000000119 -0.999999940
vn 0.000000028 0.000000119 -0.999999940
vn 0.986708637 0.158662991 -0.035101932
vn 0.997977271 0.055274917 -0.031399969
vn 0.981055775 -0.189851533 -0.038547397
vn 0.848927144 -0.525944949 -0.052005135
vn 0.871931621 0.488600428 -0.031698111
vn 0.964752911 -0.262409566 -0.019825829
vn 0.644018755 -0.764724062 -0.020905079
vn 0.970646009 -0.240512635 0.000000164
vn 0.999830595 -0.018404897 0.000000185
vn 0.999830595 -0.018404981 0.000000000
vn 0.707106897 -0.707106665 0.000000000
vn 0.707106905 -0.707106658 0.000000079
vn 0.382387630 -0.924001987 0.000000130
vn 0.382387820 -0.924001966 0.000000276
vn -0.594954607 0.077290577 -0.800034404
vn -0.475043357 0.284393289 -0.832738996
vn 0.473215648 -0.244568110 -0.846317470
vn 0.594409664 -0.483259795 -0.642757475
vn 0.328539837 -0.283914311 -0.900807559
vn 0.483743403 -0.468109875 -0.739503443
vn 0.019151443 0.015463368 -0.999696970
vn 0.040848685 -0.062346841 -0.997218251
vn 0.450025794 -0.315029448 -0.835603535
vn 0.541141343 -0.090164289 -0.836084008
vn 0.059718713 -0.007397109 -0.998187840
vn 0.567396490 0.097259648 -0.817680717
vn 0.053809177 0.035809426 -0.997908950
vn 0.529123422 -0.209743792 -0.822214067
vn -0.470259563 0.440235349 -0.764884710
vn -0.495311039 0.239857114 -0.834946513
vn -0.546420362 0.093392359 -0.832287610
vn -0.607654844 -0.093522761 -0.788675487
vn -0.048213587 -0.002488503 -0.998833954
vn -0.667471969 -0.198184513 -0.717777252
vn -0.043364149 -0.022664753 -0.998802125
vn -0.616973638 -0.140519447 -0.774336934
vn -0.044604818 -0.038507545 -0.998262346
vn -0.637707675 -0.017534627 -0.770078838
vn 0.599759201 0.200232407 -0.774723172
vn 0.631163892 -0.019167417 -0.775412679
vn 0.615681922 0.133837149 -0.776545763
vn 0.607385905 -0.283497658 -0.742099345
vn 0.283437124 -0.087281034 -0.955010712
vn -0.121715398 0.104966284 -0.986999214
vn 0.133284720 0.311463914 -0.940864086
vn 0.292141903 0.053150369 -0.954896867
vn 0.289896013 -0.495255774 -0.818951786
vn 0.271133758 0.117178897 -0.955382466
vn 0.389110442 0.097690252 -0.915996552
vn 0.330287071 -0.163008453 -0.929698169
vn 0.244277170 0.603797754 -0.758786500
vn 0.474555001 0.559135992 -0.679826856
vn 0.638636676 -0.730319853 -0.242438033
vn 0.786260939 -0.612084757 -0.084534086
vn 0.797343890 -0.596002094 -0.094995841
vn 0.519720460 -0.744380358 -0.419271410
vn 0.934480347 -0.348085849 -0.074718438
vn 0.931187097 -0.356997947 -0.073777057
vn 0.996697356 0.027754374 -0.076316051
vn 0.996864595 0.037496450 -0.069678277
vn 0.712471913 -0.671072989 -0.205048099
vn 0.914542548 -0.381133930 -0.135458350
vn -0.777758771 -0.624968342 -0.067126058
vn 0.179717576 -0.947205618 0.265524387
vn 0.036026452 -0.957679321 0.285573661
vn -0.137353545 -0.966370844 0.217396826
vn 0.108606823 -0.964436261 0.240971491
vn 0.469720853 -0.832350820 0.294201195
vn 0.406876614 -0.867240150 0.286959618
vn 0.672966484 -0.677974544 0.295747340
vn 0.671993506 -0.679760703 0.293854088
vn 0.797407036 -0.531844633 0.285102159
vn 0.809253578 -0.515911786 0.280969054
vn 0.912820238 -0.322109144 0.251007408
vn 0.936754064 -0.278188272 0.212374896
vn 0.999667191 -0.015926957 -0.020291576
vn 0.997336344 0.036071001 -0.063397653
vn 0.872971763 0.482976900 -0.068218119
vn 0.839579468 0.538679798 -0.070217133
vn -0.300591598 -0.936103232 0.182634532
vn 0.667652355 0.741322270 -0.068422973
vn 0.669156360 0.739806632 -0.070113622
vn 0.667463967 0.741333894 -0.070112832
vn 0.977260367 0.212043029 0.000005676
vn 0.977260367 0.212043029 0.000005676
vn 0.977260325 0.212043071 0.000005676
vn 0.204856190 0.978132849 -0.035916362
vn -0.067799654 0.993052623 -0.096174873
vn -0.040869251 0.994977217 -0.091378555
vn 0.475047666 0.879939964 -0.005951973
vn 0.396603636 0.917990034 0.000000000
vn 0.656471441 0.754350817 0.000005752
vn 0.656471494 0.754350764 0.000006734
vn 0.033863093 0.019482763 0.999236524
vn -0.002334877 0.107622942 0.994188964
vn 0.000767244 0.075028126 0.997181177
vn 0.064238947 -0.042337525 0.997036099
vn 0.153394597 -0.127798113 0.979866207
vn 0.204145700 -0.192867667 0.959753454
vn 0.293833914 -0.257169370 0.920611501
vn 0.286584142 -0.241632953 0.927083075
vn 0.193106573 -0.180773864 0.964380980
vn 0.188193924 -0.098181099 0.977212131
vn 0.272530790 -0.148198608 0.950665116
vn 0.361875591 -0.121990544 0.924210131
vn 0.667574976 -0.186867747 0.720710933
vn 0.622362640 -0.142737362 0.769604325
vn 0.005850320 -0.168280007 0.985721886
vn 0.016336745 -0.041230334 0.999016166
vn 0.026894257 -0.026011839 0.999299824
vn 0.031045912 0.009456496 0.999473214
vn 0.047238119 0.024978878 0.998571277
vn 0.050075142 0.019689530 0.998551309
vn 0.050075146 0.019689531 0.998551369
vn 0.045198506 0.027347816 0.998603642
vn 0.044547714 0.027006102 0.998642206
vn 0.321883005 -0.013261864 0.946686506
vn 0.414312920 -0.010951859 0.910068572
vn 0.260477418 0.005803927 0.965462625
vn 0.401966822 -0.015637598 0.915520728
vn 0.490790146 -0.119802628 0.863002062
vn 0.509523262 -0.204598947 0.835778356
vn 0.034106594 0.137991811 0.989845932
vn -0.010818912 0.108092700 0.994081974
vn -0.013882432 0.096852112 0.995202005
vn -0.417192160 -0.908818247 0.000000675
vn -0.417192224 -0.908818269 0.000000675
vn -0.417192160 -0.908818247 0.000000675
vn -0.417192245 -0.908818332 0.000000675
vn -0.510983766 -0.859277293 -0.023196934
vn -0.462523014 -0.885476670 -0.044760205
vn -0.509097821 -0.860372394 -0.024052761
vn -0.638964336 -0.768269034 0.038564131
vn 0.411616554 -0.909254552 -0.061870031
vn 0.416194629 -0.905751053 -0.079981513
vn 0.399187975 -0.916741665 -0.015290815
vn 0.394902968 -0.918722841 0.000000310
vn -0.668020099 0.320070786 -0.671791434
vn -0.715764123 0.299282285 -0.630961180
vn -0.649117080 0.368801046 -0.665306568
vn -0.631723939 0.244778865 -0.735532641
vn -0.631315842 0.387560281 -0.671741962
vn -0.620840770 0.390159541 -0.679950297
vn -0.625202684 0.230790200 -0.745558381
vn -0.617925082 0.246487056 -0.746600747
vn -0.626705177 0.265199350 -0.732741356
vn -0.581390276 0.276828130 -0.765082777
vn -0.527152962 0.304085139 -0.793499827
vn -0.505942665 0.326814239 -0.798257113
vn -0.537278847 0.336220910 -0.773490131
vn -0.557037343 0.331563293 -0.761429727
vn -0.533379189 0.408506780 -0.740694880
vn -0.561420531 0.404376442 -0.722001851
vn -0.493052911 0.411018569 -0.766787112
vn -0.489398895 0.389703696 -0.780140877
vn 0.821303794 -0.299356969 -0.485639274
vn 0.853171405 -0.189654075 -0.485932082
vn 0.850100565 -0.199967430 -0.487177461
vn 0.878933245 -0.067483848 -0.472146690
vn 0.789082591 -0.392616755 -0.472441405
vn 0.764263366 -0.446061782 -0.465757757
vn 0.648937935 -0.652562816 -0.391204923
vn 0.870507500 -0.467311444 0.154391751
vn 0.491693912 -0.752647452 -0.437902987
vn 0.491693933 -0.752647431 -0.437902927
vn 0.491693901 -0.752647378 -0.437902927
vn 0.049735532 -0.048704502 0.997574270
vn 0.276466383 -0.001353251 0.961022615
vn 0.150332735 -0.150332978 0.977138758
vn 0.287735471 0.101798221 0.952284276
vn 0.245411640 0.197150711 0.949160039
vn -0.083073860 0.080818786 0.993260741
vn 0.166193716 0.275915598 0.946704924
vn 0.001353219 -0.276466436 0.961022556
vn -0.101797757 -0.287735428 0.952284336
vn -0.197166442 -0.247262592 0.948676169
vn -0.278138712 -0.166266467 0.946041405
vn -0.341192025 -0.068088898 0.937524378
vn 0.095448588 0.356595961 0.929370224
vn 0.133603265 0.328424186 0.935033500
vn -0.142436586 0.103571555 0.984370232
vn 0.261966482 0.247861775 0.932704687
vn -0.295822413 -0.148112787 0.943690479
vn -0.247862136 -0.261962201 0.932705820
vn -0.376748445 -0.160323282 0.912336051
vn 0.160325537 0.376751121 0.912334442
vn -0.300434158 -0.001228960 0.953801751
vn -0.138946655 0.138946968 0.980503678
vn -0.144529525 0.144529852 0.978888273
vn -0.317589032 -0.024617100 0.947908819
vn -0.316226192 -0.114101308 0.941797137
vn -0.318236955 -0.123673805 0.939909518
vn -0.249785416 -0.186303601 0.950209558
vn -0.241669811 -0.183959285 0.952761531
vn -0.127262778 -0.234596619 0.963726401
vn -0.117061233 -0.229428072 0.966260552
vn -0.059446454 -0.298252711 0.952633977
vn -0.069471904 -0.315148013 0.946496367
vn -0.122095701 -0.372076309 0.920136809
vn -0.132304721 -0.367353839 0.920622945
vn -0.135772026 -0.426513252 0.894232869
vn -0.127956378 -0.452263059 0.882658064
vn 0.001228665 0.300435233 0.953801453
vn 0.024616720 0.317590022 0.947908521
vn 0.114099864 0.316225065 0.941797733
vn 0.123672267 0.318235248 0.939910352
vn 0.186302781 0.249785181 0.950209796
vn 0.183958474 0.241670032 0.952761710
vn 0.234597256 0.127262014 0.963726401
vn 0.229428814 0.117060870 0.966260374
vn 0.298252332 0.059444895 0.952634215
vn 0.315146991 0.069470777 0.946496725
vn 0.372076182 0.122095996 0.920136869
vn 0.367353407 0.132305195 0.920623064
vn 0.426514696 0.135772142 0.894232154
vn 0.452265198 0.127956262 0.882656932
vn 0.159439294 0.896669355 0.412992924
vn 0.171282938 0.957021071 0.234035999
vn 0.389403985 0.851619326 0.350868851
vn 0.110993683 0.874452993 0.472241819
vn 0.144789555 0.789737911 0.596112490
vn 0.178990269 0.676241443 0.714604795
vn 0.174492905 0.853800763 0.490485758
vn 0.161287834 0.867294456 0.470942169
vn 0.128803403 0.731620042 0.669433832
vn 0.328053978 0.667121286 0.668827176
vn 0.201062510 0.928197811 0.313085884
vn 0.170890087 0.913793451 0.368481010
vn 0.669076810 0.593683822 0.447074801
vn 0.577501755 0.409675639 0.706156790
vn 0.559108223 0.677889558 0.477350831
vn 0.728429615 0.594669795 0.340232372
vn 0.806825508 0.278651655 0.520946920
vn 0.891419902 0.296678516 0.342567176
vn 0.830315085 0.065678024 0.553410530
vn 0.702285856 0.058889010 0.709455252
vn 0.672132420 0.241164836 0.700055361
vn 0.634218474 0.343042862 0.692884326
vn 0.924305929 0.073901801 0.374429047
vn 0.914844762 -0.000234547 0.403805584
vn 0.677034309 -0.017764581 0.735737026
vn 0.670245885 -0.005178646 0.742121100
vn 0.909578218 -0.007027903 0.415473312
vn 0.488483426 -0.566436514 0.663727105
vn 0.922803352 0.218320380 0.317443192
vn 0.934257769 0.186353934 0.304030865
vn 0.634809432 -0.634812960 0.440487713
vn -0.210838725 -0.927484518 0.308738530
vn -0.309435587 -0.606448727 0.732440889
vn 0.957918673 0.256591405 0.128657192
vn 0.967297484 0.253165329 0.015585351
vn -0.228497959 -0.961446406 0.153001636
vn -0.658781257 -0.314693269 0.683355987
vn -0.406440563 -0.117322791 0.906113327
vn -0.404661186 -0.139804489 0.903716803
vn -0.853801142 -0.174492863 0.490485340
vn -0.882117776 -0.158339641 0.443617821
vn -0.867294688 -0.161287855 0.470941752
vn -0.789738502 -0.144790567 0.596111357
vn -0.874453035 -0.110994063 0.472241521
vn -0.845649310 -0.392374832 0.361827761
vn -0.932253096 -0.156696883 0.326113492
vn -0.731622634 -0.128803003 0.669431150
vn -0.667125459 -0.328054189 0.668823004
vn -0.918799190 -0.180582471 0.350995988
vn -0.913793620 -0.170890003 0.368480623
vn -0.593684141 -0.669076323 0.447075158
vn -0.677889859 -0.559109018 0.477349341
vn -0.409677003 -0.577506207 0.706152499
vn -0.594669821 -0.728428745 0.340234339
vn -0.278652877 -0.806824960 0.520947099
vn -0.296678937 -0.891419902 0.342567146
vn -0.065677940 -0.830315253 0.553410292
vn -0.058889347 -0.702285350 0.709455550
vn -0.241165152 -0.672133874 0.700053811
vn -0.343043758 -0.634220951 0.692881525
vn -0.073901886 -0.924306772 0.374427110
vn 0.017765086 -0.677033719 0.735737622
vn 0.005179426 -0.670245443 0.742121398
vn 0.000235222 -0.914845184 0.403804898
vn 0.007029125 -0.909578092 0.415473521
vn 0.104072070 0.279625463 0.954452038
vn 0.139804510 0.404660954 0.903716862
vn 0.117323160 0.406440826 0.906113148
vn 0.098258233 0.197767069 0.975312054
vn 0.276466383 -0.001353103 -0.961022615
vn 0.049735440 -0.048704204 -0.997574270
vn 0.150332650 -0.150332894 -0.977138817
vn 0.287735439 0.101798337 -0.952284396
vn 0.245411518 0.197150959 -0.949160039
vn -0.083073892 0.080818965 -0.993260741
vn 0.166193701 0.275915571 -0.946704924
vn 0.001353135 -0.276466415 -0.961022556
vn -0.101797652 -0.287735323 -0.952284396
vn -0.197166490 -0.247262418 -0.948676288
vn -0.278138791 -0.166266093 -0.946041465
vn -0.341192036 -0.068088761 -0.937524319
vn 0.095448398 0.356595729 -0.929370224
vn 0.133603613 0.328424512 -0.935033381
vn -0.142436268 0.103571452 -0.984370232
vn 0.261967693 0.247861955 -0.932704270
vn -0.295822687 -0.148112892 -0.943690360
vn -0.247862388 -0.261962371 -0.932705760
vn -0.376748698 -0.160323409 -0.912335932
vn 0.160325853 0.376752365 -0.912333965
vn -0.300434811 -0.001228791 -0.953801513
vn -0.317589811 -0.024616931 -0.947908640
vn -0.144529787 0.144529674 -0.978888214
vn -0.138946866 0.138946778 -0.980503738
vn -0.316226255 -0.114101160 -0.941797078
vn -0.318236976 -0.123673658 -0.939909518
vn -0.249785265 -0.186303161 -0.950209618
vn -0.241669726 -0.183958906 -0.952761710
vn -0.127262831 -0.234596524 -0.963726461
vn -0.117061365 -0.229428087 -0.966260612
vn -0.059446202 -0.298252205 -0.952634156
vn -0.069471662 -0.315147539 -0.946496606
vn -0.122096122 -0.372076857 -0.920136571
vn -0.132305301 -0.367354439 -0.920622647
vn -0.135772416 -0.426514253 -0.894232333
vn -0.127956715 -0.452264239 -0.882657409
vn 0.001228612 0.300434822 -0.953801572
vn 0.024616741 0.317589580 -0.947908640
vn 0.114100001 0.316225096 -0.941797614
vn 0.123672351 0.318235333 -0.939910352
vn 0.186303140 0.249785624 -0.950209618
vn 0.183958826 0.241670480 -0.952761471
vn 0.234597419 0.127262483 -0.963726223
vn 0.229428983 0.117061397 -0.966260314
vn 0.298252669 0.059445359 -0.952633977
vn 0.315147496 0.069471114 -0.946496546
vn 0.372076667 0.122096059 -0.920136690
vn 0.367353765 0.132305301 -0.920622945
vn 0.426515338 0.135772132 -0.894231796
vn 0.452266083 0.127956220 -0.882656634
vn 0.159439378 0.896669524 -0.412992448
vn 0.110993726 0.874453203 -0.472241610
vn 0.389404006 0.851619558 -0.350868404
vn 0.171282980 0.957021113 -0.234035507
vn 0.144789576 0.789738143 -0.596112132
vn 0.178990248 0.676241548 -0.714604735
vn 0.174493074 0.853801016 -0.490485430
vn 0.161287939 0.867294688 -0.470941812
vn 0.128803530 0.731620168 -0.669433713
vn 0.328054020 0.667121413 -0.668827057
vn 0.201062594 0.928197980 -0.313085437
vn 0.170890214 0.913793578 -0.368480623
vn 0.669076861 0.593683940 -0.447074443
vn 0.559108318 0.677889717 -0.477350473
vn 0.577501840 0.409676145 -0.706156611
vn 0.728429767 0.594669979 -0.340231895
vn 0.806825761 0.278651739 -0.520946622
vn 0.891420092 0.296678579 -0.342566878
vn 0.830315253 0.065678024 -0.553410232
vn 0.702286109 0.058888925 -0.709454894
vn 0.672132652 0.241165026 -0.700055003
vn 0.634218569 0.343043273 -0.692883909
vn 0.924305971 0.073901759 -0.374428809
vn 0.914844931 -0.000234463 -0.403805345
vn 0.677034562 -0.017764496 -0.735736787
vn 0.670246096 -0.005178562 -0.742120862
vn 0.909578387 -0.007027734 -0.415473014
vn 0.488483549 -0.566436306 -0.663727164
vn 0.634809070 -0.634813322 -0.440487713
vn 0.934257643 0.186354229 -0.304030836
vn 0.922803246 0.218320739 -0.317443192
vn -0.210838935 -0.927484223 -0.308739126
vn -0.309435650 -0.606448664 -0.732440889
vn 0.957918673 0.256591657 -0.128656954
vn 0.967297400 0.253165582 -0.015585616
vn -0.228497706 -0.961446406 -0.153001830
vn -0.658780962 -0.314693058 -0.683356345
vn -0.406440384 -0.117322718 -0.906113446
vn -0.404661597 -0.139804837 -0.903716505
vn -0.853801016 -0.174492737 -0.490485609
vn -0.882117650 -0.158339514 -0.443618119
vn -0.867294582 -0.161287707 -0.470942050
vn -0.789738354 -0.144790462 -0.596111596
vn -0.874452951 -0.110993978 -0.472241879
vn -0.845649099 -0.392374621 -0.361828208
vn -0.932253012 -0.156696799 -0.326113880
vn -0.731622360 -0.128802940 -0.669431567
vn -0.667125396 -0.328053831 -0.668823063
vn -0.918799022 -0.180582387 -0.350996345
vn -0.913793493 -0.170889961 -0.368481010
vn -0.593684025 -0.669076102 -0.447075456
vn -0.409676872 -0.577506086 -0.706152618
vn -0.677889848 -0.559108860 -0.477349669
vn -0.594669747 -0.728428566 -0.340234697
vn -0.278652751 -0.806824834 -0.520947456
vn -0.296678895 -0.891419776 -0.342567503
vn -0.065677940 -0.830315085 -0.553410590
vn -0.058889368 -0.702285161 -0.709455848
vn -0.241165026 -0.672133663 -0.700054109
vn -0.343043558 -0.634220729 -0.692881763
vn -0.073901886 -0.924306519 -0.374427527
vn 0.017765107 -0.677033487 -0.735737801
vn 0.005179489 -0.670245295 -0.742121577
vn 0.000235179 -0.914844889 -0.403805256
vn 0.007029041 -0.909578008 -0.415473908
vn 0.104072349 0.279625774 -0.954451859
vn 0.117323244 0.406441037 -0.906113148
vn 0.139804995 0.404661692 -0.903716564
vn 0.098258671 0.197767517 -0.975311935
vn -0.114781041 -0.909452874 0.399650842
vn -0.114781041 -0.909452874 0.399650872
vn -0.114781041 -0.909452874 0.399650812
vn -0.114781379 -0.909451946 -0.399652928
vn -0.114781379 -0.909451946 -0.399652958
vn -0.114781379 -0.909451946 -0.399652958
vn -0.135192781 0.112338990 0.984430194
vn -0.135192781 0.112338990 0.984430194
vn -0.135192793 0.112338999 0.984430254
vn -0.135192786 0.112339132 -0.984430254
vn -0.135192775 0.112339123 -0.984430194
vn -0.135192775 0.112339123 -0.984430194
vn 0.076938993 0.225666255 0.971161723
vn -0.222880654 0.244269662 0.943746030
vn -0.165846857 0.157013998 0.973571420
vn -0.015342591 0.415346782 0.909533799
vn -0.170279885 0.375060590 0.911226809
vn -0.184053686 0.366204315 0.912150562
vn 0.152482996 0.101568829 0.983072996
vn 0.202281724 0.029598646 0.978879988
vn 0.326061475 0.037316261 0.944611788
vn 0.472225218 0.104344807 0.875280201
vn 0.121421505 0.117023869 0.985678494
vn 0.249142834 0.027658174 0.968071699
vn 0.372896044 -0.154319263 0.914950371
vn -0.036602810 0.994988680 0.093047336
vn 0.089898638 0.994523927 0.053296253
vn 0.087324098 0.994496827 0.057884518
vn 0.091533303 0.994921414 0.041868258
vn -0.023821652 0.997874854 0.060649220
vn -0.094134228 0.982699545 0.159500316
vn -0.094218521 0.974332552 0.204447910
vn -0.061743363 0.981021931 0.183803588
vn -0.014705246 0.987829785 0.154842496
vn 0.095623950 0.995182682 0.021621328
vn -0.022706367 0.195143844 0.980511725
vn -0.044073823 0.477205480 0.877685785
vn -0.107130740 0.230080294 0.967256904
vn -0.269809352 0.509827773 0.816871226
vn -0.287023558 0.535241985 0.794439077
vn -0.214424557 0.483893004 0.848451376
vn -0.220202269 0.408519003 0.885789514
vn -0.093363030 0.057892685 0.993947566
vn -0.153526887 -0.016248606 0.988010883
vn -0.076901920 0.682693030 0.726647317
vn -0.010912831 -0.529665894 0.848136187
vn -0.092866261 0.014070652 0.995579183
vn 0.011094363 0.020962293 0.999718666
vn -0.104848186 0.023726898 0.994205117
vn -0.096094377 0.019680708 0.995177746
vn -0.096185430 0.023719003 0.995080709
vn -0.327769924 -0.488297503 0.808784544
vn -0.364857902 -0.475454415 0.800513506
vn -0.314582708 -0.883482260 0.347126335
vn -0.082026913 -0.943599197 0.320767939
vn -0.045406992 -0.787312571 0.614879787
vn -0.515693813 -0.764031516 0.387705863
vn -0.404750213 -0.442356008 0.800311446
vn -0.650856703 -0.628000485 0.426615745
vn -0.457074958 -0.426030319 0.780756533
vn -0.670869943 -0.578430082 0.464060456
vn -0.466028101 -0.414902483 0.781456113
vn -0.296115413 -0.945618494 0.134614900
vn -0.309831009 -0.017999718 0.950621128
vn -0.250631724 -0.060122005 0.966213822
vn -0.212201179 -0.116565650 0.970248997
vn -0.260944652 -0.215220748 0.941056848
vn -0.409124184 -0.285880340 0.866539001
vn -0.120006176 -0.417599130 0.900671661
vn 0.079194645 -0.945661105 0.315362006
vn -0.431122705 -0.886210172 -0.169601426
vn -0.704816002 -0.690989587 -0.160522982
vn 0.889257621 0.452216297 -0.068711452
vn 0.787282868 0.567202204 -0.241800144
vn 0.876833510 0.469379568 -0.104144290
vn 0.850072516 0.523134017 0.060891043
vn 0.950848750 0.279484940 0.133322358
vn 0.961772328 0.219848794 0.163280383
vn 0.599353980 0.799515770 0.039361034
vn 0.599353938 0.799515727 0.039361034
vn 0.780296786 0.624273578 0.037674669
vn 0.975222567 -0.128454448 0.180112302
vn 0.979798282 -0.094998786 0.175984859
vn 0.987262952 0.147050860 0.060727131
vn 0.894383689 -0.417801204 0.159749493
vn 0.897814464 -0.405226417 0.172397017
vn 0.915375770 -0.338059282 0.218638986
vn 0.918279983 -0.292787371 0.266528219
vn 0.325201100 0.945308483 -0.025221696
vn 0.312426095 0.949822284 -0.015085615
vn 0.293256697 0.956033802 0.000000636
vn -0.785893571 0.613640328 0.076269478
vn -0.770381898 0.637582636 -0.000000028
vn -0.789328587 0.612820188 0.037574679
vn -0.813064232 0.565096747 0.139972329
vn -0.793344986 0.608772431 -0.000000041
vn -0.793344891 0.608772441 -0.000000094
vn -0.327396825 -0.944886888 -0.000000477
vn -0.314756774 -0.949172338 -0.000000301
vn -0.029404170 -0.999567556 -0.000000443
vn -0.050619503 -0.998718002 -0.000000580
vn -0.290231228 -0.956956566 -0.000000541
vn -0.342791783 -0.939411444 -0.000000472
vn -0.563675924 -0.825996118 -0.000000539
vn -0.452963982 -0.891528831 -0.000000602
vn -0.161671391 -0.986844729 -0.000000330
vn -0.281734360 -0.959492436 -0.000000354
vn 0.249949230 -0.967820316 -0.029140780
vn 0.207072187 -0.976823937 -0.054186113
vn -0.161671223 -0.986844645 -0.000000476
vn -0.290230933 -0.956956608 -0.000000430
vn -0.029404212 -0.999567598 -0.000000142
vn -0.050619924 -0.998718002 -0.000000146
vn -0.327396846 -0.944886951 -0.000000137
vn -0.314756753 -0.949172359 -0.000000000
vn -0.563675777 -0.825996181 -0.000000223
vn -0.452963287 -0.891529104 -0.000000301
vn 0.249949356 -0.967820358 0.029140444
vn 0.207072229 -0.976823895 0.054185811
vn -0.728546164 -0.684996674 -0.000000365
vn -0.665057961 -0.746791669 -0.000000443
vn -0.728546192 -0.684996646 -0.000000518
vn -0.786315856 -0.617824694 -0.000000691
vn -0.786316114 -0.617824351 -0.000001093
vn -0.665058230 -0.746791569 -0.000000316
vn -0.728546318 -0.684996519 -0.000000154
vn -0.786315809 -0.617824741 -0.000000012
vn -0.786316093 -0.617824541 0.000000314
vn -0.884489295 -0.302583268 -0.355136782
vn -0.905701509 -0.356181710 -0.229867965
vn -0.933510168 -0.328228319 -0.144308075
vn -0.938468408 -0.267480549 -0.218474641
vn -0.733230452 -0.271211135 -0.623552501
vn 0.628472055 -0.700618867 -0.337869644
vn 0.668280746 -0.733553950 -0.123691157
vn 0.617128581 -0.786862348 0.000001142
vn 0.735980850 -0.439079188 -0.515307426
vn 0.844656751 -0.425628864 -0.324646205
vn 0.713267217 -0.315683773 -0.625774443
vn 0.734991494 -0.307766972 -0.604207754
vn 0.649492271 -0.131076889 -0.748985112
vn 0.802013329 -0.128751520 -0.583264709
vn 0.590069645 -0.749345315 -0.300498694
vn 0.457169247 -0.834836241 -0.306667238
vn 0.470413525 -0.823610038 -0.316824257
vn 0.198272220 -0.967299128 -0.158178449
vn 0.176371791 -0.971567508 -0.157954663
vn -0.152683787 -0.975703589 -0.157131165
vn -0.116134208 -0.981236290 -0.153909713
vn -0.282407466 -0.946226020 -0.157804310
vn -0.281337316 -0.947253602 -0.153492525
vn -0.328350344 -0.672883192 0.662883222
vn -0.532098979 -0.416444001 0.737187266
vn -0.392924458 -0.585182091 0.709346354
vn -0.499368233 -0.457422295 0.735796332
vn -0.520724114 -0.528927722 0.670135617
vn -0.425746074 -0.678975340 0.598107576
vn -0.350518965 -0.764343234 0.541216969
vn -0.166760370 -0.826035873 0.538382411
vn -0.110720698 -0.827349380 0.550666749
vn 0.114113920 -0.731790188 0.671908557
vn 0.236004186 -0.733889207 0.636952698
vn 0.482973529 -0.101252936 0.869761169
vn 0.092157920 -0.257506771 0.961871684
vn 0.242902904 0.128471523 0.961505771
vn -0.181699631 -0.160661179 0.970140755
vn -0.027322448 -0.154400138 0.987630546
vn -0.457697516 0.672427069 0.581682682
vn -0.432604420 0.282559911 0.856162012
vn -0.370230535 0.251203167 0.894330025
vn -0.345229472 0.678785111 0.648126066
vn -0.440768728 0.868766392 0.225760907
vn -0.343407527 0.754309587 0.559543133
vn -0.402690505 0.707126885 0.581215918
vn -0.361585316 0.355946320 0.861718297
vn -0.355401361 0.908765796 0.218711272
vn -0.290785786 0.352010553 0.889680922
vn -0.265096280 0.724571655 0.636175931
vn -0.241112965 0.265579187 0.933451772
vn -0.152462558 0.701820934 0.695846677
vn -0.231124336 0.198299746 0.952501357
vn -0.098492169 0.651761268 0.752001643
vn -0.222947361 0.165258199 0.960720718
vn -0.179156349 0.627533489 0.757697046
vn -0.055122051 0.958866302 0.278454483
vn 0.069978689 0.943080917 0.325117499
vn -0.224752034 0.170428450 0.959395945
vn -0.214374065 0.125076315 0.968710303
vn -0.228585603 0.671149387 0.705200076
vn -0.195540891 0.263132303 0.944735527
vn -0.028929428 0.953839237 0.298921049
vn -0.191908594 0.944498737 0.266633034
vn -0.152745110 0.971032665 0.183751106
vn 0.648603763 0.738611877 0.183754310
vn 0.621522105 0.761010430 0.185939476
vn 0.724403566 0.666869551 0.174712494
vn 0.724726664 0.666294499 0.175564706
vn 0.514520624 0.835169822 0.194319293
vn 0.176100259 -0.777890032 0.603221238
vn 0.303206177 -0.665540822 0.681998074
vn 0.200273310 -0.751143410 0.629026294
vn 0.049651601 -0.937859259 0.343445331
vn 0.019577548 -0.947047272 0.320496708
vn -0.246616510 -0.959062032 0.139213264
vn -0.210598445 -0.963839588 0.163283572
vn -0.352081033 -0.933940193 0.061599549
vn -0.349390188 -0.935094026 0.059376225
vn -0.029985839 -0.522792923 -0.851932228
vn 0.080480187 -0.766473547 -0.637213647
vn 0.055711011 -0.681790307 -0.729423285
vn -0.007852400 -0.556934378 -0.830519319
vn -0.059286581 -0.622680870 -0.780226707
vn -0.027968016 -0.757446682 -0.652297676
vn -0.002952808 -0.832397308 -0.554171562
vn 0.139640433 -0.887140248 -0.439866751
vn 0.198505124 -0.885021652 -0.421108484
vn 0.491911000 -0.801843582 -0.339220166
vn 0.529823892 -0.782363952 -0.327403724
vn 0.940242453 -0.254947930 -0.225711480
vn 0.641206619 -0.564492238 -0.519810021
vn 0.775827176 -0.311431451 -0.548728228
vn 0.368032993 -0.578103065 -0.728250265
vn 0.022060735 0.588855137 -0.807937503
vn -0.026508513 0.755660541 -0.654426694
vn 0.229878943 0.149282999 -0.961701751
vn 0.159267448 0.173267267 -0.971911728
vn -0.192528680 0.848184400 -0.493473291
vn -0.139129065 0.852042586 -0.504644811
vn 0.027292824 0.614326774 -0.788579524
vn 0.203653390 0.222561758 -0.953410566
vn -0.138936833 0.863547791 -0.484749317
vn 0.282537613 0.220766143 -0.933506727
vn 0.172470573 0.633888243 -0.753949404
vn 0.344702510 0.131476082 -0.929459035
vn 0.303283770 0.611063027 -0.731177747
vn 0.369386212 0.073815674 -0.926339567
vn 0.365520556 0.572054212 -0.734267473
vn 0.368668884 0.041456662 -0.928635836
vn 0.295463032 0.538958083 -0.788812697
vn 0.133966835 0.936231675 -0.324843317
vn 0.271335974 0.910269890 -0.312706679
vn 0.371931714 0.020307974 -0.928038001
vn 0.362762972 -0.025695595 -0.931527078
vn 0.222165227 0.588806478 -0.777141988
vn 0.348886765 0.107239916 -0.931008995
vn 0.178303296 0.917671720 -0.355086803
vn 0.023556084 0.903156092 -0.428665459
vn -0.007940003 0.950268598 -0.311330378
vn 0.670280135 0.728799169 0.139915422
vn 0.711042609 0.668778703 0.217148289
vn 0.721308844 0.659645797 0.211142316
vn 0.656001056 0.746267499 0.112904392
vn 0.567295201 0.823088281 0.026493123
vn -0.001906671 0.249815593 0.968291521
vn 0.000252133 0.205318130 0.978695273
vn -0.048360653 0.372732556 0.926677823
vn -0.074004566 0.354324667 0.932189524
vn 0.026564126 0.357762533 0.933434725
vn 0.071665785 0.299004200 0.951556921
vn -0.016707474 0.592382048 0.805483997
vn -0.031947775 0.465126972 0.884667337
vn 0.000711881 0.519937411 0.854204059
vn -0.061173137 0.715012666 0.696429968
vn -0.137434340 0.885391617 0.444064796
vn -0.175516125 0.921164092 0.347348124
vn -0.311228830 0.919329840 0.240768000
vn -0.323493479 0.926430573 0.192557618
vn -0.512788346 0.770277711 0.379104704
vn -0.505228477 0.747689012 0.430935353
vn -0.598254403 0.539022671 0.592913330
vn -0.597923605 0.517655849 0.611980140
vn -0.687440967 0.442119271 0.576155961
vn -0.676102158 0.396554440 0.620991409
vn -0.682929747 0.111208590 0.721969247
vn -0.660034104 0.014639624 0.751092911
vn -0.668053680 -0.126096121 0.733351350
vn -0.616160921 -0.175231381 0.767879963
vn -0.393089168 -0.362602646 0.844985366
vn -0.236085756 -0.399412981 0.885851383
vn -0.165231040 -0.465492712 0.869491398
vn -0.176944434 -0.024566097 0.983914256
vn -0.142081568 -0.019586125 0.989661157
vn -0.206057918 0.038093191 0.977798045
vn -0.189990254 0.065215088 0.979617596
vn -0.177545135 0.103687614 0.978635073
vn -0.154700434 0.094696777 0.983412623
vn -0.080506955 0.053967032 0.995292127
vn -0.055187292 0.041740039 0.997603178
vn -0.017859155 0.070386810 0.997359872
vn -0.015202073 0.081816569 0.996531546
vn 0.004284685 0.122288991 0.992485285
vn -0.021649767 0.160950190 0.986725032
vn -0.072210801 0.148717626 0.986239731
vn -0.075151935 0.124578018 0.989359617
vn -0.079288842 -0.041475524 0.995988548
vn -0.056105563 -0.223667388 0.973049343
vn -0.075679808 -0.321394629 0.943916380
vn -0.042600317 -0.353828093 0.934339881
vn -0.044101651 -0.309802317 0.949777663
vn -0.010515428 -0.201863869 0.979357123
vn 0.064793952 -0.503928836 0.861311436
vn -0.060252018 -0.372569269 0.926046371
vn 0.000000274 0.705182461 0.709025919
vn -0.498573065 0.498571721 0.709119976
vn -0.498573019 0.498572358 0.709119558
vn 0.000000253 0.705182398 0.709025979
vn 0.498571428 0.498573022 0.709120154
vn 0.490585102 0.499064037 0.714325786
vn 0.687739525 0.000787661 0.725957096
vn 0.642219927 0.294809629 0.707559705
vn -0.705182103 0.000000253 0.709026217
vn -0.705181956 -0.000000906 0.709026217
vn -0.676945169 -0.280146625 0.680634379
vn -0.494139225 -0.510689860 0.703578293
vn 0.488268117 -0.509764957 0.708331823
vn 0.664972218 -0.275192811 0.694320560
vn 0.504633863 -0.491875265 0.709509194
vn -0.011329452 -0.729152154 0.684257805
vn 0.012573964 -0.723282194 0.690438211
vn -0.256931045 -0.691883023 0.674747586
vn -0.000000252 -0.000000344 1.000000000
vn 0.000005131 0.000005017 1.000000000
vn -0.000000214 -0.000000328 1.000000000
vn -0.000000640 -0.000000731 1.000000000
vn -0.000000704 -0.000000758 1.000000000
vn -0.000000003 -0.000000057 1.000000000
vn -0.000000095 -0.000000095 1.000000000
vn -0.000000000 -0.000000000 1.000000000
vn -0.038954698 0.001101551 0.999240339
vn -0.024533936 0.109896177 0.993640184
vn -0.014058071 0.095480261 0.995332003
vn -0.058474298 0.000996407 0.998288393
vn -0.387968784 -0.294308740 0.873420000
vn -0.356362257 -0.089229525 0.930077493
vn -0.040165420 0.109235412 0.993204057
vn -0.040160483 0.109248335 0.993202984
vn -0.248813625 -0.797641036 0.549418330
vn -0.190749345 -0.847754144 0.494901568
vn -0.240853835 -0.815330932 0.526521564
vn -0.237269203 -0.806907926 0.540927827
vn -0.326445507 -0.783470422 0.528779149
vn 0.000000083 -0.000000288 1.000000000
vn -0.186269369 0.100290383 0.977366626
vn 0.000000115 -0.000000369 1.000000000
vn -0.208710535 0.225993662 0.951507568
vn -0.000000017 -0.000000037 1.000000000
vn -0.000000048 -0.000000127 1.000000000
vn -0.777777099 0.124407719 0.616105080
vn -0.808601893 0.307628983 0.501524985
vn -0.325655917 -0.021503122 0.945243776
vn -0.405950274 0.382257749 0.830110550
vn -0.481994679 0.821482085 0.304710269
vn -0.435941376 0.745265948 0.504513502
vn -0.107583371 0.748724012 0.654093444
vn -0.233220893 0.703813131 0.671010494
vn -0.365969705 0.646467982 0.669436634
vn -0.546345404 0.532182166 0.646752477
vn -0.506031249 0.550088696 0.664330304
vn -0.185068203 0.812237079 0.553191483
vn -0.225023668 0.833546273 0.504544199
vn -0.169160128 0.836113522 0.521822870
vn -0.533835144 0.431844154 0.727001190
vn -0.260991657 0.387648679 0.884088099
vn -0.337601446 0.244809585 0.908896863
vn -0.253501424 0.337435577 0.906572819
vn -0.279743316 0.379144520 0.882039249
vn -0.486629546 0.818733710 0.304740518
vn -0.458342299 0.888774829 -0.001236440
vn -0.723531042 0.654494646 0.219407678
vn -0.868867545 0.459665436 0.183785111
vn -0.864151291 0.469790395 0.180386946
vn -0.739373133 0.631042773 0.234760255
vn -0.519886381 0.822814937 0.229551315
vn -0.528455984 0.816631099 0.232051671
vn -0.312108308 0.937666290 0.152874127
vn -0.317693229 0.936653291 0.147484183
vn -0.111671236 0.991956720 0.059593059
vn -0.161198672 0.984529603 0.068676822
vn 0.085725046 0.995802368 0.032076098
vn 0.030117295 0.998525265 0.045168627
vn 0.156592780 0.975033749 0.157441303
vn 0.145823713 0.975808450 0.162890375
vn 0.090804289 0.987022884 0.132440060
vn 0.093693414 0.986911490 0.131253123
vn -0.113743850 0.984118671 0.136282504
vn -0.121837941 0.982457032 0.141186461
vn -0.224349065 0.941624785 0.251018673
vn -0.224500626 0.938567284 0.262089610
vn -0.000000187 -0.000000193 0.999999940
vn -0.000000187 -0.000000193 1.000000000
vn -0.000000187 -0.000000193 1.000000000
vn -0.158662823 -0.986708721 0.035100333
vn -0.055274496 -0.997977356 0.031398203
vn 0.189851069 -0.981055902 0.038546000
vn 0.525944717 -0.848927544 0.052003752
vn -0.488599690 -0.871932105 0.031696692
vn 0.262410051 -0.964752763 0.019825304
vn 0.764724884 -0.644017849 0.020904513
vn 0.240513393 -0.970645841 -0.000000372
vn 0.018405697 -0.999830637 -0.000000500
vn 0.018405444 -0.999830637 -0.000000421
vn 0.707106884 -0.707106594 -0.000000079
vn 0.707107037 -0.707106441 0.000000079
vn 0.924001565 -0.382388389 0.000000130
vn 0.924001692 -0.382388262 0.000000276
vn 0.730318600 -0.638640964 0.242430136
vn 0.612085600 -0.786260096 0.084535278
vn 0.596002094 -0.797343721 0.094996348
vn 0.744380959 -0.519738909 0.419247508
vn 0.348087345 -0.934479609 0.074719138
vn 0.356998369 -0.931186844 0.073777340
vn -0.027755006 -0.996697398 0.076314718
vn -0.031397548 -0.996946528 0.071497701
vn 0.659044567 -0.710807330 0.245790884
vn 0.471678742 -0.861522424 0.187878191
vn 0.626893305 0.774426947 0.085251175
vn 0.947206250 -0.179715595 -0.265523106
vn 0.957679616 -0.036025735 -0.285572916
vn 0.966370928 0.137354135 -0.217396244
vn 0.964436514 -0.108605980 -0.240970686
vn 0.832351283 -0.469720220 -0.294200867
vn 0.867240403 -0.406876361 -0.286959589
vn 0.677974581 -0.672966530 -0.295747370
vn 0.679761072 -0.671993221 -0.293853819
vn 0.531845054 -0.797407036 -0.285101771
vn 0.515912798 -0.809253156 -0.280968517
vn 0.324211071 -0.911987775 -0.251327097
vn 0.279570962 -0.936019255 -0.213794425
vn 0.019067740 -0.999551288 0.023099648
vn -0.038069647 -0.996972659 0.067795686
vn -0.481627590 -0.872878892 0.078214332
vn -0.539931981 -0.837759567 0.081438869
vn 0.936103042 0.300592462 -0.182634205
vn -0.739498065 -0.668407210 0.079839669
vn -0.737619174 -0.670243701 0.081800602
vn -0.735925782 -0.672102646 0.081800662
vn -0.212043661 -0.977260157 -0.000000000
vn -0.212043661 -0.977260241 -0.000000000
vn -0.212043661 -0.977260241 -0.000000000
vn -0.978132891 -0.204855895 0.035917353
vn -0.993052496 0.067799359 0.096176475
vn -0.994977090 0.040869546 0.091379650
vn -0.879940259 -0.475047203 0.005952655
vn -0.917989929 -0.396603488 -0.000000000
vn -0.754351807 -0.656470451 -0.000000000
vn -0.754351760 -0.656470414 -0.000000000
vn -0.019482739 -0.033863123 -0.999236584
vn -0.105678976 0.004420383 -0.994390428
vn -0.075027876 -0.000767178 -0.997181177
vn 0.042337251 -0.064239011 -0.997036040
vn 0.127797632 -0.153394635 -0.979866326
vn 0.195782209 -0.207245429 -0.958498120
vn 0.262467747 -0.308045692 -0.914449811
vn 0.252251536 -0.313348592 -0.915522695
vn 0.192114790 -0.248389488 -0.949418068
vn 0.126948431 -0.222244531 -0.966690958
vn 0.112308565 -0.268879713 -0.956603587
vn 0.137782363 -0.287209894 -0.947906315
vn 0.188121194 -0.545161478 -0.816951275
vn 0.138780995 -0.481166398 -0.865574181
vn 0.130595637 -0.085855741 -0.987711310
vn 0.016459083 -0.037413657 -0.999164343
vn 0.016726430 -0.031612423 -0.999360204
vn -0.014311228 -0.040073390 -0.999094248
vn -0.024979531 -0.047235817 -0.998571396
vn -0.027349199 -0.045195585 -0.998603761
vn -0.027007382 -0.044544601 -0.998642147
vn 0.013261464 -0.321881931 -0.946686924
vn 0.010952196 -0.414312245 -0.910068810
vn -0.005803916 -0.260476901 -0.965462685
vn 0.015638398 -0.401966569 -0.915520847
vn 0.119802817 -0.490789662 -0.863002181
vn 0.204598810 -0.509522808 -0.835778534
vn -0.137992075 -0.034106415 -0.989845932
vn -0.108096103 0.010814823 -0.994081616
vn 0.908818648 0.417191339 0.000000675
vn 0.908818669 0.417191402 0.000000675
vn 0.908818627 0.417191360 0.000000675
vn 0.908818711 0.417191360 0.000000675
vn 0.859276545 0.510985104 0.023196360
vn 0.885475869 0.462524573 0.044759560
vn 0.860371794 0.509099096 0.024052244
vn 0.768268749 0.638964621 -0.038564306
vn 0.909254910 -0.411616196 0.061868902
vn 0.905751516 -0.416194165 0.079979867
vn 0.916741623 -0.399187849 0.015290990
vn 0.918722778 -0.394902947 0.000000310
vn -0.320070659 0.668020057 0.671791613
vn -0.274872010 0.690246398 0.669332027
vn -0.299282179 0.715764229 0.630961001
vn -0.368800993 0.649116458 0.665307105
vn -0.366012505 0.920521985 0.136653468
vn -0.307539864 0.728635181 0.611972272
vn -0.244779750 0.631724909 0.735531509
vn -0.240176008 0.632872272 0.736062527
vn -0.270676418 0.648664444 0.711314619
vn -0.333118259 0.770730210 0.543145657
vn -0.357337861 0.776948218 0.518325508
vn -0.382793504 0.745686763 0.545362592
vn -0.385896303 0.698362648 0.602804720
vn -0.380057499 0.615449714 0.690491080
vn -0.405317181 0.668852152 0.623181164
vn -0.465091970 0.665076279 0.584262848
vn -0.383516175 0.593515208 0.707569718
vn -0.366012800 0.920521943 -0.136653006
vn -0.545807778 0.686245335 0.480792284
vn -0.475349917 0.623853716 0.620361924
vn -0.505666197 0.472618213 0.721757412
vn -0.648217191 0.652427136 0.392623752
vn -0.313306164 0.776177648 0.547163248
vn -0.388553366 0.628676080 0.673641205
vn -0.344364429 0.533724193 0.772367477
vn -0.254582833 0.459303774 0.851015568
vn -0.385685474 0.522511761 0.760413110
vn -0.358952701 0.377860106 0.853448749
vn -0.580108672 0.649203968 0.491943121
vn -0.574342420 0.510182393 0.640191197
vn -0.516666784 0.699818717 0.493263781
vn -0.282273682 0.148065577 0.947838724
vn -0.274872094 0.690245892 -0.669332445
vn -0.299282285 0.715763955 -0.630961359
vn -0.320070543 0.668020005 -0.671791732
vn -0.368800793 0.649116658 -0.665307045
vn -0.244779118 0.631724108 -0.735532343
vn -0.387560113 0.631314831 -0.671743095
vn -0.240175797 0.632871977 -0.736063004
vn -0.307539906 0.728635139 -0.611972213
vn -0.270676376 0.648664149 -0.711315036
vn -0.333118175 0.770730378 -0.543145597
vn -0.357337798 0.776948282 -0.518325210
vn -0.382793420 0.745687100 -0.545362175
vn -0.385896145 0.698362891 -0.602804720
vn -0.380057457 0.615449587 -0.690491259
vn -0.405317381 0.668852373 -0.623180687
vn -0.465092085 0.665076332 -0.584262669
vn -0.383516165 0.593515219 -0.707569957
vn -0.545807699 0.686245329 -0.480792254
vn -0.475349912 0.623853721 -0.620361924
vn -0.505666373 0.472618458 -0.721757054
vn -0.648217224 0.652427103 -0.392623812
vn -0.313305932 0.776177711 -0.547163308
vn -0.388553177 0.628676016 -0.673641503
vn -0.344364187 0.533723592 -0.772368073
vn -0.254582707 0.459303564 -0.851015687
vn -0.385685379 0.522511940 -0.760413110
vn -0.358953091 0.377860222 -0.853448510
vn -0.580108625 0.649204184 -0.491943061
vn -0.574342378 0.510182688 -0.640191019
vn -0.516666636 0.699818864 -0.493263602
vn -0.282274240 0.148066072 -0.947838485
vn -0.387560355 0.631314672 0.671743155
vn -0.390159688 0.620839105 0.679951608
vn -0.265199182 0.626704671 0.732741773
vn -0.276828625 0.581389865 0.765082896
vn -0.246487119 0.617924682 0.746601105
vn -0.304085634 0.527152466 0.793500066
vn -0.326814819 0.505942002 0.798257351
vn -0.336221058 0.537277857 0.773490727
vn -0.331563567 0.557036479 0.761430264
vn -0.408507254 0.533379305 0.740694523
vn -0.404376963 0.561421105 0.722001135
vn -0.411018806 0.493052758 0.766787171
vn -0.389703638 0.489398616 0.780140996
vn -0.230790073 0.625202052 0.745559096
vn 0.673744927 -0.496681654 0.547151744
vn 0.657659445 -0.449335033 0.604633808
vn 0.376106117 -0.512340093 0.772044003
vn 0.416167244 -0.678049996 0.605849028
vn 0.173524065 -0.359216315 0.916980386
vn 0.181612203 -0.123703192 0.975558579
vn 0.004218910 -0.268281012 0.963331521
vn 0.447599576 -0.359978296 0.818578184
vn 0.299383005 -0.605760016 0.737173438
vn 0.643701315 -0.429829998 0.633162439
vn 0.479769072 -0.697684569 0.532031834
vn 0.410548785 -0.789244878 0.456664175
vn 0.312433703 -0.834667379 0.453558803
vn 0.237614154 -0.870655435 0.430695623
vn 0.230159894 -0.914748204 0.332057595
vn 0.018017398 -0.905782347 0.423359871
vn 0.130545505 -0.158850688 0.978634000
vn 0.052589025 -0.614129906 0.787450850
vn -0.490725219 -0.037225930 0.870518804
vn 0.571275876 -0.169313879 0.803104401
vn 0.157580418 0.429234074 0.889340401
vn 0.066996546 0.424219789 0.903077483
vn 0.000153108 -0.019450825 0.999810815
vn -0.337945717 0.126979330 0.932560384
vn 0.091323117 0.538624923 0.837581873
vn 0.143525108 -0.957068950 0.251832634
vn 0.156277227 -0.936546554 0.313780189
vn 0.365093050 -0.927210163 0.083597109
vn 0.405274528 -0.894197105 0.190168783
vn 0.520320873 -0.853954251 0.005337246
vn 0.569262373 -0.810521513 0.137823164
vn 0.557201304 -0.827578079 0.068126872
vn 0.585559632 -0.774617624 0.238929987
vn 0.515101702 -0.856845061 -0.022062657
vn 0.581548485 -0.804520845 -0.120613635
vn 0.534794396 -0.807636424 -0.248431981
vn 0.565353727 -0.824637536 -0.018658891
vn 0.690118687 -0.722916787 -0.033576742
vn 0.630979052 -0.775183788 0.030912941
vn 0.704207182 -0.709796910 -0.016758045
vn 0.744948234 -0.666141235 -0.036165651
vn 0.450104150 -0.892562103 0.027185604
vn 0.450104192 -0.892562061 -0.027185686
vn 0.143525529 -0.957068866 -0.251832634
vn 0.365093219 -0.927210079 -0.083596304
vn 0.156277985 -0.936546638 -0.313779682
vn 0.405273980 -0.894197569 -0.190167561
vn 0.018017567 -0.905782262 -0.423359990
vn 0.520320673 -0.853954367 -0.005336933
vn 0.569261952 -0.810521934 -0.137822583
vn 0.557201157 -0.827578227 -0.068126693
vn 0.585559548 -0.774617624 -0.238930091
vn 0.515101450 -0.856845146 0.022064034
vn 0.581548538 -0.804520708 0.120614342
vn 0.534794133 -0.807636350 0.248432294
vn 0.565353769 -0.824637578 0.018658889
vn 0.690118751 -0.722916807 0.033576723
vn 0.630978894 -0.775183862 -0.030912545
vn 0.704207167 -0.709796926 0.016758041
vn 0.744948221 -0.666141248 0.036165658
vn 0.230159978 -0.914748119 -0.332057595
vn 0.237614217 -0.870655288 -0.430695683
vn 0.312433640 -0.834667274 -0.453558922
vn 0.410548869 -0.789244709 -0.456664532
vn 0.479769009 -0.697684548 -0.532032073
vn 0.299382331 -0.605760016 -0.737173796
vn 0.643701241 -0.429830072 -0.633162558
vn 0.447599489 -0.359978130 -0.818578303
vn 0.004218288 -0.268280812 -0.963331461
vn 0.173524160 -0.359216094 -0.916980505
vn 0.181612501 -0.123703063 -0.975558519
vn 0.376106317 -0.512340230 -0.772043586
vn 0.130545459 -0.158850503 -0.978634000
vn 0.052589046 -0.614129590 -0.787451148
vn -0.490725451 -0.037225740 -0.870518684
vn 0.571275812 -0.169313774 -0.803104460
vn 0.157580365 0.429234337 -0.889340341
vn 0.066996251 0.424220084 -0.903077364
vn 0.000153021 -0.019450697 -0.999810815
vn -0.337946044 0.126979467 -0.932560265
vn 0.091323349 0.538625155 -0.837581694
vn 0.416167160 -0.678050164 -0.605848908
vn 0.673745043 -0.496681791 -0.547151566
vn 0.657659477 -0.449335170 -0.604633570
vn 0.240402905 -0.855092480 -0.459372878
vn -0.241566685 -0.825823917 -0.509568989
vn -0.843397172 -0.009004969 -0.537215114
vn -0.607940623 -0.559946779 -0.562910140
vn -0.700064412 0.363101559 -0.614871621
vn -0.706305738 0.432496377 -0.560427666
vn -0.700064232 0.363101485 0.614871740
vn -0.706305822 0.432496124 0.560427606
vn -0.843396877 -0.009004674 0.537215650
vn -0.241566411 -0.825823516 0.509569585
vn -0.607940183 -0.559946460 0.562910855
vn 0.240402674 -0.855092543 0.459372699
vn 0.299356653 -0.821303688 0.485639721
vn 0.189654096 -0.853170963 0.485932648
vn 0.199967282 -0.850100291 0.487178147
vn 0.067484396 -0.878932697 0.472147346
vn 0.392617071 -0.789082275 0.472441524
vn 0.446062278 -0.764263123 0.465757877
vn 0.652564443 -0.648936814 0.391204149
vn 0.752647315 -0.491694133 0.437902898
vn 0.752647273 -0.491694091 0.437902927
vn 0.752647220 -0.491694059 0.437902898
vn 0.076938977 0.225666502 -0.971161723
vn -0.015342612 0.415347435 -0.909533441
vn -0.165846835 0.157015136 -0.973571301
vn -0.222880752 0.244270112 -0.943745911
vn -0.170280138 0.375060422 -0.911226869
vn -0.184053538 0.366204463 -0.912150562
vn 0.152483146 0.101569227 -0.983073056
vn 0.202282193 0.029599020 -0.978879929
vn 0.326061465 0.037316272 -0.944611788
vn 0.472224755 0.104344681 -0.875280559
vn 0.121421694 0.117023723 -0.985678494
vn 0.249142718 0.027657932 -0.968071818
vn 0.372895391 -0.154318737 -0.914950669
vn 0.089898554 0.994523843 -0.053295258
vn -0.036602894 0.994988680 -0.093046695
vn 0.087323971 0.994496869 -0.057883728
vn 0.091533219 0.994921498 -0.041867856
vn -0.023821567 0.997874854 -0.060648598
vn -0.094134312 0.982699629 -0.159499884
vn -0.094218521 0.974332636 -0.204447538
vn -0.061743363 0.981022016 -0.183803171
vn -0.014705330 0.987829785 -0.154842049
vn 0.095623950 0.995182682 -0.021621183
vn -0.044073950 0.477206070 -0.877685428
vn -0.022706430 0.195144202 -0.980511665
vn -0.107130914 0.230080795 -0.967256963
vn -0.269809288 0.509827499 -0.816871405
vn -0.287023442 0.535241595 -0.794439375
vn -0.214424642 0.483892962 -0.848451257
vn -0.220202332 0.408519150 -0.885789454
vn -0.093362856 0.057893080 -0.993947625
vn -0.153526602 -0.016248184 -0.988010943
vn -0.076901814 0.682693135 -0.726647198
vn -0.010912978 -0.529665788 -0.848136246
vn -0.092866071 0.014070862 -0.995579183
vn 0.011094420 0.020962655 -0.999718666
vn -0.104848157 0.023727011 -0.994205236
vn -0.096094032 0.019680737 -0.995177746
vn -0.096185101 0.023719227 -0.995080829
vn -0.327769882 -0.488297292 -0.808784604
vn -0.082027040 -0.943599155 -0.320768237
vn -0.314582708 -0.883482175 -0.347126603
vn -0.364857929 -0.475454473 -0.800513506
vn -0.045406654 -0.787312571 -0.614879787
vn -0.515693613 -0.764031463 -0.387706220
vn -0.404750046 -0.442355838 -0.800311565
vn -0.650856709 -0.628000226 -0.426616192
vn -0.457074998 -0.426030111 -0.780756593
vn -0.670869827 -0.578429945 -0.464060754
vn -0.466028159 -0.414902256 -0.781456292
vn -0.296115265 -0.945618558 -0.134615242
vn -0.309831040 -0.017999792 -0.950621247
vn -0.250631724 -0.060122174 -0.966213703
vn -0.212201264 -0.116565755 -0.970248997
vn -0.260944821 -0.215220622 -0.941056788
vn -0.409124295 -0.285880103 -0.866538942
vn -0.120005575 -0.417599647 -0.900671482
vn 0.079194982 -0.945661105 -0.315361947
vn -0.431122389 -0.886210488 0.169600904
vn -0.704815779 -0.690989979 0.160522416
vn 0.787282910 0.567202161 0.241800323
vn 0.889257558 0.452216276 0.068712078
vn 0.876833257 0.469379568 0.104145087
vn 0.850072189 0.523134428 -0.060890142
vn 0.950848771 0.279484835 -0.133321777
vn 0.961772496 0.219848372 -0.163280010
vn 0.599353801 0.799516033 -0.039360296
vn 0.599353832 0.799516086 -0.039360303
vn 0.780297070 0.624273209 -0.037674904
vn 0.987263163 0.147050312 -0.060727138
vn 0.979798240 -0.094998912 -0.175984859
vn 0.975222525 -0.128454238 -0.180112273
vn 0.894383753 -0.417801056 -0.159749255
vn 0.897814569 -0.405226312 -0.172396779
vn 0.915375855 -0.338059198 -0.218638763
vn 0.918280131 -0.292787308 -0.266527981
vn 0.325201480 0.945308357 0.025221946
vn 0.312426601 0.949822116 0.015085999
vn 0.293257561 0.956033528 0.000000000
vn -0.785893539 0.613640191 -0.076269545
vn -0.813064296 0.565096515 -0.139972523
vn -0.789328544 0.612820145 -0.037574764
vn -0.770381919 0.637582699 -0.000000000
vn -0.793344934 0.608772483 -0.000000000
vn -0.793344934 0.608772483 -0.000000000
vn -0.884489422 -0.302583310 0.355136305
vn -0.938468534 -0.267480675 0.218474105
vn -0.933510274 -0.328228382 0.144307539
vn -0.905701657 -0.356181731 0.229867473
vn -0.733230620 -0.271211303 0.623552203
vn 0.668280959 -0.733553736 0.123691261
vn 0.628472115 -0.700618637 0.337870121
vn 0.617128591 -0.786862337 0.000000038
vn 0.735980881 -0.439079324 0.515307188
vn 0.844656519 -0.425629096 0.324646503
vn 0.713266965 -0.315684026 0.625774503
vn 0.734991115 -0.307767267 0.604207933
vn 0.649492334 -0.131077078 0.748985112
vn 0.802013350 -0.128751668 0.583264470
vn 0.457168889 -0.834837863 0.306663275
vn 0.590070188 -0.749345952 0.300495684
vn 0.470414463 -0.823611123 0.316820174
vn 0.198271925 -0.967299676 0.158175543
vn 0.176370400 -0.971568225 0.157951489
vn -0.152684208 -0.975703421 0.157131866
vn -0.116134419 -0.981235995 0.153911009
vn -0.282408899 -0.946225599 0.157805026
vn -0.281338643 -0.947253202 0.153492644
vn -0.532098072 -0.416443896 -0.737187982
vn -0.328351229 -0.672881970 -0.662884116
vn -0.392925080 -0.585180880 -0.709347010
vn -0.499367822 -0.457421611 -0.735797048
vn -0.520723175 -0.528927228 -0.670136869
vn -0.425746000 -0.678974065 -0.598109186
vn -0.350519176 -0.764342180 -0.541218400
vn -0.166760307 -0.826035094 -0.538383722
vn -0.110720024 -0.827348958 -0.550667524
vn 0.114114742 -0.731790378 -0.671908200
vn 0.236004039 -0.733889860 -0.636951923
vn 0.482974182 -0.101253252 -0.869760692
vn 0.092157719 -0.257507098 -0.961871624
vn 0.242902387 0.128471239 -0.961505890
vn -0.181700284 -0.160661411 -0.970140696
vn -0.027323043 -0.154400554 -0.987630486
vn -0.457696936 0.672426890 -0.581683457
vn -0.345228882 0.678785616 -0.648125768
vn -0.370230661 0.251204769 -0.894329607
vn -0.432605100 0.282560833 -0.856161356
vn -0.440768686 0.868765676 -0.225763559
vn -0.343407253 0.754309945 -0.559542716
vn -0.402690705 0.707125758 -0.581217289
vn -0.361585409 0.355946395 -0.861718118
vn -0.355402120 0.908764531 -0.218715072
vn -0.290785688 0.352011029 -0.889680803
vn -0.265096301 0.724570876 -0.636176765
vn -0.241112428 0.265579724 -0.933451772
vn -0.152462473 0.701821356 -0.695846200
vn -0.231125014 0.198300206 -0.952501118
vn -0.098491327 0.651763797 -0.751999557
vn -0.222948202 0.165258876 -0.960720420
vn -0.179156454 0.627537851 -0.757693291
vn -0.055118131 0.958869548 -0.278444231
vn 0.069980754 0.943082308 -0.325112849
vn -0.224751939 0.170428503 -0.959395945
vn -0.214373876 0.125076884 -0.968710244
vn -0.228585920 0.671147554 -0.705201745
vn -0.195540867 0.263131062 -0.944735885
vn -0.028929639 0.953839364 -0.298920780
vn -0.191909479 0.944497936 -0.266635418
vn -0.152745995 0.971031695 -0.183755323
vn 0.648605048 0.738611013 -0.183753282
vn 0.724728426 0.666292569 -0.175564721
vn 0.724405067 0.666868134 -0.174711764
vn 0.621522679 0.761010277 -0.185938105
vn 0.514520929 0.835169770 -0.194318190
vn 0.303207947 -0.665541749 -0.681996465
vn 0.176102093 -0.777892919 -0.603216946
vn 0.200277230 -0.751144632 -0.629023731
vn 0.049653413 -0.937860229 -0.343442351
vn 0.019578560 -0.947048621 -0.320492715
vn -0.246616384 -0.959062243 -0.139211953
vn -0.210597813 -0.963839883 -0.163282380
vn -0.352082044 -0.933939940 -0.061598975
vn -0.349391748 -0.935093562 -0.059376091
vn 0.080480946 -0.766472619 0.637214601
vn -0.029985713 -0.522792248 0.851932585
vn 0.055711812 -0.681789675 0.729423881
vn -0.007851958 -0.556934357 0.830519319
vn -0.059286497 -0.622680996 0.780226529
vn -0.027967637 -0.757446893 0.652297437
vn -0.002952471 -0.832397476 0.554171264
vn 0.139640011 -0.887140585 0.439866304
vn 0.198505103 -0.885022010 0.421107888
vn 0.491911147 -0.801843435 0.339220643
vn 0.529822901 -0.782363930 0.327405572
vn 0.940242095 -0.254948204 0.225712925
vn 0.641206548 -0.564491887 0.519810498
vn 0.775827007 -0.311430861 0.548728824
vn 0.368032867 -0.578102854 0.728250563
vn 0.022061346 0.588854483 0.807937860
vn 0.159267472 0.173267201 0.971911728
vn 0.229878966 0.149283018 0.961701751
vn -0.026508260 0.755660456 0.654426873
vn -0.192527921 0.848183810 0.493474603
vn -0.139129023 0.852042628 0.504644990
vn 0.027293098 0.614325446 0.788580716
vn 0.203653109 0.222561364 0.953410685
vn -0.138935274 0.863546316 0.484752268
vn 0.282537305 0.220765735 0.933506966
vn 0.172469983 0.633888581 0.753949225
vn 0.344702573 0.131475598 0.929459155
vn 0.303283907 0.611063818 0.731177092
vn 0.369386486 0.073815611 0.926339567
vn 0.365520714 0.572056161 0.734265924
vn 0.368668441 0.041456978 0.928635955
vn 0.295460872 0.538962603 0.788810611
vn 0.133963463 0.936235721 0.324833125
vn 0.271336227 0.910271070 0.312703341
vn 0.371931450 0.020307563 0.928038061
vn 0.362763078 -0.025696207 0.931527019
vn 0.222163751 0.588809386 0.777140081
vn 0.348887324 0.107238894 0.931008875
vn 0.178302833 0.917672521 0.355084747
vn 0.023555410 0.903156598 0.428664595
vn -0.007943796 0.950270790 0.311323434
vn 0.670279513 0.728799369 -0.139917642
vn 0.655999465 0.746268500 -0.112907454
vn 0.721308870 0.659645349 -0.211143419
vn 0.711044373 0.668776940 -0.217148513
vn 0.567294358 0.823088786 -0.026496716
vn -0.001906808 0.249815919 -0.968291461
vn -0.074004260 0.354324299 -0.932189703
vn -0.048360832 0.372732630 -0.926677704
vn 0.000251996 0.205318878 -0.978695154
vn 0.026564337 0.357762702 -0.933434606
vn 0.071665669 0.299004189 -0.951556861
vn -0.016706926 0.592381711 -0.805484235
vn -0.031948049 0.465127036 -0.884667277
vn 0.000711628 0.519937453 -0.854203939
vn -0.061172695 0.715012518 -0.696430147
vn -0.137434298 0.885392165 -0.444063872
vn -0.175516167 0.921164556 -0.347346812
vn -0.311228703 0.919330051 -0.240767300
vn -0.323493479 0.926430657 -0.192557022
vn -0.512788504 0.770277974 -0.379103869
vn -0.505228582 0.747689581 -0.430934548
vn -0.598254250 0.539022486 -0.592913628
vn -0.597923355 0.517655425 -0.611980736
vn -0.687440524 0.442119208 -0.576156378
vn -0.676101821 0.396554524 -0.620991826
vn -0.682929473 0.111208611 -0.721969426
vn -0.660033978 0.014639708 -0.751093149
vn -0.668053680 -0.126095784 -0.733351290
vn -0.616160752 -0.175231044 -0.767880201
vn -0.393088120 -0.362602261 -0.844985962
vn -0.236084165 -0.399412549 -0.885852039
vn -0.165228828 -0.465492818 -0.869491756
vn -0.176943892 -0.024565670 -0.983914375
vn -0.189990407 0.065215167 -0.979617536
vn -0.206058092 0.038093502 -0.977798045
vn -0.142080909 -0.019585403 -0.989661217
vn -0.177545046 0.103687135 -0.978635132
vn -0.154700052 0.094696063 -0.983412683
vn -0.080506380 0.053966249 -0.995292187
vn -0.055186529 0.041738558 -0.997603297
vn -0.017859382 0.070387489 -0.997359812
vn -0.015202376 0.081817330 -0.996531367
vn 0.004284954 0.122288891 -0.992485344
vn -0.021649055 0.160950016 -0.986725092
vn -0.072209853 0.148717815 -0.986239731
vn -0.075151774 0.124578600 -0.989359558
vn -0.079289540 -0.041475016 -0.995988429
vn -0.056106280 -0.223667282 -0.973049343
vn -0.075680082 -0.321395156 -0.943916082
vn -0.042599611 -0.353829642 -0.934339285
vn -0.044101251 -0.309801200 -0.949778020
vn 0.064794795 -0.503928499 -0.861311615
vn -0.060252028 -0.372567699 -0.926046968
vn -0.010514480 -0.201862310 -0.979357481
vn 0.000000421 0.705182735 -0.709025562
vn 0.000000021 0.705182883 -0.709025502
vn -0.498572688 0.498572942 -0.709119380
vn -0.498573192 0.498571932 -0.709119737
vn 0.498573051 0.498573337 -0.709118903
vn 0.490586179 0.499064645 -0.714324653
vn 0.687739567 0.000788336 -0.725957036
vn 0.642219748 0.294809809 -0.707559824
vn -0.705182504 0.000000485 -0.709025800
vn -0.705182630 -0.000000906 -0.709025800
vn -0.676946222 -0.280146667 -0.680633247
vn -0.494140262 -0.510690339 -0.703577101
vn 0.488268098 -0.509764723 -0.708331943
vn 0.664972071 -0.275192031 -0.694320858
vn 0.504634118 -0.491875094 -0.709509254
vn -0.011329115 -0.729152323 -0.684257567
vn 0.012574175 -0.723282489 -0.690437794
vn -0.256931635 -0.691884119 -0.674746275
vn 0.000000140 0.000000140 -1.000000000
vn 0.000000274 0.000000274 -1.000000000
vn 0.000000140 0.000000140 -1.000000000
vn 0.000000114 0.000000114 -1.000000000
vn 0.000000114 0.000000114 -1.000000000
vn 0.000000095 0.000000095 -1.000000000
vn 0.000000095 0.000000095 -1.000000000
vn 0.000000000 0.000000000 -1.000000000
vn -0.038954425 0.001101479 -0.999240398
vn -0.058474006 0.000996568 -0.998288393
vn -0.014057586 0.095479270 -0.995332241
vn -0.024533214 0.109895160 -0.993640423
vn -0.387968358 -0.294308577 -0.873420298
vn -0.356361962 -0.089229230 -0.930077553
vn -0.040164374 0.109234561 -0.993204117
vn -0.040159395 0.109247632 -0.993203044
vn -0.248813541 -0.797641204 -0.549418211
vn -0.190748881 -0.847754355 -0.494901389
vn -0.240854087 -0.815331016 -0.526521325
vn -0.237269519 -0.806908032 -0.540927470
vn -0.326445570 -0.783470612 -0.528778911
vn -0.186269451 0.100291018 -0.977366626
vn 0.000000022 0.000000279 -1.000000000
vn -0.000000115 0.000000369 -1.000000000
vn -0.208710510 0.225993730 -0.951507568
vn 0.000000252 0.000000038 -1.000000000
vn 0.000000897 0.000000050 -1.000000000
vn -0.777776994 0.124408077 -0.616105258
vn -0.808601977 0.307628983 -0.501524925
vn -0.325655981 -0.021502848 -0.945243776
vn -0.405950487 0.382257957 -0.830110192
vn -0.481994752 0.821482096 -0.304710269
vn -0.435941228 0.745266011 -0.504513443
vn -0.233220935 0.703813426 -0.671010196
vn -0.107583477 0.748724329 -0.654093027
vn -0.365969557 0.646468298 -0.669436395
vn -0.546345238 0.532182416 -0.646752417
vn -0.506031204 0.550088993 -0.664330184
vn -0.185068287 0.812236995 -0.553191483
vn -0.225023647 0.833546210 -0.504544437
vn -0.169160359 0.836113290 -0.521822989
vn -0.533835408 0.431844144 -0.727000892
vn -0.260991757 0.387649043 -0.884088039
vn -0.337601688 0.244809596 -0.908896804
vn -0.253501374 0.337435796 -0.906572759
vn -0.279743417 0.379144715 -0.882039070
vn -0.486629452 0.818733468 -0.304741114
vn -0.458342384 0.888774913 0.001234281
vn -0.723530802 0.654494886 -0.219407886
vn -0.739373234 0.631042420 -0.234760836
vn -0.864151397 0.469790121 -0.180387527
vn -0.868867208 0.459665689 -0.183785826
vn -0.519886392 0.822814927 -0.229551360
vn -0.528455995 0.816631088 -0.232051715
vn -0.312108224 0.937666206 -0.152874157
vn -0.317693187 0.936653333 -0.147484258
vn -0.111671573 0.991956720 -0.059593439
vn -0.161198925 0.984529519 -0.068677090
vn 0.085727153 0.995802283 -0.032072749
vn 0.030118349 0.998525391 -0.045165818
vn 0.156590884 0.975032948 -0.157448590
vn 0.145821900 0.975807481 -0.162897617
vn 0.090804458 0.987023137 -0.132438228
vn 0.093693919 0.986911743 -0.131250829
vn -0.113744482 0.984118713 -0.136280969
vn -0.121837941 0.982457284 -0.141184926
vn -0.224349824 0.941624785 -0.251017809
vn -0.224501342 0.938567327 -0.262088805
vn 0.000000187 0.000000193 -1.000000000
vn 0.000000187 0.000000193 -0.999999940
vn 0.000000187 0.000000193 -1.000000000
vn -0.158662907 -0.986708721 -0.035100326
vn 0.525944643 -0.848927449 -0.052003738
vn 0.189851027 -0.981055944 -0.038545992
vn -0.055274538 -0.997977398 -0.031398203
vn -0.488599690 -0.871932105 -0.031696692
vn 0.262410156 -0.964752742 -0.019825691
vn 0.764724837 -0.644017812 -0.020904500
vn 0.240513267 -0.970645883 -0.000000000
vn 0.018405655 -0.999830595 -0.000000000
vn 0.018405571 -0.999830595 -0.000000000
vn 0.707106884 -0.707106594 0.000000000
vn 0.707106870 -0.707106608 -0.000000079
vn 0.924001650 -0.382388473 -0.000000130
vn 0.924001713 -0.382388326 -0.000000276
vn 0.730319432 -0.638640132 -0.242429897
vn 0.744381707 -0.519736307 -0.419249505
vn 0.596001482 -0.797344585 -0.094993688
vn 0.612085278 -0.786260501 -0.084533200
vn 0.348087471 -0.934479398 -0.074720822
vn 0.356998326 -0.931186718 -0.073779374
vn -0.027754669 -0.996697229 -0.076316476
vn -0.031397885 -0.996946359 -0.071498930
vn 0.659045589 -0.710805886 -0.245792553
vn 0.471675349 -0.861524721 -0.187876210
vn 0.626892251 0.774427495 -0.085253477
vn 0.947206208 -0.179716059 0.265523225
vn 0.964436388 -0.108606528 0.240970910
vn 0.966370928 0.137354809 0.217396066
vn 0.957679658 -0.036025946 0.285572916
vn 0.832351199 -0.469720389 0.294201106
vn 0.867240234 -0.406876530 0.286959738
vn 0.677974732 -0.672966464 0.295747280
vn 0.679761092 -0.671993201 0.293853700
vn 0.531844580 -0.797407005 0.285102218
vn 0.515912787 -0.809252998 0.280969024
vn 0.324211113 -0.911987648 0.251327485
vn 0.279571004 -0.936019297 0.213794380
vn 0.019068414 -0.999551203 -0.023102248
vn -0.038069857 -0.996972533 -0.067798115
vn -0.481630330 -0.872877417 -0.078212984
vn -0.539932434 -0.837759283 -0.081438988
vn 0.936102621 0.300594316 0.182633534
vn -0.739498360 -0.668406747 -0.079841472
vn -0.737617088 -0.670245366 -0.081804968
vn -0.735923643 -0.672104364 -0.081805021
vn -0.212043282 -0.977260367 -0.000005640
vn -0.212043282 -0.977260199 -0.000005640
vn -0.212043239 -0.977260241 -0.000005640
vn -0.994976964 0.040869673 -0.091380909
vn -0.993052496 0.067798938 -0.096177422
vn -0.978132807 -0.204856148 -0.035919372
vn -0.879941018 -0.475045770 -0.005955649
vn -0.917990350 -0.396602645 -0.000002679
vn -0.754353762 -0.656468159 -0.000006170
vn -0.754353741 -0.656468096 -0.000006734
vn -0.019482661 -0.033863053 0.999236584
vn 0.042337458 -0.064238941 0.997036099
vn -0.075028042 -0.000767196 0.997181118
vn -0.105678834 0.004421220 0.994390428
vn 0.127797556 -0.153394353 0.979866326
vn 0.195782207 -0.207245220 0.958498240
vn 0.262467592 -0.308045847 0.914449871
vn 0.252251430 -0.313348909 0.915522635
vn 0.192114576 -0.248389912 0.949417949
vn 0.126948189 -0.222243804 0.966691256
vn 0.112308581 -0.268879866 0.956603467
vn 0.137782847 -0.287208019 0.947906911
vn 0.188122585 -0.545163206 0.816949844
vn 0.138781206 -0.481166651 0.865574121
vn 0.130595806 -0.085855741 0.987711251
vn 0.016459445 -0.037413179 0.999164343
vn 0.016726670 -0.031612188 0.999360263
vn -0.014311369 -0.040074476 0.999094248
vn -0.024978947 -0.047238050 0.998571336
vn -0.027347666 -0.045198151 0.998603642
vn -0.027005820 -0.044547106 0.998642206
vn 0.010952744 -0.414312414 0.910068810
vn 0.013262391 -0.321882478 0.946686745
vn -0.005803042 -0.260477481 0.965462506
vn 0.015638736 -0.401966443 0.915520847
vn 0.119802944 -0.490789240 0.863002419
vn 0.204598989 -0.509522461 0.835778773
vn -0.137991537 -0.034106805 0.989845991
vn -0.108093643 0.010817821 0.994081914
vn 0.908818690 0.417191381 -0.000000679
vn 0.908818690 0.417191381 -0.000000675
vn 0.908818564 0.417191339 -0.000000678
vn 0.908818711 0.417191360 -0.000000682
vn 0.859276260 0.510985388 -0.023197889
vn 0.768277569 0.638954621 0.038557373
vn 0.860371457 0.509099601 -0.024053697
vn 0.885473593 0.462529041 -0.044759270
vn 0.909254952 -0.411616238 -0.061868951
vn 0.918722778 -0.394902947 -0.000000267
vn 0.916741686 -0.399187870 -0.015290963
vn 0.905751432 -0.416194081 -0.079979926
vn -0.276828446 0.581390045 -0.765082717
vn -0.265199034 0.626704903 -0.732741594
vn -0.246486993 0.617924893 -0.746600986
vn -0.304085382 0.527152719 -0.793500006
vn -0.326814555 0.505942265 -0.798257351
vn -0.336220868 0.537277962 -0.773490667
vn -0.331563473 0.557036489 -0.761430383
vn -0.408506970 0.533378915 -0.740695059
vn -0.404376679 0.561420293 -0.722001910
vn -0.411018751 0.493052560 -0.766787350
vn -0.389703875 0.489398463 -0.780140996
vn -0.230789989 0.625202220 -0.745558977
vn -0.390159404 0.620839221 -0.679951668
vn 0.189654138 -0.853170920 -0.485932738
vn 0.299356632 -0.821303625 -0.485639602
vn 0.199967240 -0.850100249 -0.487178296
vn 0.067484564 -0.878932613 -0.472147524
vn 0.392617113 -0.789082233 -0.472441554
vn 0.446062372 -0.764263029 -0.465757906
vn 0.652564518 -0.648936655 -0.391204178
vn 0.752647399 -0.491693964 -0.437902808
vn 0.752647452 -0.491693996 -0.437902838
vn 0.752647399 -0.491693964 -0.437902838
vn -0.246395070 0.479397938 0.842298687
vn -0.741260248 -0.287685937 0.606440485
vn -0.311970575 0.312540648 0.897213757
vn -0.482772699 0.176070546 0.857863545
vn -0.081968329 0.554209015 0.828331828
vn -0.247526945 0.200389783 0.947931647
vn 0.080763498 0.711145693 0.698390365
vn -0.086009938 0.382809857 0.919814527
vn 0.240577098 0.848917165 0.470597774
vn 0.264343158 0.939770893 0.216687217
vn 0.236377734 0.946338531 0.220383644
vn 0.258540654 0.774078039 0.577892721
vn -0.178055457 0.076462323 0.981045306
vn 0.201273877 0.913781102 0.352835506
vn 0.259258331 0.963898931 0.060695808
vn 0.299467415 0.938685527 0.170846641
vn 0.364758404 0.810605427 0.458116055
vn 0.268937502 0.960950190 0.065172620
vn 0.256676984 0.916211563 0.307690531
vn 0.255988515 0.884276770 0.390543878
vn 0.237383969 0.899625556 0.366500705
vn 0.005405987 -0.084134909 0.996439695
vn 0.019709779 -0.177285223 0.983962119
vn -0.002395237 -0.315725720 0.948847473
vn -0.122905758 0.031158907 0.991929114
vn 0.077802234 0.102859178 0.991648495
vn 0.071682159 -0.299360320 0.951443732
vn 0.049974287 0.353371811 0.934147179
vn 0.063488316 -0.350782836 0.934302211
vn 0.045921499 -0.356624020 0.933118701
vn -0.076710267 0.333602158 0.939587772
vn -0.088871403 0.421513192 0.902456880
vn -0.135519588 0.391927696 0.909959972
vn -0.089198905 0.429989703 0.898416698
vn -0.098863420 0.508826869 0.855173171
vn 0.043166676 0.537665576 0.842052400
vn 0.048156947 0.538782088 0.841067672
vn 0.111230886 0.551651924 0.826624393
vn 0.167787573 0.958252729 -0.231514767
vn -0.047692025 0.988768859 -0.141638964
vn -0.064791887 0.987640462 -0.142717883
vn 0.133439072 0.971979283 -0.193520799
vn 0.429340990 0.829772170 -0.356573105
vn 0.440433534 0.800651142 -0.406172693
vn 0.650382991 0.622127304 -0.435843706
vn 0.580312473 0.649505845 -0.491303921
vn 0.693800742 0.551479991 -0.463152558
vn 0.745191822 0.494498468 -0.447392941
vn -0.140260961 0.981976515 -0.126684368
vn 0.232388956 -0.972622907 0.000000072
vn 0.232163091 -0.972676813 -0.000000000
vn 0.450046008 -0.893005466 -0.000000000
vn 0.477541875 -0.878609009 -0.000000000
vn -0.093170287 -0.995650217 0.000001560
vn -0.133000239 -0.991115975 0.000001536
vn -0.562698571 -0.826662091 -0.000000800
vn -0.641798511 -0.766873246 -0.000000708
vn -0.672314631 -0.740265488 0.000000151
vn -0.622133192 -0.781571559 -0.045784768
vn -0.509093469 -0.857740208 -0.071451761
vn -0.160809825 -0.981509528 -0.103823252
vn 0.548921535 -0.835873949 -0.000000000
vn -0.127866247 -0.986537142 -0.101954579
vn 0.016624108 -0.995150524 -0.096948832
vn -0.101403126 -0.992046283 -0.074575871
vn -0.370879749 -0.927961789 -0.036540803
vn -0.378806771 -0.925459825 0.005429278
vn -0.625985915 -0.779669140 0.016045097
vn -0.684249394 -0.728750339 0.026938988
vn -0.795924647 -0.604806307 0.026705083
vn -0.068609127 -0.769452465 -0.635008454
vn -0.110807816 -0.993841780 0.000464481
vn -0.005033977 -0.919877770 -0.392172873
vn -0.066007402 -0.742286292 -0.666823864
vn -0.109035562 -0.589538126 -0.800347447
vn 0.002675629 -0.618562385 -0.785731196
vn 0.058439113 -0.623821932 -0.779378712
vn 0.152139776 -0.635746161 -0.756756485
vn 0.180743599 -0.650795683 -0.737425745
vn 0.205785886 -0.664375419 -0.718510687
vn 0.218206647 -0.672956180 -0.706764340
vn 0.200993832 -0.680108964 -0.705020010
vn -0.827599321 -0.556781016 0.071233079
vn -0.741260396 -0.287685874 -0.606440425
vn -0.246395429 0.479397916 -0.842298627
vn -0.311970977 0.312540835 -0.897213578
vn -0.482772920 0.176069945 -0.857863545
vn -0.081968224 0.554209163 -0.828331769
vn -0.247526885 0.200390055 -0.947931528
vn 0.080763266 0.711145924 -0.698390186
vn -0.086010138 0.382809868 -0.919814527
vn 0.240576698 0.848918493 -0.470595598
vn 0.264343264 0.939771125 -0.216686055
vn 0.236377734 0.946338615 -0.220383286
vn 0.258540886 0.774078482 -0.577891827
vn -0.178055357 0.076463476 -0.981045246
vn 0.201274045 0.913781271 -0.352835089
vn 0.259258352 0.963898910 -0.060695425
vn 0.299467520 0.938685675 -0.170846030
vn 0.364758467 0.810605617 -0.458115429
vn 0.268937607 0.960950085 -0.065172262
vn 0.256677679 0.916211879 -0.307688862
vn 0.255989463 0.884277339 -0.390541881
vn 0.237384601 0.899626188 -0.366498500
vn 0.005405631 -0.084134316 -0.996439755
vn -0.122905847 0.031158543 -0.991929114
vn -0.002395163 -0.315724529 -0.948847950
vn 0.019710016 -0.177284670 -0.983962238
vn 0.077802060 0.102858994 -0.991648555
vn 0.071682369 -0.299359434 -0.951443970
vn 0.049974298 0.353372517 -0.934147000
vn 0.063488548 -0.350781761 -0.934302628
vn 0.045921615 -0.356622977 -0.933119059
vn -0.076710025 0.333602147 -0.939587772
vn -0.088871435 0.421513119 -0.902456939
vn -0.135519651 0.391927422 -0.909960032
vn -0.089198758 0.429989556 -0.898416758
vn -0.098863146 0.508826806 -0.855173290
vn 0.043166802 0.537665450 -0.842052579
vn 0.048157052 0.538781814 -0.841067731
vn 0.111230422 0.551651544 -0.826624572
vn 0.167787489 0.958252813 0.231514588
vn 0.133438988 0.971979283 0.193520650
vn -0.064791802 0.987640293 0.142718568
vn -0.047691730 0.988768817 0.141639858
vn 0.429340673 0.829772739 0.356572241
vn 0.440432902 0.800651606 0.406172097
vn 0.650382544 0.622127497 0.435843945
vn 0.580311778 0.649505866 0.491304815
vn 0.693800795 0.551479770 0.463152707
vn 0.745191843 0.494498279 0.447393090
vn -0.140260750 0.981976473 0.126685113
vn 0.232388998 -0.972622950 -0.000000000
vn 0.477541748 -0.878608967 -0.000000000
vn 0.450045861 -0.893005445 -0.000000000
vn 0.232163091 -0.972676982 -0.000000000
vn -0.093170329 -0.995650175 -0.000000000
vn -0.132999902 -0.991116144 -0.000000026
vn -0.562698181 -0.826662481 -0.000000452
vn -0.641798190 -0.766873568 -0.000000316
vn -0.672314513 -0.740265690 0.000000219
vn -0.622132997 -0.781571754 0.045785036
vn -0.509093374 -0.857740387 0.071451820
vn -0.160809825 -0.981509528 0.103822932
vn 0.548921577 -0.835873907 -0.000000000
vn -0.127866247 -0.986537142 0.101954214
vn -0.101403294 -0.992046367 0.074575439
vn -0.370879728 -0.927961810 0.036540300
vn -0.378806750 -0.925459846 -0.005429778
vn -0.625985899 -0.779669156 -0.016045617
vn -0.684249405 -0.728750328 -0.026939495
vn -0.795924668 -0.604806286 -0.026705585
vn 0.016623813 -0.995150566 0.096948639
vn -0.068608874 -0.769452718 0.635008097
vn -0.066007423 -0.742286608 0.666823566
vn -0.005034146 -0.919878023 0.392172456
vn -0.110807858 -0.993841738 -0.000464481
vn -0.109035414 -0.589538400 0.800347388
vn 0.002675861 -0.618562406 0.785731077
vn 0.058438987 -0.623821890 0.779378712
vn 0.152139629 -0.635746224 0.756756425
vn 0.180743493 -0.650795873 0.737425745
vn 0.205785844 -0.664375377 0.718510628
vn 0.218206605 -0.672956138 0.706764340
vn 0.200994169 -0.680108796 0.705020130
vn -0.827599321 -0.556781016 -0.071233578
vn 0.287686022 0.741259995 0.606440783
vn -0.479397906 0.246395102 0.842298687
vn -0.312540381 0.311970926 0.897213876
vn -0.176070546 0.482772699 0.857863545
vn -0.554208994 0.081967802 0.828331828
vn -0.200389799 0.247526719 0.947931647
vn -0.711146472 -0.080763561 0.698389471
vn -0.382813587 0.086010212 0.919812977
vn -0.848918788 -0.240575729 0.470595419
vn -0.939771567 -0.264341894 0.216685876
vn -0.946338489 -0.236377860 0.220383584
vn -0.774078187 -0.258540507 0.577892482
vn -0.076463250 0.178055246 0.981045246
vn -0.913781229 -0.201274425 0.352835000
vn -0.963898994 -0.259258520 0.060694657
vn -0.938685654 -0.299467963 0.170845643
vn -0.810605575 -0.364758341 0.458115697
vn -0.960950506 -0.268936764 0.065171115
vn -0.916211964 -0.256676415 0.307689607
vn -0.884276854 -0.255988599 0.390543610
vn -0.899626441 -0.237382831 0.366499066
vn 0.084133771 -0.005406145 0.996439874
vn -0.031158912 0.122905563 0.991929114
vn 0.315725087 0.002395954 0.948847651
vn 0.177285139 -0.019709421 0.983962178
vn -0.102858669 -0.077802048 0.991648555
vn 0.299360699 -0.071681990 0.951443493
vn -0.353372876 -0.049974698 0.934146702
vn 0.350783089 -0.063488274 0.934302092
vn 0.356624126 -0.045922152 0.933118641
vn -0.333602769 0.076709993 0.939587533
vn -0.421513593 0.088871466 0.902456760
vn -0.391927675 0.135519609 0.909959972
vn -0.429989514 0.089198547 0.898416758
vn -0.508827101 0.098862556 0.855173171
vn -0.537664565 -0.043167477 0.842053115
vn -0.538780424 -0.048157474 0.841068685
vn -0.551650322 -0.111231602 0.826625347
vn -0.958252813 -0.167787236 -0.231514588
vn -0.971979367 -0.133438735 -0.193520531
vn -0.987640462 0.064791634 -0.142717913
vn -0.988768859 0.047691856 -0.141639054
vn -0.829772276 -0.429341137 -0.356572747
vn -0.800651332 -0.440433092 -0.406172574
vn -0.622127076 -0.650382291 -0.435844868
vn -0.649506116 -0.580310938 -0.491305381
vn -0.551479095 -0.693799783 -0.463155121
vn -0.494496540 -0.745191727 -0.447395176
vn -0.981976642 0.140260160 -0.126684472
vn 0.972623202 -0.232387987 -0.000000054
vn 0.878609178 -0.477541453 0.000000000
vn 0.893005909 -0.450044976 0.000000000
vn 0.972677108 -0.232162122 0.000000000
vn 0.995650175 0.093170413 -0.000001190
vn 0.991116059 0.132999902 -0.000001213
vn 0.826662671 0.562697738 -0.000000087
vn 0.766874300 0.641797373 0.000000136
vn 0.740265996 0.672314207 0.000000571
vn 0.781571759 0.622132992 -0.045783591
vn 0.857739965 0.509094217 -0.071450278
vn 0.981509655 0.160810205 -0.103821971
vn 0.835873179 -0.548922557 0.000000000
vn 0.986537268 0.127865952 -0.101953700
vn 0.992046240 0.101403674 -0.074575454
vn 0.927961915 0.370879539 -0.036540307
vn 0.925459952 0.378806644 0.005429758
vn 0.779669319 0.625985736 0.016045619
vn 0.728750568 0.684249249 0.026939528
vn 0.604806549 0.795924574 0.026705617
vn 0.995150693 -0.016625119 -0.096947178
vn 0.769452907 0.068609443 -0.635007918
vn 0.742287009 0.066006938 -0.666823149
vn 0.919878529 0.005034230 -0.392171144
vn 0.993841612 0.110808827 0.000470773
vn 0.589538484 0.109035457 -0.800347209
vn 0.618562638 -0.002675587 -0.785730958
vn 0.623822290 -0.058438881 -0.779378414
vn 0.635746540 -0.152139650 -0.756756186
vn 0.650795831 -0.180743114 -0.737425745
vn 0.664374660 -0.205784959 -0.718511522
vn 0.672955169 -0.218205298 -0.706765711
vn 0.680107468 -0.200993474 -0.705021560
vn 0.556781301 0.827599205 0.071233578
vn -0.479397938 0.246395408 -0.842298627
vn 0.287686233 0.741260459 -0.606440127
vn -0.312540597 0.311971089 -0.897213578
vn -0.176069966 0.482772815 -0.857863545
vn -0.554209057 0.081967823 -0.828331828
vn -0.200390094 0.247526803 -0.947931528
vn -0.711146536 -0.080763414 -0.698389351
vn -0.382814241 0.086010233 -0.919812799
vn -0.848918788 -0.240575476 -0.470595896
vn -0.939771441 -0.264341767 -0.216686264
vn -0.946338405 -0.236377607 -0.220384061
vn -0.774078250 -0.258540612 -0.577892303
vn -0.076461806 0.178055615 -0.981045306
vn -0.913781060 -0.201274425 -0.352835387
vn -0.963898973 -0.259258289 -0.060694985
vn -0.938685570 -0.299467878 -0.170846447
vn -0.810605427 -0.364758151 -0.458116204
vn -0.960950506 -0.268936764 -0.065171123
vn -0.916211753 -0.256676373 -0.307690144
vn -0.884276559 -0.255988473 -0.390544325
vn -0.899626146 -0.237382789 -0.366499722
vn 0.084133618 -0.005406076 -0.996439815
vn 0.177285271 -0.019709289 -0.983962119
vn 0.315725330 0.002395985 -0.948847592
vn -0.031158770 0.122905600 -0.991929054
vn -0.102858723 -0.077801994 -0.991648614
vn 0.299361373 -0.071681990 -0.951443315
vn -0.353373139 -0.049974730 -0.934146643
vn 0.350784027 -0.063488221 -0.934301734
vn 0.356625200 -0.045921752 -0.933118343
vn -0.333602769 0.076709909 -0.939587533
vn -0.421513761 0.088871340 -0.902456641
vn -0.391927717 0.135519735 -0.909959972
vn -0.429989145 0.089198789 -0.898416817
vn -0.508827017 0.098862851 -0.855173230
vn -0.537663848 -0.043167224 -0.842053592
vn -0.538779454 -0.048157305 -0.841069281
vn -0.551649289 -0.111231792 -0.826625943
vn -0.958252813 -0.167787152 0.231514648
vn -0.988768733 0.047691983 0.141639590
vn -0.987640293 0.064791887 0.142718360
vn -0.971979325 -0.133438608 0.193520606
vn -0.829772360 -0.429341474 0.356572211
vn -0.800651416 -0.440433429 0.406172007
vn -0.622127082 -0.650382453 0.435844749
vn -0.649505998 -0.580311056 0.491305321
vn -0.551479016 -0.693799778 0.463155061
vn -0.494496561 -0.745191706 0.447395176
vn -0.981976515 0.140260455 0.126685008
vn 0.972623287 -0.232387987 0.000000000
vn 0.972677108 -0.232162038 0.000000000
vn 0.893005846 -0.450045039 0.000000000
vn 0.878609114 -0.477541601 0.000000000
vn 0.995650175 0.093170413 0.000000000
vn 0.991116059 0.133000239 0.000000053
vn 0.826662628 0.562697780 0.000000912
vn 0.766874184 0.641797489 0.000000708
vn 0.740265822 0.672314297 -0.000000151
vn 0.781571638 0.622133198 0.045783907
vn 0.857739818 0.509094618 0.071450584
vn 0.981509486 0.160810205 0.103822298
vn 0.835872979 -0.548922841 0.000000000
vn 0.986537268 0.127865868 0.101954117
vn 0.995150566 -0.016625414 0.096947379
vn 0.992046156 0.101403674 0.074575894
vn 0.927961894 0.370879560 0.036540803
vn 0.925459931 0.378806581 -0.005429261
vn 0.779669493 0.625985815 -0.016045047
vn 0.728750510 0.684249223 -0.026938900
vn 0.604806581 0.795924626 -0.026705002
vn 0.769452823 0.068609190 0.635007977
vn 0.993841612 0.110808996 -0.000470773
vn 0.919878360 0.005034146 0.392171443
vn 0.742286798 0.066006727 0.666823447
vn 0.589538379 0.109035225 0.800347328
vn 0.618562427 -0.002675756 0.785731077
vn 0.623822122 -0.058438924 0.779378533
vn 0.635746498 -0.152139692 0.756756246
vn 0.650795768 -0.180743177 0.737425804
vn 0.664374534 -0.205785086 0.718511581
vn 0.672955000 -0.218205467 0.706765831
vn 0.680107320 -0.200993705 0.705021739
vn 0.556781279 0.827599226 -0.071232967
vn -0.230113540 -0.148773436 0.961724579
vn -0.120656092 -0.113047129 0.986236513
vn -0.224952171 -0.118551620 0.967130840
vn -0.262809645 -0.133147816 0.955616474
vn -0.261730264 -0.146120532 0.954015732
vn -0.232544942 -0.122584783 0.964829385
vn -0.282079479 -0.174254860 0.943433344
vn -0.339666668 -0.165998282 0.925781250
vn -0.128791398 -0.172149744 0.976615250
vn -0.110281303 -0.152615628 0.982113302
vn -0.026240193 -0.092395683 0.995376647
vn -0.079044184 -0.093903512 0.992438555
vn -0.103580801 -0.103694513 0.989200890
vn -0.658032534 0.748947111 0.077919550
vn -0.619240991 0.781891960 0.072010122
vn -0.905446647 0.418942624 0.068216376
vn -0.898013987 0.432575507 0.080308415
vn -0.604244858 0.793539610 0.071993969
vn -0.636041921 0.768610966 0.068466887
vn -0.929840822 0.363695102 0.055875540
vn -0.949714957 0.311581915 0.030955898
vn -0.544592432 0.829223713 0.125725627
vn -0.838607467 0.515992919 -0.174610108
vn -0.425974447 0.862558393 -0.273018062
vn -0.651452364 0.627504543 -0.426436007
vn -0.640312613 0.639681192 -0.425214916
vn -0.974278815 -0.224601609 0.018299228
vn -0.993976819 -0.109590868 -0.000000000
vn -0.993773966 -0.111414857 -0.000000090
vn -0.970837820 -0.237534496 0.032421503
vn -0.998908464 0.046711774 -0.000000000
vn -0.996434950 0.066799299 -0.051530816
vn -0.790456220 0.253700679 -0.557507753
vn -0.714981688 0.213765844 -0.665661693
vn -0.685947841 0.106600886 -0.719799817
vn -0.993976777 -0.109590488 -0.000000000
vn -0.974278857 -0.224601230 -0.018299628
vn -0.970837862 -0.237534454 -0.032422211
vn -0.996434865 0.066799383 0.051531136
vn -0.790453797 0.253701163 0.557510972
vn -0.714978127 0.213765107 0.665665746
vn -0.685943500 0.106599917 0.719804108
vn 0.728869854 -0.423442939 0.538000882
vn 0.358653965 -0.495906263 0.790850461
vn 0.088214819 -0.433629927 0.896762609
vn 0.739566282 -0.436534867 0.512327015
vn 0.774069757 -0.271574672 0.571894526
vn 0.760360336 -0.268928757 0.591210067
vn 0.806208837 -0.146056974 0.573318958
vn 0.792983514 -0.108233613 0.599551976
vn 0.728718463 -0.214267371 0.650429845
vn 0.731178553 -0.102727274 0.674407184
vn 0.658015312 -0.362230668 0.660155058
vn -0.230115102 -0.148772211 -0.961724401
vn -0.262811294 -0.133148022 -0.955615938
vn -0.224952814 -0.118551440 -0.967130780
vn -0.120654749 -0.113046575 -0.986236811
vn -0.261732435 -0.146119710 -0.954015255
vn -0.232548408 -0.122584773 -0.964828551
vn -0.282081286 -0.174253263 -0.943432987
vn -0.339669502 -0.165996585 -0.925780654
vn -0.128796470 -0.172147138 -0.976615012
vn -0.110281726 -0.152615164 -0.982113302
vn -0.026234978 -0.092393492 -0.995376945
vn -0.079045693 -0.093903647 -0.992438376
vn -0.103584000 -0.103695318 -0.989200532
vn -0.658033014 0.748946632 -0.077919468
vn -0.898013840 0.432575486 -0.080309689
vn -0.905446710 0.418942393 -0.068217441
vn -0.619238499 0.781893861 -0.072010405
vn -0.604244647 0.793539821 -0.071993358
vn -0.636040277 0.768612441 -0.068467133
vn -0.929840674 0.363695334 -0.055876132
vn -0.949714852 0.311582105 -0.030956442
vn -0.544592579 0.829223650 -0.125726417
vn -0.838608331 0.515991633 0.174610049
vn -0.425974173 0.862558752 0.273017526
vn -0.651452509 0.627504904 0.426435649
vn -0.640312405 0.639681652 0.425214499
vn 0.358652185 -0.495905683 -0.790851593
vn 0.728869675 -0.423442949 -0.538001001
vn 0.088213491 -0.433629189 -0.896763146
vn 0.739566429 -0.436534888 -0.512326896
vn 0.774070031 -0.271574398 -0.571894109
vn 0.760360820 -0.268928609 -0.591209590
vn 0.806209090 -0.146056637 -0.573318720
vn 0.792983725 -0.108233233 -0.599551737
vn 0.728718610 -0.214267982 -0.650429368
vn 0.731178869 -0.102727886 -0.674406648
vn 0.658015281 -0.362231880 -0.660154462
vn 0.148772514 0.230114631 0.961724579
vn 0.133148396 0.262809993 0.955616236
vn 0.118552052 0.224952203 0.967130840
vn 0.113046847 0.120655300 0.986236632
vn 0.146120716 0.261728984 0.954016149
vn 0.122585057 0.232543740 0.964829624
vn 0.174255091 0.282077646 0.943433821
vn 0.165996880 0.339667985 0.925781131
vn 0.172147176 0.128796769 0.976614892
vn 0.152614880 0.110282325 0.982113302
vn 0.092395164 0.026239374 0.995376587
vn 0.093903173 0.079044281 0.992438495
vn 0.103694283 0.103581200 0.989200830
vn -0.748946816 0.658033082 0.077918030
vn -0.432577636 0.898012870 0.080308549
vn -0.418944416 0.905445699 0.068216160
vn -0.781896042 0.619235981 0.072009914
vn -0.793539663 0.604244805 0.071993098
vn -0.768613279 0.636039187 0.068467282
vn -0.363696156 0.929840274 0.055876151
vn -0.311583053 0.949714578 0.030956618
vn -0.829224187 0.544591873 0.125725329
vn -0.515993498 0.838607224 -0.174609840
vn -0.862558351 0.425974068 -0.273018479
vn -0.627503635 0.651453104 -0.426436394
vn -0.639681584 0.640311968 -0.425215185
vn 0.224602368 0.974278731 0.018298555
vn 0.237534749 0.970837904 0.032420304
vn 0.111415616 0.993773882 -0.000000183
vn 0.109592006 0.993976692 0.000000000
vn -0.046713122 0.998908380 0.000000000
vn -0.066800015 0.996434907 -0.051530164
vn -0.253701290 0.790457801 -0.557505250
vn -0.213766750 0.714984659 -0.665658116
vn -0.106601350 0.685951761 -0.719796062
vn 0.109591289 0.993976735 0.000000000
vn 0.224601778 0.974278815 -0.018299459
vn 0.237534749 0.970837820 -0.032421872
vn -0.066800142 0.996434865 0.051530477
vn -0.253702533 0.790456305 0.557506740
vn -0.213768331 0.714982910 0.665659428
vn -0.106604279 0.685950180 0.719797134
vn 0.495905425 -0.358652443 0.790851533
vn 0.423443307 -0.728869654 0.538000822
vn 0.433627250 -0.088211299 0.896764278
vn 0.436535720 -0.739565766 0.512327015
vn 0.271574967 -0.774070052 0.571893990
vn 0.268929073 -0.760361031 0.591209233
vn 0.146057185 -0.806209047 0.573318779
vn 0.108233191 -0.792983514 0.599552095
vn 0.214267118 -0.728718210 0.650430024
vn 0.102726790 -0.731178364 0.674407482
vn 0.362230721 -0.658014922 0.660155535
vn 0.148773223 0.230115102 -0.961724222
vn 0.113047048 0.120655710 -0.986236572
vn 0.118551883 0.224952392 -0.967130661
vn 0.133148264 0.262810673 -0.955616117
vn 0.146119452 0.261730670 -0.954015791
vn 0.122584525 0.232546633 -0.964829028
vn 0.174253284 0.282079327 -0.943433583
vn 0.165997897 0.339669581 -0.925780416
vn 0.172148414 0.128796816 -0.976614773
vn 0.152614642 0.110282079 -0.982113361
vn 0.092395048 0.026239711 -0.995376647
vn 0.093903740 0.079044936 -0.992438376
vn 0.103694738 0.103581546 -0.989200830
vn -0.748947301 0.658032345 -0.077918671
vn -0.781893803 0.619238894 -0.072009467
vn -0.418943257 0.905446436 -0.068215646
vn -0.432577931 0.898012744 -0.080309302
vn -0.793539389 0.604245079 -0.071993545
vn -0.768612330 0.636040219 -0.068467408
vn -0.363696578 0.929840105 -0.055876903
vn -0.311581452 0.949715084 -0.030956615
vn -0.829223777 0.544592453 -0.125725612
vn -0.515991749 0.838608046 0.174610674
vn -0.862558731 0.425973688 0.273018122
vn -0.627504388 0.651452688 0.426435947
vn -0.639681880 0.640312009 0.425214797
vn 0.423443571 -0.728869475 -0.538000643
vn 0.495907064 -0.358654429 -0.790849626
vn 0.433630580 -0.088217200 -0.896762073
vn 0.436536120 -0.739565450 -0.512327194
vn 0.271574715 -0.774069884 -0.571894288
vn 0.268928356 -0.760360652 -0.591209948
vn 0.146056974 -0.806209090 -0.573318601
vn 0.108233318 -0.792983725 -0.599551737
vn 0.214267413 -0.728718505 -0.650429666
vn 0.102727022 -0.731178638 -0.674407244
vn 0.362231111 -0.658015122 -0.660155177
usemtl pmx_sonnet_front
f 3/3/3 2/2/2 1/1/1
f 6/6/6 5/5/5 4/4/4
f 7/7/7 3/3/3 4/4/4
f 10/10/10 9/9/9 8/8/8
f 11/11/11 9/9/9 7/7/7
f 11/11/11 7/7/7 12/12/12
f 1/1/1 2/2/2 13/13/13
f 16/16/16 15/15/15 14/14/14
f 17/17/17 13/13/13 2/2/2
f 18/18/18 13/13/13 17/17/17
f 19/19/19 18/18/18 17/17/17
f 20/20/20 18/18/18 19/19/19
f 20/20/20 21/21/21 18/18/18
f 1/1/1 13/13/13 21/21/21
f 21/21/21 13/13/13 18/18/18
f 24/24/24 23/23/23 22/22/22
f 24/24/24 22/22/22 25/25/25
f 26/26/26 23/23/23 24/24/24
f 27/27/27 26/26/26 24/24/24
f 27/27/27 24/24/24 28/28/28
f 25/25/25 28/28/28 24/24/24
f 29/29/29 26/26/26 27/27/27
f 29/29/29 30/30/30 26/26/26
f 31/31/31 30/30/30 29/29/29
f 31/31/31 29/29/29 32/32/32
f 26/26/26 33/33/33 23/23/23
f 30/30/30 33/33/33 26/26/26
f 30/30/30 34/34/34 33/33/33
f 35/35/35 34/34/34 30/30/30
f 35/35/35 30/30/30 31/31/31
f 25/25/25 36/36/36 28/28/28
f 39/39/39 38/38/38 37/37/37
f 38/38/38 31/31/31 32/32/32
f 36/36/36 25/25/25 40/40/40
f 40/40/40 41/41/41 36/36/36
f 38/38/38 32/32/32 42/42/42
f 42/42/42 43/43/43 38/38/38
f 43/43/43 44/44/44 38/38/38
f 43/43/43 45/45/45 44/44/44
f 38/38/38 44/44/44 46/46/46
f 47/47/47 46/46/46 44/44/44
f 47/47/47 44/44/44 45/45/45
f 47/47/47 48/48/48 46/46/46
f 49/49/49 48/48/48 47/47/47
f 47/47/47 45/45/45 49/49/49
f 49/49/49 50/50/50 48/48/48
f 38/38/38 46/46/46 51/51/51
f 53/53/53 52/52/52 50/50/50
f 53/53/53 54/54/54 52/52/52
f 54/54/54 55/55/55 52/52/52
f 54/54/54 56/56/56 55/55/55
f 57/57/57 55/55/55 56/56/56
f 58/58/58 57/57/57 56/56/56
f 59/59/59 57/57/57 58/58/58
f 60/60/60 51/51/51 57/57/57
f 51/51/51 60/60/60 61/61/61
f 60/60/60 62/62/62 61/61/61
f 62/62/62 63/63/63 61/61/61
f 62/62/62 64/64/64 63/63/63
f 64/64/64 65/65/65 63/63/63
f 64/64/64 66/66/66 65/65/65
f 60/60/60 67/67/67 62/62/62
f 57/57/57 59/59/59 67/67/67
f 70/70/70 69/69/69 68/68/68
f 63/63/63 65/65/65 71/71/71
f 65/65/65 72/72/72 71/71/71
f 65/65/65 73/73/73 72/72/72
f 73/73/73 65/65/65 66/66/66
f 63/63/63 71/71/71 33/33/33
f 61/61/61 63/63/63 33/33/33
f 61/61/61 33/33/33 74/74/74
f 51/51/51 61/61/61 74/74/74
f 73/73/73 66/66/66 75/75/75
f 73/73/73 75/75/75 76/76/76
f 76/76/76 75/75/75 77/77/77
f 80/80/80 79/79/79 78/78/78
f 80/80/80 78/78/78 81/81/81
f 82/82/82 79/79/79 80/80/80
f 82/82/82 80/80/80 83/83/83
f 84/84/84 82/82/82 83/83/83
f 84/84/84 85/85/85 82/82/82
f 86/86/86 85/85/85 84/84/84
f 78/78/78 87/87/87 81/81/81
f 81/81/81 87/87/87 88/88/88
f 88/88/88 87/87/87 89/89/89
f 89/89/89 87/87/87 90/90/90
f 90/90/90 87/87/87 78/78/78
f 91/91/91 89/89/89 90/90/90
f 91/91/91 92/92/92 89/89/89
f 89/89/89 92/92/92 88/88/88
f 57/57/57 35/35/35 55/55/55
f 54/54/54 53/53/53 93/93/93
f 54/54/54 93/93/93 56/56/56
f 58/58/58 56/56/56 93/93/93
f 96/96/96 95/95/95 94/94/94
f 99/99/99 98/98/98 97/97/97
f 100/100/100 99/99/99 97/97/97
f 100/100/100 97/97/97 101/101/101
f 102/102/102 100/100/100 101/101/101
f 102/102/102 101/101/101 103/103/103
f 102/102/102 103/103/103 104/104/104
f 107/107/107 106/106/106 105/105/105
f 108/108/108 107/107/107 105/105/105
f 108/108/108 105/105/105 109/109/109
f 110/110/110 108/108/108 109/109/109
f 110/110/110 111/111/111 108/108/108
f 110/110/110 112/112/112 111/111/111
f 112/112/112 110/110/110 113/113/113
f 112/112/112 113/113/113 114/114/114
f 115/115/115 114/114/114 113/113/113
f 115/115/115 113/113/113 116/116/116
f 119/119/119 118/118/118 117/117/117
f 120/120/120 119/119/119 117/117/117
f 120/120/120 117/117/117 121/121/121
f 117/117/117 118/118/118 122/122/122
f 120/120/120 121/121/121 123/123/123
f 121/121/121 124/124/124 123/123/123
f 121/121/121 125/125/125 124/124/124
f 124/124/124 125/125/125 126/126/126
f 124/124/124 126/126/126 127/127/127
f 127/127/127 126/126/126 128/128/128
f 131/131/131 130/130/130 129/129/129
f 134/134/134 133/133/133 132/132/132
f 134/134/134 135/135/135 133/133/133
f 134/134/134 136/136/136 135/135/135
f 137/137/137 136/136/136 134/134/134
f 137/137/137 138/138/138 136/136/136
f 141/141/141 140/140/140 139/139/139
f 143/143/143 142/142/142 132/132/132
f 145/145/145 144/144/144 138/138/138
f 145/145/145 146/146/146 144/144/144
f 146/146/146 147/147/147 144/144/144
f 146/146/146 148/148/148 147/147/147
f 146/146/146 149/149/149 148/148/148
f 146/146/146 150/150/150 149/149/149
f 153/153/153 152/152/152 151/151/151
f 154/154/154 152/152/152 153/153/153
f 154/154/154 153/153/153 155/155/155
f 153/153/153 151/151/151 156/156/156
f 157/157/157 156/156/156 151/151/151
f 153/153/153 156/156/156 158/158/158
f 160/160/160 159/159/159 155/155/155
f 160/160/160 155/155/155 161/161/161
f 162/162/162 160/160/160 161/161/161
f 160/160/160 162/162/162 163/163/163
f 160/160/160 163/163/163 164/164/164
f 162/162/162 161/161/161 165/165/165
f 157/157/157 167/167/167 166/166/166
f 170/170/170 169/169/169 168/168/168
f 173/173/173 172/172/172 171/171/171
f 174/174/174 173/173/173 171/171/171
f 174/174/174 171/171/171 175/175/175
f 174/174/174 175/175/175 176/176/176
f 177/177/177 174/174/174 176/176/176
f 179/179/179 174/174/174 178/178/178
f 181/181/181 180/180/180 179/179/179
f 182/182/182 180/180/180 181/181/181
f 182/182/182 183/183/183 180/180/180
f 184/184/184 183/183/183 182/182/182
f 187/187/187 186/186/186 185/185/185
f 187/187/187 185/185/185 188/188/188
f 189/189/189 187/187/187 188/188/188
f 189/189/189 188/188/188 190/190/190
f 191/191/191 189/189/189 190/190/190
f 191/191/191 190/190/190 192/192/192
f 186/186/186 193/193/193 185/185/185
f 186/186/186 194/194/194 193/193/193
f 197/197/197 196/196/196 195/195/195
f 197/197/197 195/195/195 198/198/198
f 199/199/199 197/197/197 198/198/198
f 199/199/199 198/198/198 200/200/200
f 201/201/201 199/199/199 200/200/200
f 201/201/201 200/200/200 202/202/202
f 196/196/196 203/203/203 195/195/195
f 196/196/196 204/204/204 203/203/203
f 207/207/207 206/206/206 205/205/205
f 208/208/208 207/207/207 205/205/205
f 208/208/208 205/205/205 209/209/209
f 210/210/210 208/208/208 209/209/209
f 210/210/210 211/211/211 208/208/208
f 210/210/210 212/212/212 211/211/211
f 212/212/212 210/210/210 213/213/213
f 212/212/212 213/213/213 214/214/214
f 215/215/215 214/214/214 213/213/213
f 215/215/215 213/213/213 216/216/216
f 219/219/219 218/218/218 217/217/217
f 220/220/220 219/219/219 217/217/217
f 220/220/220 217/217/217 221/221/221
f 217/217/217 218/218/218 222/222/222
f 220/220/220 221/221/221 223/223/223
f 221/221/221 224/224/224 223/223/223
f 221/221/221 225/225/225 224/224/224
f 224/224/224 225/225/225 226/226/226
f 224/224/224 226/226/226 227/227/227
f 227/227/227 226/226/226 228/228/228
f 231/231/231 230/230/230 229/229/229
f 234/234/234 233/233/233 232/232/232
f 234/234/234 235/235/235 233/233/233
f 234/234/234 236/236/236 235/235/235
f 237/237/237 236/236/236 234/234/234
f 237/237/237 238/238/238 236/236/236
f 237/237/237 239/239/239 238/238/238
f 239/239/239 240/240/240 238/238/238
f 239/239/239 241/241/241 240/240/240
f 241/241/241 242/242/242 240/240/240
f 241/241/241 243/243/243 242/242/242
f 241/241/241 244/244/244 243/243/243
f 241/241/241 245/245/245 244/244/244
f 247/247/247 246/246/246 232/232/232
f 250/250/250 249/249/249 248/248/248
f 251/251/251 249/249/249 250/250/250
f 251/251/251 250/250/250 252/252/252
f 250/250/250 248/248/248 253/253/253
f 254/254/254 253/253/253 248/248/248
f 250/250/250 253/253/253 255/255/255
f 254/254/254 257/257/257 256/256/256
f 260/260/260 259/259/259 258/258/258
f 260/260/260 258/258/258 261/261/261
f 262/262/262 260/260/260 261/261/261
f 260/260/260 262/262/262 263/263/263
f 260/260/260 263/263/263 264/264/264
f 262/262/262 261/261/261 265/265/265
f 268/268/268 267/267/267 266/266/266
f 271/271/271 270/270/270 269/269/269
f 272/272/272 271/271/271 269/269/269
f 272/272/272 269/269/269 273/273/273
f 272/272/272 273/273/273 274/274/274
f 275/275/275 272/272/272 274/274/274
f 277/277/277 272/272/272 276/276/276
f 279/279/279 278/278/278 277/277/277
f 280/280/280 278/278/278 279/279/279
f 280/280/280 281/281/281 278/278/278
f 282/282/282 281/281/281 280/280/280
f 285/285/285 284/284/284 283/283/283
f 285/285/285 283/283/283 286/286/286
f 287/287/287 285/285/285 286/286/286
f 287/287/287 286/286/286 288/288/288
f 289/289/289 287/287/287 288/288/288
f 289/289/289 288/288/288 290/290/290
f 284/284/284 291/291/291 283/283/283
f 284/284/284 292/292/292 291/291/291
f 295/295/295 294/294/294 293/293/293
f 295/295/295 293/293/293 296/296/296
f 297/297/297 295/295/295 296/296/296
f 297/297/297 296/296/296 298/298/298
f 299/299/299 297/297/297 298/298/298
f 299/299/299 298/298/298 300/300/300
f 294/294/294 301/301/301 293/293/293
f 294/294/294 302/302/302 301/301/301
f 305/305/305 304/304/304 303/303/303
f 306/306/306 304/304/304 305/305/305
f 306/306/306 307/307/307 304/304/304
f 308/308/308 307/307/307 306/306/306
f 308/308/308 306/306/306 309/309/309
f 308/308/308 309/309/309 310/310/310
f 313/313/313 312/312/312 311/311/311
f 310/310/310 314/314/314 312/312/312
f 315/315/315 312/312/312 314/314/314
f 315/315/315 316/316/316 312/312/312
f 319/319/319 318/318/318 317/317/317
f 320/320/320 318/318/318 319/319/319
f 320/320/320 321/321/321 318/318/318
f 318/318/318 322/322/322 317/317/317
f 320/320/320 323/323/323 321/321/321
f 321/321/321 323/323/323 324/324/324
f 321/321/321 324/324/324 325/325/325
f 324/324/324 326/326/326 325/325/325
f 324/324/324 327/327/327 326/326/326
f 327/327/327 328/328/328 326/326/326
f 331/331/331 330/330/330 329/329/329
f 334/334/334 333/333/333 332/332/332
f 334/334/334 332/332/332 335/335/335
f 334/334/334 335/335/335 336/336/336
f 337/337/337 334/334/334 336/336/336
f 337/337/337 336/336/336 338/338/338
f 337/337/337 338/338/338 339/339/339
f 341/341/341 333/333/333 340/340/340
f 343/343/343 338/338/338 342/342/342
f 343/343/343 342/342/342 344/344/344
f 344/344/344 342/342/342 345/345/345
f 344/344/344 345/345/345 346/346/346
f 344/344/344 346/346/346 347/347/347
f 344/344/344 347/347/347 348/348/348
f 351/351/351 350/350/350 349/349/349
f 352/352/352 351/351/351 349/349/349
f 352/352/352 353/353/353 351/351/351
f 351/351/351 354/354/354 350/350/350
f 355/355/355 350/350/350 354/354/354
f 351/351/351 356/356/356 354/354/354
f 358/358/358 357/357/357 353/353/353
f 358/358/358 353/353/353 359/359/359
f 360/360/360 357/357/357 358/358/358
f 358/358/358 361/361/361 360/360/360
f 358/358/358 362/362/362 361/361/361
f 360/360/360 363/363/363 357/357/357
f 355/355/355 365/365/365 364/364/364
f 368/368/368 367/367/367 366/366/366
f 371/371/371 370/370/370 369/369/369
f 372/372/372 370/370/370 371/371/371
f 372/372/372 373/373/373 370/370/370
f 372/372/372 374/374/374 373/373/373
f 375/375/375 374/374/374 372/372/372
f 377/377/377 376/376/376 372/372/372
f 379/379/379 377/377/377 378/378/378
f 380/380/380 379/379/379 378/378/378
f 380/380/380 378/378/378 381/381/381
f 382/382/382 380/380/380 381/381/381
f 385/385/385 384/384/384 383/383/383
f 385/385/385 383/383/383 386/386/386
f 387/387/387 384/384/384 385/385/385
f 387/387/387 388/388/388 384/384/384
f 389/389/389 388/388/388 387/387/387
f 389/389/389 390/390/390 388/388/388
f 386/386/386 383/383/383 391/391/391
f 386/386/386 391/391/391 392/392/392
f 395/395/395 394/394/394 393/393/393
f 395/395/395 393/393/393 396/396/396
f 397/397/397 394/394/394 395/395/395
f 397/397/397 398/398/398 394/394/394
f 399/399/399 398/398/398 397/397/397
f 399/399/399 400/400/400 398/398/398
f 396/396/396 393/393/393 401/401/401
f 396/396/396 401/401/401 402/402/402
f 405/405/405 404/404/404 403/403/403
f 406/406/406 404/404/404 405/405/405
f 406/406/406 407/407/407 404/404/404
f 408/408/408 407/407/407 406/406/406
f 408/408/408 406/406/406 409/409/409
f 408/408/408 409/409/409 410/410/410
f 410/410/410 411/411/411 408/408/408
f 410/410/410 412/412/412 411/411/411
f 413/413/413 411/411/411 412/412/412
f 413/413/413 414/414/414 411/411/411
f 417/417/417 416/416/416 415/415/415
f 418/418/418 416/416/416 417/417/417
f 418/418/418 419/419/419 416/416/416
f 416/416/416 420/420/420 415/415/415
f 418/418/418 421/421/421 419/419/419
f 419/419/419 421/421/421 422/422/422
f 419/419/419 422/422/422 423/423/423
f 422/422/422 424/424/424 423/423/423
f 422/422/422 425/425/425 424/424/424
f 425/425/425 426/426/426 424/424/424
f 429/429/429 428/428/428 427/427/427
f 432/432/432 431/431/431 430/430/430
f 432/432/432 430/430/430 433/433/433
f 432/432/432 433/433/433 434/434/434
f 435/435/435 432/432/432 434/434/434
f 435/435/435 434/434/434 436/436/436
f 435/435/435 436/436/436 437/437/437
f 437/437/437 436/436/436 438/438/438
f 437/437/437 438/438/438 439/439/439
f 439/439/439 438/438/438 440/440/440
f 439/439/439 440/440/440 441/441/441
f 439/439/439 441/441/441 442/442/442
f 439/439/439 442/442/442 443/443/443
f 445/445/445 431/431/431 444/444/444
f 448/448/448 447/447/447 446/446/446
f 449/449/449 448/448/448 446/446/446
f 449/449/449 450/450/450 448/448/448
f 448/448/448 451/451/451 447/447/447
f 452/452/452 447/447/447 451/451/451
f 448/448/448 453/453/453 451/451/451
f 452/452/452 455/455/455 454/454/454
f 458/458/458 457/457/457 456/456/456
f 458/458/458 456/456/456 459/459/459
f 460/460/460 457/457/457 458/458/458
f 458/458/458 461/461/461 460/460/460
f 458/458/458 462/462/462 461/461/461
f 460/460/460 463/463/463 457/457/457
f 466/466/466 465/465/465 464/464/464
f 469/469/469 468/468/468 467/467/467
f 470/470/470 468/468/468 469/469/469
f 470/470/470 471/471/471 468/468/468
f 470/470/470 472/472/472 471/471/471
f 473/473/473 472/472/472 470/470/470
f 475/475/475 474/474/474 470/470/470
f 477/477/477 475/475/475 476/476/476
f 478/478/478 477/477/477 476/476/476
f 478/478/478 476/476/476 479/479/479
f 480/480/480 478/478/478 479/479/479
f 483/483/483 482/482/482 481/481/481
f 483/483/483 481/481/481 484/484/484
f 485/485/485 482/482/482 483/483/483
f 485/485/485 486/486/486 482/482/482
f 487/487/487 486/486/486 485/485/485
f 487/487/487 488/488/488 486/486/486
f 484/484/484 481/481/481 489/489/489
f 484/484/484 489/489/489 490/490/490
f 493/493/493 492/492/492 491/491/491
f 493/493/493 491/491/491 494/494/494
f 495/495/495 492/492/492 493/493/493
f 495/495/495 496/496/496 492/492/492
f 497/497/497 496/496/496 495/495/495
f 497/497/497 498/498/498 496/496/496
f 494/494/494 491/491/491 499/499/499
f 494/494/494 499/499/499 500/500/500
f 503/503/503 502/502/502 501/501/501
f 501/501/501 502/502/502 504/504/504
f 505/505/505 504/504/504 502/502/502
f 505/505/505 502/502/502 506/506/506
f 507/507/507 505/505/505 506/506/506
f 507/507/507 508/508/508 505/505/505
f 509/509/509 508/508/508 507/507/507
f 509/509/509 510/510/510 508/508/508
f 510/510/510 509/509/509 511/511/511
f 514/514/514 513/513/513 512/512/512
f 513/513/513 515/515/515 512/512/512
f 516/516/516 512/512/512 515/515/515
f 516/516/516 517/517/517 512/512/512
f 518/518/518 517/517/517 516/516/516
f 518/518/518 516/516/516 519/519/519
f 520/520/520 518/518/518 519/519/519
f 520/520/520 519/519/519 521/521/521
f 521/521/521 522/522/522 520/520/520
f 525/525/525 524/524/524 523/523/523
f 528/528/528 527/527/527 526/526/526
f 528/528/528 526/526/526 529/529/529
f 529/529/529 526/526/526 530/530/530
f 529/529/529 530/530/530 531/531/531
f 526/526/526 532/532/532 530/530/530
f 526/526/526 533/533/533 532/532/532
f 532/532/532 534/534/534 530/530/530
f 534/534/534 531/531/531 530/530/530
f 534/534/534 535/535/535 531/531/531
f 532/532/532 536/536/536 534/534/534
f 527/527/527 537/537/537 526/526/526
f 537/537/537 533/533/533 526/526/526
f 537/537/537 538/538/538 533/533/533
f 537/537/537 539/539/539 538/538/538
f 537/537/537 540/540/540 539/539/539
f 541/541/541 536/536/536 532/532/532
f 541/541/541 542/542/542 536/536/536
f 541/541/541 543/543/543 542/542/542
f 541/541/541 532/532/532 544/544/544
f 536/536/536 542/542/542 545/545/545
f 536/536/536 545/545/545 534/534/534
f 538/538/538 539/539/539 546/546/546
f 538/538/538 546/546/546 547/547/547
f 533/533/533 538/538/538 547/547/547
f 532/532/532 533/533/533 548/548/548
f 533/533/533 547/547/547 548/548/548
f 540/540/540 537/537/537 549/549/549
f 540/540/540 549/549/549 550/550/550
f 539/539/539 540/540/540 550/550/550
f 539/539/539 550/550/550 546/546/546
f 537/537/537 551/551/551 549/549/549
f 537/537/537 527/527/527 551/551/551
f 527/527/527 552/552/552 551/551/551
f 527/527/527 528/528/528 552/552/552
f 528/528/528 553/553/553 552/552/552
f 528/528/528 529/529/529 553/553/553
f 529/529/529 554/554/554 553/553/553
f 529/529/529 531/531/531 554/554/554
f 531/531/531 555/555/555 554/554/554
f 531/531/531 556/556/556 555/555/555
f 555/555/555 556/556/556 557/557/557
f 555/555/555 557/557/557 558/558/558
f 556/556/556 559/559/559 557/557/557
f 559/559/559 560/560/560 557/557/557
f 556/556/556 561/561/561 559/559/559
f 535/535/535 561/561/561 556/556/556
f 531/531/531 535/535/535 556/556/556
f 535/535/535 562/562/562 561/561/561
f 563/563/563 562/562/562 535/535/535
f 563/563/563 564/564/564 562/562/562
f 559/559/559 565/565/565 560/560/560
f 567/567/567 566/566/566 557/557/557
f 568/568/568 557/557/557 566/566/566
f 568/568/568 569/569/569 557/557/557
f 571/571/571 569/569/569 570/570/570
f 571/571/571 570/570/570 572/572/572
f 572/572/572 570/570/570 573/573/573
f 573/573/573 570/570/570 574/574/574
f 572/572/572 573/573/573 575/575/575
f 576/576/576 572/572/572 575/575/575
f 576/576/576 575/575/575 577/577/577
f 578/578/578 576/576/576 577/577/577
f 578/578/578 577/577/577 579/579/579
f 580/580/580 571/571/571 572/572/572
f 580/580/580 572/572/572 576/576/576
f 581/581/581 580/580/580 576/576/576
f 580/580/580 582/582/582 571/571/571
f 583/583/583 582/582/582 580/580/580
f 583/583/583 580/580/580 584/584/584
f 581/581/581 584/584/584 580/580/580
f 583/583/583 584/584/584 585/585/585
f 586/586/586 583/583/583 585/585/585
f 586/586/586 585/585/585 587/587/587
f 585/585/585 584/584/584 588/588/588
f 588/588/588 584/584/584 581/581/581
f 585/585/585 588/588/588 589/589/589
f 588/588/588 581/581/581 590/590/590
f 587/587/587 585/585/585 591/591/591
f 591/591/591 585/585/585 589/589/589
f 591/591/591 589/589/589 592/592/592
f 591/591/591 592/592/592 593/593/593
f 591/591/591 593/593/593 594/594/594
f 595/595/595 588/588/588 590/590/590
f 595/595/595 590/590/590 596/596/596
f 595/595/595 596/596/596 597/597/597
f 595/595/595 598/598/598 588/588/588
f 590/590/590 599/599/599 596/596/596
f 590/590/590 581/581/581 599/599/599
f 592/592/592 600/600/600 593/593/593
f 592/592/592 601/601/601 600/600/600
f 589/589/589 601/601/601 592/592/592
f 588/588/588 602/602/602 589/589/589
f 589/589/589 602/602/602 601/601/601
f 588/588/588 603/603/603 602/602/602
f 594/594/594 604/604/604 591/591/591
f 607/607/607 606/606/606 605/605/605
f 593/593/593 600/600/600 606/606/606
f 593/593/593 606/606/606 594/594/594
f 591/591/591 604/604/604 608/608/608
f 598/598/598 609/609/609 603/603/603
f 598/598/598 603/603/603 588/588/588
f 598/598/598 595/595/595 610/610/610
f 598/598/598 610/610/610 611/611/611
f 612/612/612 609/609/609 598/598/598
f 612/612/612 598/598/598 611/611/611
f 611/611/611 610/610/610 613/613/613
f 612/612/612 611/611/611 613/613/613
f 612/612/612 613/613/613 614/614/614
f 615/615/615 612/612/612 614/614/614
f 615/615/615 616/616/616 612/612/612
f 617/617/617 616/616/616 615/615/615
f 617/617/617 615/615/615 618/618/618
f 619/619/619 617/617/617 618/618/618
f 619/619/619 618/618/618 620/620/620
f 620/620/620 621/621/621 619/619/619
f 613/613/613 610/610/610 622/622/622
f 622/622/622 623/623/623 613/613/613
f 625/625/625 613/613/613 624/624/624
f 625/625/625 624/624/624 626/626/626
f 628/628/628 627/627/627 626/626/626
f 628/628/628 629/629/629 627/627/627
f 632/632/632 631/631/631 630/630/630
f 632/632/632 630/630/630 633/633/633
f 634/634/634 632/632/632 633/633/633
f 634/634/634 633/633/633 635/635/635
f 633/633/633 636/636/636 635/635/635
f 635/635/635 636/636/636 637/637/637
f 638/638/638 634/634/634 635/635/635
f 638/638/638 635/635/635 639/639/639
f 640/640/640 630/630/630 631/631/631
f 641/641/641 630/630/630 640/640/640
f 640/640/640 642/642/642 641/641/641
f 640/640/640 643/643/643 642/642/642
f 643/643/643 644/644/644 642/642/642
f 643/643/643 543/543/543 644/644/644
f 645/645/645 642/642/642 644/644/644
f 645/645/645 646/646/646 642/642/642
f 541/541/541 647/647/647 543/543/543
f 541/541/541 648/648/648 647/647/647
f 541/541/541 649/649/649 648/648/648
f 544/544/544 649/649/649 541/541/541
f 544/544/544 650/650/650 649/649/649
f 651/651/651 650/650/650 544/544/544
f 651/651/651 544/544/544 652/652/652
f 544/544/544 653/653/653 652/652/652
f 544/544/544 532/532/532 653/653/653
f 532/532/532 548/548/548 653/653/653
f 650/650/650 654/654/654 649/649/649
f 651/651/651 654/654/654 650/650/650
f 651/651/651 655/655/655 654/654/654
f 656/656/656 655/655/655 651/651/651
f 656/656/656 651/651/651 657/657/657
f 658/658/658 656/656/656 657/657/657
f 658/658/658 659/659/659 656/656/656
f 660/660/660 659/659/659 658/658/658
f 660/660/660 661/661/661 659/659/659
f 661/661/661 660/660/660 662/662/662
f 664/664/664 663/663/663 654/654/654
f 664/664/664 665/665/665 663/663/663
f 667/667/667 665/665/665 666/666/666
f 667/667/667 666/666/666 668/668/668
f 670/670/670 654/654/654 669/669/669
f 649/649/649 654/654/654 670/670/670
f 673/673/673 672/672/672 671/671/671
f 673/673/673 671/671/671 674/674/674
f 675/675/675 673/673/673 674/674/674
f 675/675/675 674/674/674 676/676/676
f 672/672/672 677/677/677 671/671/671
f 672/672/672 678/678/678 677/677/677
f 678/678/678 679/679/679 677/677/677
f 678/678/678 680/680/680 679/679/679
f 681/681/681 675/675/675 676/676/676
f 681/681/681 676/676/676 682/682/682
f 683/683/683 681/681/681 682/682/682
f 683/683/683 682/682/682 684/684/684
f 685/685/685 682/682/682 676/676/676
f 685/685/685 676/676/676 686/686/686
f 686/686/686 676/676/676 687/687/687
f 686/686/686 687/687/687 688/688/688
f 688/688/688 687/687/687 689/689/689
f 688/688/688 689/689/689 690/690/690
f 690/690/690 689/689/689 677/677/677
f 690/690/690 677/677/677 691/691/691
f 691/691/691 677/677/677 692/692/692
f 691/691/691 692/692/692 693/693/693
f 694/694/694 682/682/682 685/685/685
f 694/694/694 695/695/695 682/682/682
f 697/697/697 692/692/692 696/696/696
f 697/697/697 696/696/696 698/698/698
f 701/701/701 700/700/700 699/699/699
f 701/701/701 699/699/699 679/679/679
f 704/704/704 703/703/703 702/702/702
f 704/704/704 702/702/702 705/705/705
f 708/708/708 707/707/707 706/706/706
f 711/711/711 710/710/710 709/709/709
f 712/712/712 710/710/710 711/711/711
f 712/712/712 711/711/711 713/713/713
f 715/715/715 714/714/714 713/713/713
f 715/715/715 716/716/716 714/714/714
f 717/717/717 716/716/716 715/715/715
f 717/717/717 718/718/718 716/716/716
f 718/718/718 717/717/717 719/719/719
f 714/714/714 721/721/721 720/720/720
f 714/714/714 720/720/720 722/722/722
f 720/720/720 723/723/723 722/722/722
f 724/724/724 721/721/721 712/712/712
f 724/724/724 712/712/712 725/725/725
f 726/726/726 724/724/724 725/725/725
f 726/726/726 725/725/725 727/727/727
f 727/727/727 728/728/728 726/726/726
f 731/731/731 730/730/730 729/729/729
f 733/733/733 732/732/732 730/730/730
f 733/733/733 730/730/730 734/734/734
f 737/737/737 736/736/736 735/735/735
f 738/738/738 737/737/737 735/735/735
f 738/738/738 739/739/739 737/737/737
f 735/735/735 740/740/740 738/738/738
f 735/735/735 741/741/741 740/740/740
f 741/741/741 742/742/742 740/740/740
f 741/741/741 743/743/743 742/742/742
f 744/744/744 743/743/743 741/741/741
f 744/744/744 741/741/741 735/735/735
f 744/744/744 745/745/745 743/743/743
f 746/746/746 743/743/743 745/745/745
f 746/746/746 747/747/747 743/743/743
f 746/746/746 748/748/748 747/747/747
f 746/746/746 749/749/749 748/748/748
f 748/748/748 749/749/749 750/750/750
f 748/748/748 750/750/750 751/751/751
f 752/752/752 751/751/751 750/750/750
f 743/743/743 747/747/747 753/753/753
f 743/743/743 753/753/753 742/742/742
f 747/747/747 754/754/754 753/753/753
f 747/747/747 755/755/755 754/754/754
f 748/748/748 755/755/755 747/747/747
f 748/748/748 756/756/756 755/755/755
f 751/751/751 756/756/756 748/748/748
f 751/751/751 757/757/757 756/756/756
f 751/751/751 752/752/752 757/757/757
f 752/752/752 758/758/758 757/757/757
f 752/752/752 759/759/759 758/758/758
f 758/758/758 759/759/759 760/760/760
f 760/760/760 759/759/759 761/761/761
f 762/762/762 760/760/760 761/761/761
f 762/762/762 763/763/763 760/760/760
f 758/758/758 760/760/760 764/764/764
f 765/765/765 764/764/764 760/760/760
f 765/765/765 766/766/766 764/764/764
f 767/767/767 737/737/737 739/739/739
f 767/767/767 739/739/739 768/768/768
f 744/744/744 735/735/735 769/769/769
f 735/735/735 736/736/736 769/769/769
f 772/772/772 771/771/771 770/770/770
f 772/772/772 770/770/770 773/773/773
f 773/773/773 770/770/770 774/774/774
f 773/773/773 774/774/774 775/775/775
f 775/775/775 774/774/774 776/776/776
f 775/775/775 776/776/776 777/777/777
f 778/778/778 771/771/771 772/772/772
f 778/778/778 779/779/779 771/771/771
f 780/780/780 779/779/779 778/778/778
f 780/780/780 781/781/781 779/779/779
f 782/782/782 781/781/781 780/780/780
f 782/782/782 783/783/783 781/781/781
f 784/784/784 783/783/783 782/782/782
f 784/784/784 785/785/785 783/783/783
f 786/786/786 771/771/771 779/779/779
f 787/787/787 786/786/786 779/779/779
f 787/787/787 779/779/779 788/788/788
f 789/789/789 787/787/787 788/788/788
f 789/789/789 788/788/788 790/790/790
f 791/791/791 789/789/789 790/790/790
f 791/791/791 790/790/790 792/792/792
f 794/794/794 793/793/793 785/785/785
f 795/795/795 793/793/793 794/794/794
f 795/795/795 796/796/796 793/793/793
f 794/794/794 785/785/785 797/797/797
f 786/786/786 798/798/798 771/771/771
f 798/798/798 799/799/799 771/771/771
f 798/798/798 800/800/800 799/799/799
f 800/800/800 801/801/801 799/799/799
f 800/800/800 802/802/802 801/801/801
f 802/802/802 803/803/803 801/801/801
f 802/802/802 804/804/804 803/803/803
f 806/806/806 805/805/805 792/792/792
f 806/806/806 792/792/792 807/807/807
f 808/808/808 806/806/806 807/807/807
f 808/808/808 807/807/807 809/809/809
f 812/812/812 811/811/811 810/810/810
f 815/815/815 814/814/814 813/813/813
f 815/815/815 813/813/813 816/816/816
f 814/814/814 817/817/817 813/813/813
f 814/814/814 818/818/818 817/817/817
f 817/817/817 818/818/818 819/819/819
f 819/819/819 818/818/818 820/820/820
f 816/816/816 821/821/821 815/815/815
f 816/816/816 822/822/822 821/821/821
f 825/825/825 824/824/824 823/823/823
f 825/825/825 823/823/823 826/826/826
f 826/826/826 823/823/823 827/827/827
f 826/826/826 827/827/827 828/828/828
f 829/829/829 824/824/824 825/825/825
f 829/829/829 830/830/830 824/824/824
f 831/831/831 830/830/830 829/829/829
f 833/833/833 832/832/832 831/831/831
f 834/834/834 832/832/832 833/833/833
f 834/834/834 835/835/835 832/832/832
f 836/836/836 835/835/835 834/834/834
f 836/836/836 837/837/837 835/835/835
f 838/838/838 837/837/837 836/836/836
f 838/838/838 839/839/839 837/837/837
f 840/840/840 839/839/839 838/838/838
f 840/840/840 841/841/841 839/839/839
f 844/844/844 843/843/843 842/842/842
f 631/631/631 845/845/845 640/640/640
f 848/848/848 847/847/847 846/846/846
f 848/848/848 846/846/846 849/849/849
f 849/849/849 846/846/846 850/850/850
f 849/849/849 850/850/850 851/851/851
f 851/851/851 850/850/850 852/852/852
f 853/853/853 847/847/847 848/848/848
f 853/853/853 854/854/854 847/847/847
f 851/851/851 852/852/852 855/855/855
f 858/858/858 857/857/857 856/856/856
f 858/858/858 856/856/856 859/859/859
f 856/856/856 857/857/857 860/860/860
f 861/861/861 858/858/858 859/859/859
f 861/861/861 862/862/862 858/858/858
f 863/863/863 862/862/862 861/861/861
f 863/863/863 864/864/864 862/862/862
f 865/865/865 864/864/864 863/863/863
f 865/865/865 863/863/863 866/866/866
f 866/866/866 867/867/867 865/865/865
f 866/866/866 868/868/868 867/867/867
f 869/869/869 867/867/867 868/868/868
f 870/870/870 867/867/867 869/869/869
f 870/870/870 869/869/869 871/871/871
f 870/870/870 871/871/871 872/872/872
f 872/872/872 871/871/871 873/873/873
f 872/872/872 873/873/873 874/874/874
f 877/877/877 876/876/876 875/875/875
f 877/877/877 875/875/875 878/878/878
f 879/879/879 876/876/876 877/877/877
f 879/879/879 880/880/880 876/876/876
f 876/876/876 880/880/880 881/881/881
f 880/880/880 882/882/882 881/881/881
f 883/883/883 880/880/880 879/879/879
f 883/883/883 884/884/884 880/880/880
f 885/885/885 878/878/878 875/875/875
f 886/886/886 885/885/885 875/875/875
f 885/885/885 886/886/886 887/887/887
f 885/885/885 887/887/887 888/888/888
f 888/888/888 887/887/887 889/889/889
f 888/888/888 889/889/889 597/597/597
f 890/890/890 889/889/889 887/887/887
f 890/890/890 887/887/887 891/891/891
f 878/878/878 885/885/885 892/892/892
f 595/595/595 597/597/597 893/893/893
f 595/595/595 893/893/893 894/894/894
f 610/610/610 595/595/595 894/894/894
f 896/896/896 570/570/570 895/895/895
f 897/897/897 895/895/895 570/570/570
f 897/897/897 570/570/570 558/558/558
f 583/583/583 898/898/898 582/582/582
f 586/586/586 898/898/898 583/583/583
f 586/586/586 899/899/899 898/898/898
f 587/587/587 899/899/899 586/586/586
f 587/587/587 608/608/608 899/899/899
f 591/591/591 608/608/608 587/587/587
f 573/573/573 574/574/574 900/900/900
f 903/903/903 902/902/902 901/901/901
f 903/903/903 901/901/901 904/904/904
f 907/907/907 906/906/906 905/905/905
f 910/910/910 909/909/909 908/908/908
f 912/912/912 911/911/911 908/908/908
f 912/912/912 908/908/908 913/913/913
f 916/916/916 915/915/915 914/914/914
f 917/917/917 915/915/915 916/916/916
f 917/917/917 916/916/916 918/918/918
f 915/915/915 917/917/917 919/919/919
f 915/915/915 919/919/919 920/920/920
f 920/920/920 919/919/919 921/921/921
f 920/920/920 921/921/921 922/922/922
f 923/923/923 920/920/920 922/922/922
f 923/923/923 915/915/915 920/920/920
f 923/923/923 922/922/922 924/924/924
f 925/925/925 924/924/924 922/922/922
f 925/925/925 922/922/922 926/926/926
f 925/925/925 926/926/926 927/927/927
f 925/925/925 927/927/927 928/928/928
f 927/927/927 929/929/929 928/928/928
f 927/927/927 930/930/930 929/929/929
f 931/931/931 929/929/929 930/930/930
f 922/922/922 932/932/932 926/926/926
f 922/922/922 921/921/921 932/932/932
f 926/926/926 932/932/932 933/933/933
f 926/926/926 933/933/933 934/934/934
f 927/927/927 926/926/926 934/934/934
f 927/927/927 934/934/934 935/935/935
f 930/930/930 927/927/927 935/935/935
f 930/930/930 935/935/935 936/936/936
f 930/930/930 936/936/936 931/931/931
f 931/931/931 936/936/936 937/937/937
f 931/931/931 937/937/937 938/938/938
f 937/937/937 939/939/939 938/938/938
f 939/939/939 940/940/940 938/938/938
f 941/941/941 940/940/940 939/939/939
f 941/941/941 939/939/939 942/942/942
f 937/937/937 943/943/943 939/939/939
f 944/944/944 939/939/939 943/943/943
f 944/944/944 943/943/943 945/945/945
f 947/947/947 946/946/946 918/918/918
f 947/947/947 918/918/918 916/916/916
f 923/923/923 948/948/948 915/915/915
f 915/915/915 948/948/948 914/914/914
f 951/951/951 950/950/950 949/949/949
f 954/954/954 953/953/953 952/952/952
f 954/954/954 952/952/952 955/955/955
f 955/955/955 952/952/952 956/956/956
f 955/955/955 956/956/956 957/957/957
f 956/956/956 958/958/958 957/957/957
f 958/958/958 959/959/959 957/957/957
f 953/953/953 954/954/954 960/960/960
f 953/953/953 960/960/960 961/961/961
f 964/964/964 963/963/963 962/962/962
f 964/964/964 962/962/962 965/965/965
f 963/963/963 966/966/966 962/962/962
f 963/963/963 967/967/967 966/966/966
f 968/968/968 964/964/964 965/965/965
f 968/968/968 965/965/965 969/969/969
f 970/970/970 968/968/968 969/969/969
f 972/972/972 970/970/970 971/971/971
f 973/973/973 972/972/972 971/971/971
f 973/973/973 971/971/971 974/974/974
f 975/975/975 973/973/973 974/974/974
f 975/975/975 974/974/974 976/976/976
f 977/977/977 975/975/975 976/976/976
f 977/977/977 976/976/976 978/978/978
f 979/979/979 977/977/977 978/978/978
f 979/979/979 978/978/978 980/980/980
f 983/983/983 982/982/982 981/981/981
f 986/986/986 985/985/985 984/984/984
f 986/986/986 984/984/984 987/987/987
f 985/985/985 988/988/988 984/984/984
f 985/985/985 989/989/989 988/988/988
f 989/989/989 990/990/990 988/988/988
f 991/991/991 986/986/986 987/987/987
f 991/991/991 987/987/987 992/992/992
f 989/989/989 993/993/993 990/990/990
f 996/996/996 995/995/995 994/994/994
f 996/996/996 994/994/994 997/997/997
f 994/994/994 998/998/998 997/997/997
f 999/999/999 995/995/995 996/996/996
f 999/999/999 996/996/996 1000/1000/1000
f 1001/1001/1001 999/999/999 1000/1000/1000
f 1001/1001/1001 1000/1000/1000 1002/1002/1002
f 1003/1003/1003 1001/1001/1001 1002/1002/1002
f 1003/1003/1003 1004/1004/1004 1001/1001/1001
f 1004/1004/1004 1003/1003/1003 1005/1005/1005
f 1004/1004/1004 1005/1005/1005 1006/1006/1006
f 1007/1007/1007 1006/1006/1006 1005/1005/1005
f 1008/1008/1008 1007/1007/1007 1005/1005/1005
f 1008/1008/1008 1009/1009/1009 1007/1007/1007
f 1008/1008/1008 1010/1010/1010 1009/1009/1009
f 1010/1010/1010 1011/1011/1011 1009/1009/1009
f 1010/1010/1010 1012/1012/1012 1011/1011/1011
f 1015/1015/1015 1014/1014/1014 1013/1013/1013
f 1017/1017/1017 1016/1016/1016 1015/1015/1015
f 1017/1017/1017 1018/1018/1018 1016/1016/1016
f 1021/1021/1021 1020/1020/1020 1019/1019/1019
f 1021/1021/1021 1019/1019/1019 1022/1022/1022
f 1023/1023/1023 1022/1022/1022 1019/1019/1019
f 1025/1025/1025 1020/1020/1020 1024/1024/1024
f 1028/1028/1028 1027/1027/1027 1026/1026/1026
f 1030/1030/1030 1028/1028/1028 1029/1029/1029
f 1030/1030/1030 1029/1029/1029 1031/1031/1031
f 1034/1034/1034 1033/1033/1033 1032/1032/1032
f 1034/1034/1034 1032/1032/1032 1035/1035/1035
f 1036/1036/1036 1032/1032/1032 1033/1033/1033
f 1035/1035/1035 1038/1038/1038 1037/1037/1037
f 1041/1041/1041 1040/1040/1040 1039/1039/1039
f 1041/1041/1041 1039/1039/1039 1042/1042/1042
f 1040/1040/1040 1041/1041/1041 1043/1043/1043
f 1040/1040/1040 1043/1043/1043 1044/1044/1044
f 1044/1044/1044 1043/1043/1043 1045/1045/1045
f 1045/1045/1045 1043/1043/1043 1046/1046/1046
f 1047/1047/1047 1045/1045/1045 1046/1046/1046
f 1047/1047/1047 1046/1046/1046 1048/1048/1048
f 1045/1045/1045 1047/1047/1047 1049/1049/1049
f 1045/1045/1045 1049/1049/1049 1050/1050/1050
f 1045/1045/1045 1050/1050/1050 1051/1051/1051
f 1045/1045/1045 1051/1051/1051 1052/1052/1052
f 1044/1044/1044 1045/1045/1045 1052/1052/1052
f 1053/1053/1053 1051/1051/1051 1050/1050/1050
f 1053/1053/1053 1050/1050/1050 1054/1054/1054
f 1055/1055/1055 1054/1054/1054 1050/1050/1050
f 1055/1055/1055 1050/1050/1050 1049/1049/1049
f 1056/1056/1056 1054/1054/1054 1055/1055/1055
f 1057/1057/1057 1054/1054/1054 1056/1056/1056
f 1048/1048/1048 1046/1046/1046 1058/1058/1058
f 1048/1048/1048 1058/1058/1058 1059/1059/1059
f 1059/1059/1059 1058/1058/1058 1060/1060/1060
f 1059/1059/1059 1060/1060/1060 1061/1061/1061
f 1060/1060/1060 1062/1062/1062 1061/1061/1061
f 1061/1061/1061 1062/1062/1062 1063/1063/1063
f 1058/1058/1058 1064/1064/1064 1060/1060/1060
f 1058/1058/1058 1041/1041/1041 1064/1064/1064
f 1041/1041/1041 1058/1058/1058 1046/1046/1046
f 1041/1041/1041 1046/1046/1046 1065/1065/1065
f 1041/1041/1041 1042/1042/1042 1064/1064/1064
f 1066/1066/1066 1042/1042/1042 1039/1039/1039
f 1066/1066/1066 1039/1039/1039 1067/1067/1067
f 1067/1067/1067 1068/1068/1068 1066/1066/1066
f 1067/1067/1067 1069/1069/1069 1068/1068/1068
f 1071/1071/1071 1068/1068/1068 1070/1070/1070
f 1071/1071/1071 1070/1070/1070 1072/1072/1072
f 1072/1072/1072 1073/1073/1073 1071/1071/1071
f 1072/1072/1072 1074/1074/1074 1073/1073/1073
f 1074/1074/1074 1075/1075/1075 1073/1073/1073
f 1074/1074/1074 1076/1076/1076 1075/1075/1075
f 1077/1077/1077 1075/1075/1075 1076/1076/1076
f 1077/1077/1077 1076/1076/1076 1078/1078/1078
f 1078/1078/1078 1079/1079/1079 1077/1077/1077
f 1078/1078/1078 1080/1080/1080 1079/1079/1079
f 1078/1078/1078 1081/1081/1081 1080/1080/1080
f 1078/1078/1078 1082/1082/1082 1081/1081/1081
f 1083/1083/1083 1081/1081/1081 1082/1082/1082
f 1083/1083/1083 1082/1082/1082 1084/1084/1084
f 1085/1085/1085 1083/1083/1083 1084/1084/1084
f 1085/1085/1085 1084/1084/1084 1086/1086/1086
f 1085/1085/1085 1086/1086/1086 1087/1087/1087
f 1080/1080/1080 1089/1089/1089 1088/1088/1088
f 1092/1092/1092 1091/1091/1091 1090/1090/1090
f 1092/1092/1092 1090/1090/1090 1093/1093/1093
f 1094/1094/1094 1093/1093/1093 1090/1090/1090
f 1094/1094/1094 1095/1095/1095 1093/1093/1093
f 1092/1092/1092 1093/1093/1093 1096/1096/1096
f 1096/1096/1096 1093/1093/1093 1097/1097/1097
f 1095/1095/1095 1094/1094/1094 1098/1098/1098
f 1095/1095/1095 1098/1098/1098 1099/1099/1099
f 1100/1100/1100 1095/1095/1095 1099/1099/1099
f 1100/1100/1100 1101/1101/1101 1095/1095/1095
f 1101/1101/1101 1097/1097/1097 1093/1093/1093
f 1101/1101/1101 1093/1093/1093 1095/1095/1095
f 1102/1102/1102 1097/1097/1097 1101/1101/1101
f 1103/1103/1103 1097/1097/1097 1102/1102/1102
f 1096/1096/1096 1097/1097/1097 1104/1104/1104
f 1104/1104/1104 1097/1097/1097 1103/1103/1103
f 1105/1105/1105 1094/1094/1094 1090/1090/1090
f 1106/1106/1106 1094/1094/1094 1105/1105/1105
f 1105/1105/1105 1090/1090/1090 1107/1107/1107
f 1108/1108/1108 1094/1094/1094 1106/1106/1106
f 1090/1090/1090 1091/1091/1091 1107/1107/1107
f 1110/1110/1110 1109/1109/1109 1091/1091/1091
f 1092/1092/1092 1111/1111/1111 1109/1109/1109
f 1111/1111/1111 1113/1113/1113 1112/1112/1112
f 1114/1114/1114 1113/1113/1113 1111/1111/1111
f 1114/1114/1114 1115/1115/1115 1113/1113/1113
f 1116/1116/1116 1115/1115/1115 1114/1114/1114
f 1116/1116/1116 1117/1117/1117 1115/1115/1115
f 1116/1116/1116 1118/1118/1118 1117/1117/1117
f 1116/1116/1116 1119/1119/1119 1118/1118/1118
f 1119/1119/1119 1120/1120/1120 1118/1118/1118
f 1119/1119/1119 1121/1121/1121 1120/1120/1120
f 1120/1120/1120 1121/1121/1121 1122/1122/1122
f 1120/1120/1120 1122/1122/1122 1123/1123/1123
f 1123/1123/1123 1122/1122/1122 1124/1124/1124
f 1123/1123/1123 1124/1124/1124 1125/1125/1125
f 1125/1125/1125 1124/1124/1124 1126/1126/1126
f 1125/1125/1125 1126/1126/1126 1127/1127/1127
f 1127/1127/1127 1126/1126/1126 1128/1128/1128
f 1127/1127/1127 1128/1128/1128 1129/1129/1129
f 1129/1129/1129 1128/1128/1128 1130/1130/1130
f 1129/1129/1129 1130/1130/1130 1131/1131/1131
f 1131/1131/1131 1130/1130/1130 1132/1132/1132
f 1135/1135/1135 1134/1134/1134 1133/1133/1133
f 1135/1135/1135 1137/1137/1137 1136/1136/1136
f 1138/1138/1138 1136/1136/1136 1137/1137/1137
f 1138/1138/1138 1137/1137/1137 1139/1139/1139
f 1139/1139/1139 1137/1137/1137 1134/1134/1134
f 1140/1140/1140 1138/1138/1138 1139/1139/1139
f 1140/1140/1140 1141/1141/1141 1138/1138/1138
f 1142/1142/1142 1141/1141/1141 1140/1140/1140
f 1142/1142/1142 1140/1140/1140 1143/1143/1143
f 1144/1144/1144 1142/1142/1142 1143/1143/1143
f 1144/1144/1144 1143/1143/1143 1145/1145/1145
f 1135/1135/1135 1136/1136/1136 1146/1146/1146
f 1139/1139/1139 1134/1134/1134 1147/1147/1147
f 1140/1140/1140 1139/1139/1139 1147/1147/1147
f 1140/1140/1140 1147/1147/1147 1148/1148/1148
f 1143/1143/1143 1140/1140/1140 1148/1148/1148
f 1143/1143/1143 1148/1148/1148 1149/1149/1149
f 1145/1145/1145 1143/1143/1143 1149/1149/1149
f 1145/1145/1145 1149/1149/1149 1150/1150/1150
f 1150/1150/1150 1151/1151/1151 1145/1145/1145
f 1150/1150/1150 1152/1152/1152 1151/1151/1151
f 1152/1152/1152 1153/1153/1153 1151/1151/1151
f 1152/1152/1152 1154/1154/1154 1153/1153/1153
f 1154/1154/1154 1155/1155/1155 1153/1153/1153
f 1154/1154/1154 1156/1156/1156 1155/1155/1155
f 1145/1145/1145 1151/1151/1151 1157/1157/1157
f 1145/1145/1145 1157/1157/1157 1144/1144/1144
f 1153/1153/1153 1155/1155/1155 1158/1158/1158
f 1153/1153/1153 1158/1158/1158 1159/1159/1159
f 1151/1151/1151 1153/1153/1153 1159/1159/1159
f 1151/1151/1151 1159/1159/1159 1157/1157/1157
f 1155/1155/1155 1160/1160/1160 1158/1158/1158
f 1163/1163/1163 1162/1162/1162 1161/1161/1161
f 1164/1164/1164 1162/1162/1162 1155/1155/1155
f 1164/1164/1164 1155/1155/1155 1165/1165/1165
f 1162/1162/1162 1164/1164/1164 1166/1166/1166
f 1162/1162/1162 1166/1166/1166 1167/1167/1167
f 1160/1160/1160 1162/1162/1162 1167/1167/1167
f 1160/1160/1160 1167/1167/1167 1168/1168/1168
f 1168/1168/1168 1167/1167/1167 1169/1169/1169
f 1168/1168/1168 1169/1169/1169 1170/1170/1170
f 1168/1168/1168 1170/1170/1170 1171/1171/1171
f 1170/1170/1170 1169/1169/1169 1172/1172/1172
f 1172/1172/1172 1169/1169/1169 1167/1167/1167
f 1172/1172/1172 1167/1167/1167 1166/1166/1166
f 1171/1171/1171 1170/1170/1170 1173/1173/1173
f 1170/1170/1170 1172/1172/1172 1173/1173/1173
f 1176/1176/1176 1175/1175/1175 1174/1174/1174
f 1176/1176/1176 1174/1174/1174 1177/1177/1177
f 1177/1177/1177 1178/1178/1178 1176/1176/1176
f 1177/1177/1177 1179/1179/1179 1178/1178/1178
f 1179/1179/1179 1180/1180/1180 1178/1178/1178
f 1180/1180/1180 1181/1181/1181 1178/1178/1178
f 1182/1182/1182 1181/1181/1181 1180/1180/1180
f 1182/1182/1182 1183/1183/1183 1181/1181/1181
f 1180/1180/1180 1184/1184/1184 1182/1182/1182
f 1180/1180/1180 1185/1185/1185 1184/1184/1184
f 1180/1180/1180 1186/1186/1186 1185/1185/1185
f 1180/1180/1180 1187/1187/1187 1186/1186/1186
f 1179/1179/1179 1187/1187/1187 1180/1180/1180
f 1188/1188/1188 1185/1185/1185 1186/1186/1186
f 1188/1188/1188 1189/1189/1189 1185/1185/1185
f 1190/1190/1190 1184/1184/1184 1185/1185/1185
f 1190/1190/1190 1185/1185/1185 1189/1189/1189
f 1191/1191/1191 1190/1190/1190 1189/1189/1189
f 1192/1192/1192 1191/1191/1191 1189/1189/1189
f 1183/1183/1183 1193/1193/1193 1181/1181/1181
f 1183/1183/1183 1194/1194/1194 1193/1193/1193
f 1194/1194/1194 1195/1195/1195 1193/1193/1193
f 1194/1194/1194 1196/1196/1196 1195/1195/1195
f 1195/1195/1195 1196/1196/1196 1197/1197/1197
f 1196/1196/1196 1198/1198/1198 1197/1197/1197
f 1193/1193/1193 1195/1195/1195 1199/1199/1199
f 1193/1193/1193 1199/1199/1199 1176/1176/1176
f 1176/1176/1176 1181/1181/1181 1193/1193/1193
f 1176/1176/1176 1200/1200/1200 1181/1181/1181
f 1176/1176/1176 1199/1199/1199 1175/1175/1175
f 1201/1201/1201 1174/1174/1174 1175/1175/1175
f 1201/1201/1201 1202/1202/1202 1174/1174/1174
f 1202/1202/1202 1201/1201/1201 1203/1203/1203
f 1202/1202/1202 1203/1203/1203 1204/1204/1204
f 1206/1206/1206 1205/1205/1205 1203/1203/1203
f 1206/1206/1206 1207/1207/1207 1205/1205/1205
f 1207/1207/1207 1206/1206/1206 1208/1208/1208
f 1207/1207/1207 1208/1208/1208 1209/1209/1209
f 1209/1209/1209 1208/1208/1208 1210/1210/1210
f 1209/1209/1209 1210/1210/1210 1211/1211/1211
f 1212/1212/1212 1211/1211/1211 1210/1210/1210
f 1212/1212/1212 1213/1213/1213 1211/1211/1211
f 1213/1213/1213 1212/1212/1212 1214/1214/1214
f 1213/1213/1213 1214/1214/1214 1215/1215/1215
f 1213/1213/1213 1215/1215/1215 1216/1216/1216
f 1213/1213/1213 1216/1216/1216 1217/1217/1217
f 1218/1218/1218 1217/1217/1217 1216/1216/1216
f 1218/1218/1218 1219/1219/1219 1217/1217/1217
f 1220/1220/1220 1219/1219/1219 1218/1218/1218
f 1220/1220/1220 1221/1221/1221 1219/1219/1219
f 1220/1220/1220 1222/1222/1222 1221/1221/1221
f 1215/1215/1215 1224/1224/1224 1223/1223/1223
f 1227/1227/1227 1226/1226/1226 1225/1225/1225
f 1227/1227/1227 1228/1228/1228 1226/1226/1226
f 1229/1229/1229 1226/1226/1226 1228/1228/1228
f 1229/1229/1229 1228/1228/1228 1230/1230/1230
f 1227/1227/1227 1231/1231/1231 1228/1228/1228
f 1231/1231/1231 1232/1232/1232 1228/1228/1228
f 1230/1230/1230 1233/1233/1233 1229/1229/1229
f 1230/1230/1230 1234/1234/1234 1233/1233/1233
f 1235/1235/1235 1234/1234/1234 1230/1230/1230
f 1235/1235/1235 1230/1230/1230 1236/1236/1236
f 1236/1236/1236 1230/1230/1230 1228/1228/1228
f 1236/1236/1236 1228/1228/1228 1232/1232/1232
f 1237/1237/1237 1236/1236/1236 1232/1232/1232
f 1238/1238/1238 1237/1237/1237 1232/1232/1232
f 1231/1231/1231 1239/1239/1239 1232/1232/1232
f 1239/1239/1239 1238/1238/1238 1232/1232/1232
f 1240/1240/1240 1226/1226/1226 1229/1229/1229
f 1241/1241/1241 1240/1240/1240 1229/1229/1229
f 1240/1240/1240 1242/1242/1242 1226/1226/1226
f 1243/1243/1243 1241/1241/1241 1229/1229/1229
f 1225/1225/1225 1226/1226/1226 1242/1242/1242
f 1245/1245/1245 1225/1225/1225 1244/1244/1244
f 1227/1227/1227 1244/1244/1244 1246/1246/1246
f 1246/1246/1246 1248/1248/1248 1247/1247/1247
f 1249/1249/1249 1246/1246/1246 1247/1247/1247
f 1249/1249/1249 1247/1247/1247 1250/1250/1250
f 1251/1251/1251 1249/1249/1249 1250/1250/1250
f 1251/1251/1251 1250/1250/1250 1252/1252/1252
f 1251/1251/1251 1252/1252/1252 1253/1253/1253
f 1251/1251/1251 1253/1253/1253 1254/1254/1254
f 1254/1254/1254 1253/1253/1253 1255/1255/1255
f 1254/1254/1254 1255/1255/1255 1256/1256/1256
f 1255/1255/1255 1257/1257/1257 1256/1256/1256
f 1255/1255/1255 1258/1258/1258 1257/1257/1257
f 1258/1258/1258 1259/1259/1259 1257/1257/1257
f 1258/1258/1258 1260/1260/1260 1259/1259/1259
f 1260/1260/1260 1261/1261/1261 1259/1259/1259
f 1260/1260/1260 1262/1262/1262 1261/1261/1261
f 1262/1262/1262 1263/1263/1263 1261/1261/1261
f 1262/1262/1262 1264/1264/1264 1263/1263/1263
f 1264/1264/1264 1265/1265/1265 1263/1263/1263
f 1264/1264/1264 1266/1266/1266 1265/1265/1265
f 1266/1266/1266 1267/1267/1267 1265/1265/1265
f 1270/1270/1270 1269/1269/1269 1268/1268/1268
f 1270/1270/1270 1272/1272/1272 1271/1271/1271
f 1270/1270/1270 1271/1271/1271 1273/1273/1273
f 1274/1274/1274 1273/1273/1273 1271/1271/1271
f 1274/1274/1274 1275/1275/1275 1273/1273/1273
f 1275/1275/1275 1268/1268/1268 1273/1273/1273
f 1276/1276/1276 1275/1275/1275 1274/1274/1274
f 1276/1276/1276 1274/1274/1274 1277/1277/1277
f 1278/1278/1278 1276/1276/1276 1277/1277/1277
f 1278/1278/1278 1279/1279/1279 1276/1276/1276
f 1280/1280/1280 1279/1279/1279 1278/1278/1278
f 1280/1280/1280 1281/1281/1281 1279/1279/1279
f 1275/1275/1275 1282/1282/1282 1268/1268/1268
f 1276/1276/1276 1282/1282/1282 1275/1275/1275
f 1276/1276/1276 1283/1283/1283 1282/1282/1282
f 1279/1279/1279 1283/1283/1283 1276/1276/1276
f 1279/1279/1279 1284/1284/1284 1283/1283/1283
f 1281/1281/1281 1284/1284/1284 1279/1279/1279
f 1281/1281/1281 1285/1285/1285 1284/1284/1284
f 1285/1285/1285 1281/1281/1281 1286/1286/1286
f 1285/1285/1285 1286/1286/1286 1287/1287/1287
f 1287/1287/1287 1286/1286/1286 1288/1288/1288
f 1287/1287/1287 1288/1288/1288 1289/1289/1289
f 1289/1289/1289 1288/1288/1288 1290/1290/1290
f 1289/1289/1289 1290/1290/1290 1291/1291/1291
f 1281/1281/1281 1280/1280/1280 1292/1292/1292
f 1281/1281/1281 1292/1292/1292 1286/1286/1286
f 1288/1288/1288 1293/1293/1293 1290/1290/1290
f 1288/1288/1288 1294/1294/1294 1293/1293/1293
f 1286/1286/1286 1292/1292/1292 1294/1294/1294
f 1286/1286/1286 1294/1294/1294 1288/1288/1288
f 1290/1290/1290 1293/1293/1293 1295/1295/1295
f 1290/1290/1290 1295/1295/1295 1296/1296/1296
f 1297/1297/1297 1290/1290/1290 1296/1296/1296
f 1297/1297/1297 1291/1291/1291 1290/1290/1290
f 1296/1296/1296 1298/1298/1298 1297/1297/1297
f 1296/1296/1296 1299/1299/1299 1298/1298/1298
f 1295/1295/1295 1299/1299/1299 1296/1296/1296
f 1295/1295/1295 1300/1300/1300 1299/1299/1299
f 1300/1300/1300 1301/1301/1301 1299/1299/1299
f 1300/1300/1300 1302/1302/1302 1301/1301/1301
f 1300/1300/1300 1303/1303/1303 1302/1302/1302
f 1302/1302/1302 1304/1304/1304 1301/1301/1301
f 1304/1304/1304 1298/1298/1298 1299/1299/1299
f 1304/1304/1304 1299/1299/1299 1301/1301/1301
f 1303/1303/1303 1305/1305/1305 1302/1302/1302
f 1302/1302/1302 1305/1305/1305 1304/1304/1304
f 1308/1308/1308 1307/1307/1307 1306/1306/1306
f 1308/1308/1308 1306/1306/1306 1309/1309/1309
f 1309/1309/1309 1310/1310/1310 1308/1308/1308
f 1309/1309/1309 1311/1311/1311 1310/1310/1310
f 1311/1311/1311 1312/1312/1312 1310/1310/1310
f 1312/1312/1312 1313/1313/1313 1310/1310/1310
f 1314/1314/1314 1313/1313/1313 1312/1312/1312
f 1314/1314/1314 1315/1315/1315 1313/1313/1313
f 1312/1312/1312 1316/1316/1316 1314/1314/1314
f 1312/1312/1312 1317/1317/1317 1316/1316/1316
f 1312/1312/1312 1318/1318/1318 1317/1317/1317
f 1312/1312/1312 1319/1319/1319 1318/1318/1318
f 1311/1311/1311 1319/1319/1319 1312/1312/1312
f 1320/1320/1320 1317/1317/1317 1318/1318/1318
f 1320/1320/1320 1321/1321/1321 1317/1317/1317
f 1322/1322/1322 1316/1316/1316 1317/1317/1317
f 1322/1322/1322 1317/1317/1317 1321/1321/1321
f 1323/1323/1323 1322/1322/1322 1321/1321/1321
f 1324/1324/1324 1323/1323/1323 1321/1321/1321
f 1315/1315/1315 1325/1325/1325 1313/1313/1313
f 1315/1315/1315 1326/1326/1326 1325/1325/1325
f 1326/1326/1326 1327/1327/1327 1325/1325/1325
f 1326/1326/1326 1328/1328/1328 1327/1327/1327
f 1327/1327/1327 1328/1328/1328 1329/1329/1329
f 1328/1328/1328 1330/1330/1330 1329/1329/1329
f 1325/1325/1325 1327/1327/1327 1331/1331/1331
f 1325/1325/1325 1331/1331/1331 1308/1308/1308
f 1308/1308/1308 1313/1313/1313 1325/1325/1325
f 1308/1308/1308 1332/1332/1332 1313/1313/1313
f 1308/1308/1308 1331/1331/1331 1307/1307/1307
f 1333/1333/1333 1306/1306/1306 1307/1307/1307
f 1333/1333/1333 1334/1334/1334 1306/1306/1306
f 1334/1334/1334 1333/1333/1333 1335/1335/1335
f 1334/1334/1334 1335/1335/1335 1336/1336/1336
f 1338/1338/1338 1337/1337/1337 1335/1335/1335
f 1338/1338/1338 1339/1339/1339 1337/1337/1337
f 1339/1339/1339 1338/1338/1338 1340/1340/1340
f 1339/1339/1339 1340/1340/1340 1341/1341/1341
f 1341/1341/1341 1340/1340/1340 1342/1342/1342
f 1341/1341/1341 1342/1342/1342 1343/1343/1343
f 1344/1344/1344 1343/1343/1343 1342/1342/1342
f 1344/1344/1344 1345/1345/1345 1343/1343/1343
f 1345/1345/1345 1344/1344/1344 1346/1346/1346
f 1345/1345/1345 1346/1346/1346 1347/1347/1347
f 1345/1345/1345 1347/1347/1347 1348/1348/1348
f 1345/1345/1345 1348/1348/1348 1349/1349/1349
f 1350/1350/1350 1349/1349/1349 1348/1348/1348
f 1350/1350/1350 1351/1351/1351 1349/1349/1349
f 1352/1352/1352 1351/1351/1351 1350/1350/1350
f 1352/1352/1352 1353/1353/1353 1351/1351/1351
f 1352/1352/1352 1354/1354/1354 1353/1353/1353
f 1347/1347/1347 1356/1356/1356 1355/1355/1355
f 1359/1359/1359 1358/1358/1358 1357/1357/1357
f 1359/1359/1359 1357/1357/1357 1360/1360/1360
f 1361/1361/1361 1357/1357/1357 1358/1358/1358
f 1361/1361/1361 1358/1358/1358 1362/1362/1362
f 1362/1362/1362 1358/1358/1358 1363/1363/1363
f 1359/1359/1359 1363/1363/1363 1358/1358/1358
f 1362/1362/1362 1363/1363/1363 1364/1364/1364
f 1359/1359/1359 1365/1365/1365 1363/1363/1363
f 1365/1365/1365 1366/1366/1366 1363/1363/1363
f 1364/1364/1364 1367/1367/1367 1362/1362/1362
f 1364/1364/1364 1368/1368/1368 1367/1367/1367
f 1369/1369/1369 1368/1368/1368 1364/1364/1364
f 1369/1369/1369 1364/1364/1364 1370/1370/1370
f 1370/1370/1370 1364/1364/1364 1363/1363/1363
f 1370/1370/1370 1363/1363/1363 1366/1366/1366
f 1371/1371/1371 1370/1370/1370 1366/1366/1366
f 1372/1372/1372 1371/1371/1371 1366/1366/1366
f 1365/1365/1365 1373/1373/1373 1366/1366/1366
f 1373/1373/1373 1372/1372/1372 1366/1366/1366
f 1374/1374/1374 1361/1361/1361 1362/1362/1362
f 1375/1375/1375 1374/1374/1374 1362/1362/1362
f 1377/1377/1377 1360/1360/1360 1376/1376/1376
f 1359/1359/1359 1376/1376/1376 1378/1378/1378
f 1378/1378/1378 1380/1380/1380 1379/1379/1379
f 1381/1381/1381 1378/1378/1378 1379/1379/1379
f 1381/1381/1381 1379/1379/1379 1382/1382/1382
f 1383/1383/1383 1381/1381/1381 1382/1382/1382
f 1383/1383/1383 1382/1382/1382 1384/1384/1384
f 1383/1383/1383 1384/1384/1384 1385/1385/1385
f 1383/1383/1383 1385/1385/1385 1386/1386/1386
f 1386/1386/1386 1385/1385/1385 1387/1387/1387
f 1386/1386/1386 1387/1387/1387 1388/1388/1388
f 1387/1387/1387 1389/1389/1389 1388/1388/1388
f 1387/1387/1387 1390/1390/1390 1389/1389/1389
f 1390/1390/1390 1391/1391/1391 1389/1389/1389
f 1390/1390/1390 1392/1392/1392 1391/1391/1391
f 1392/1392/1392 1393/1393/1393 1391/1391/1391
f 1392/1392/1392 1394/1394/1394 1393/1393/1393
f 1394/1394/1394 1395/1395/1395 1393/1393/1393
f 1394/1394/1394 1396/1396/1396 1395/1395/1395
f 1396/1396/1396 1397/1397/1397 1395/1395/1395
f 1396/1396/1396 1398/1398/1398 1397/1397/1397
f 1398/1398/1398 1399/1399/1399 1397/1397/1397
f 1402/1402/1402 1401/1401/1401 1400/1400/1400
f 1402/1402/1402 1400/1400/1400 1403/1403/1403
f 1400/1400/1400 1404/1404/1404 1403/1403/1403
f 1400/1400/1400 1405/1405/1405 1404/1404/1404
f 1405/1405/1405 1406/1406/1406 1404/1404/1404
f 1402/1402/1402 1407/1407/1407 1401/1401/1401
f 1402/1402/1402 1408/1408/1408 1407/1407/1407
f 1406/1406/1406 1409/1409/1409 1404/1404/1404
f 1410/1410/1410 1409/1409/1409 1406/1406/1406
f 1410/1410/1410 1411/1411/1411 1409/1409/1409
f 1412/1412/1412 1411/1411/1411 1410/1410/1410
f 1412/1412/1412 1413/1413/1413 1411/1411/1411
f 1414/1414/1414 1413/1413/1413 1412/1412/1412
f 1414/1414/1414 1412/1412/1412 1415/1415/1415
f 1416/1416/1416 1414/1414/1414 1415/1415/1415
f 1416/1416/1416 1415/1415/1415 1417/1417/1417
f 1418/1418/1418 1416/1416/1416 1417/1417/1417
f 1418/1418/1418 1417/1417/1417 1419/1419/1419
f 1420/1420/1420 1418/1418/1418 1419/1419/1419
f 1420/1420/1420 1419/1419/1419 1421/1421/1421
f 1422/1422/1422 1420/1420/1420 1421/1421/1421
f 1422/1422/1422 1421/1421/1421 1423/1423/1423
f 1424/1424/1424 1422/1422/1422 1423/1423/1423
f 1424/1424/1424 1423/1423/1423 1425/1425/1425
f 1426/1426/1426 1424/1424/1424 1425/1425/1425
f 1429/1429/1429 1428/1428/1428 1427/1427/1427
f 1429/1429/1429 1427/1427/1427 1430/1430/1430
f 1431/1431/1431 1428/1428/1428 1429/1429/1429
f 1431/1431/1431 1432/1432/1432 1428/1428/1428
f 1433/1433/1433 1432/1432/1432 1431/1431/1431
f 1433/1433/1433 1434/1434/1434 1432/1432/1432
f 1433/1433/1433 1435/1435/1435 1434/1434/1434
f 1433/1433/1433 1436/1436/1436 1435/1435/1435
f 1436/1436/1436 1437/1437/1437 1435/1435/1435
f 1436/1436/1436 1438/1438/1438 1437/1437/1437
f 1438/1438/1438 1439/1439/1439 1437/1437/1437
f 1438/1438/1438 1440/1440/1440 1439/1439/1439
f 1440/1440/1440 1441/1441/1441 1439/1439/1439
f 1440/1440/1440 1442/1442/1442 1441/1441/1441
f 1442/1442/1442 1443/1443/1443 1441/1441/1441
f 1442/1442/1442 1444/1444/1444 1443/1443/1443
f 1445/1445/1445 1430/1430/1430 1427/1427/1427
f 1445/1445/1445 1447/1447/1447 1446/1446/1446
f 1445/1445/1445 1446/1446/1446 1448/1448/1448
f 1445/1445/1445 1448/1448/1448 1430/1430/1430
f 1451/1451/1451 1450/1450/1450 1449/1449/1449
f 1451/1451/1451 1449/1449/1449 1452/1452/1452
f 1450/1450/1450 1453/1453/1453 1449/1449/1449
f 1450/1450/1450 1454/1454/1454 1453/1453/1453
f 1454/1454/1454 1455/1455/1455 1453/1453/1453
f 1454/1454/1454 1456/1456/1456 1455/1455/1455
f 1456/1456/1456 1457/1457/1457 1455/1455/1455
f 1456/1456/1456 1458/1458/1458 1457/1457/1457
f 1458/1458/1458 1459/1459/1459 1457/1457/1457
f 1458/1458/1458 1460/1460/1460 1459/1459/1459
f 1460/1460/1460 1461/1461/1461 1459/1459/1459
f 1460/1460/1460 1462/1462/1462 1461/1461/1461
f 1462/1462/1462 1463/1463/1463 1461/1461/1461
f 1462/1462/1462 1464/1464/1464 1463/1463/1463
f 1464/1464/1464 1451/1451/1451 1452/1452/1452
f 1464/1464/1464 1452/1452/1452 1463/1463/1463
f 1467/1467/1467 1466/1466/1466 1465/1465/1465
f 1465/1465/1465 1468/1468/1468 1467/1467/1467
f 1465/1465/1465 1469/1469/1469 1468/1468/1468
f 1469/1469/1469 1470/1470/1470 1468/1468/1468
f 1469/1469/1469 1471/1471/1471 1470/1470/1470
f 1471/1471/1471 1472/1472/1472 1470/1470/1470
f 1475/1475/1475 1474/1474/1474 1473/1473/1473
f 1475/1475/1475 1473/1473/1473 1476/1476/1476
f 1474/1474/1474 1477/1477/1477 1473/1473/1473
f 1474/1474/1474 1478/1478/1478 1477/1477/1477
f 1476/1476/1476 1479/1479/1479 1475/1475/1475
f 1476/1476/1476 1480/1480/1480 1479/1479/1479
f 1477/1477/1477 1478/1478/1478 1481/1481/1481
f 1477/1477/1477 1481/1481/1481 1482/1482/1482
f 1481/1481/1481 1483/1483/1483 1482/1482/1482
f 1481/1481/1481 1484/1484/1484 1483/1483/1483
f 1484/1484/1484 1485/1485/1485 1483/1483/1483
f 1488/1488/1488 1487/1487/1487 1486/1486/1486
f 1486/1486/1486 1487/1487/1487 1489/1489/1489
f 1487/1487/1487 1490/1490/1490 1489/1489/1489
f 1487/1487/1487 1491/1491/1491 1490/1490/1490
f 1492/1492/1492 1486/1486/1486 1489/1489/1489
f 1492/1492/1492 1489/1489/1489 1493/1493/1493
f 1489/1489/1489 1490/1490/1490 1494/1494/1494
f 1489/1489/1489 1494/1494/1494 1495/1495/1495
f 1493/1493/1493 1489/1489/1489 1495/1495/1495
f 1493/1493/1493 1495/1495/1495 1496/1496/1496
f 1494/1494/1494 1497/1497/1497 1495/1495/1495
f 1495/1495/1495 1497/1497/1497 1496/1496/1496
f 1500/1500/1500 1499/1499/1499 1498/1498/1498
f 1500/1500/1500 1498/1498/1498 1501/1501/1501
f 1500/1500/1500 1501/1501/1501 1502/1502/1502
f 1503/1503/1503 1498/1498/1498 1499/1499/1499
f 1503/1503/1503 1504/1504/1504 1498/1498/1498
f 1503/1503/1503 1505/1505/1505 1504/1504/1504
f 1502/1502/1502 1501/1501/1501 1506/1506/1506
f 1506/1506/1506 1507/1507/1507 1502/1502/1502
f 1506/1506/1506 1508/1508/1508 1507/1507/1507
f 1508/1508/1508 1509/1509/1509 1507/1507/1507
f 1508/1508/1508 1510/1510/1510 1509/1509/1509
f 1510/1510/1510 1511/1511/1511 1509/1509/1509
f 1510/1510/1510 1512/1512/1512 1511/1511/1511
f 1515/1515/1515 1514/1514/1514 1513/1513/1513
f 1515/1515/1515 1513/1513/1513 1516/1516/1516
f 1517/1517/1517 1513/1513/1513 1514/1514/1514
f 1517/1517/1517 1514/1514/1514 1518/1518/1518
f 1519/1519/1519 1517/1517/1517 1518/1518/1518
f 1519/1519/1519 1518/1518/1518 1520/1520/1520
f 1521/1521/1521 1519/1519/1519 1520/1520/1520
f 1521/1521/1521 1520/1520/1520 1522/1522/1522
f 1523/1523/1523 1521/1521/1521 1522/1522/1522
f 1523/1523/1523 1522/1522/1522 1524/1524/1524
f 1525/1525/1525 1523/1523/1523 1524/1524/1524
f 1525/1525/1525 1524/1524/1524 1526/1526/1526
f 1527/1527/1527 1525/1525/1525 1526/1526/1526
f 1527/1527/1527 1526/1526/1526 1528/1528/1528
f 1529/1529/1529 1527/1527/1527 1528/1528/1528
f 1529/1529/1529 1528/1528/1528 1530/1530/1530
f 1531/1531/1531 1529/1529/1529 1530/1530/1530
f 1531/1531/1531 1530/1530/1530 1532/1532/1532
f 1535/1535/1535 1534/1534/1534 1533/1533/1533
f 1538/1538/1538 1537/1537/1537 1536/1536/1536
f 1538/1538/1538 1536/1536/1536 1539/1539/1539
f 1540/1540/1540 1539/1539/1539 1536/1536/1536
f 1542/1542/1542 1541/1541/1541 1537/1537/1537
f 1542/1542/1542 1543/1543/1543 1541/1541/1541
f 1543/1543/1543 1544/1544/1544 1541/1541/1541
f 1543/1543/1543 1545/1545/1545 1544/1544/1544
f 1545/1545/1545 1546/1546/1546 1544/1544/1544
f 1545/1545/1545 1547/1547/1547 1546/1546/1546
f 1547/1547/1547 1548/1548/1548 1546/1546/1546
f 1547/1547/1547 1549/1549/1549 1548/1548/1548
f 1552/1552/1552 1551/1551/1551 1550/1550/1550
f 1552/1552/1552 1554/1554/1554 1553/1553/1553
f 1552/1552/1552 1553/1553/1553 1555/1555/1555
f 1556/1556/1556 1555/1555/1555 1553/1553/1553
f 1556/1556/1556 1557/1557/1557 1555/1555/1555
f 1557/1557/1557 1550/1550/1550 1555/1555/1555
f 1558/1558/1558 1557/1557/1557 1556/1556/1556
f 1558/1558/1558 1556/1556/1556 1559/1559/1559
f 1560/1560/1560 1558/1558/1558 1559/1559/1559
f 1560/1560/1560 1561/1561/1561 1558/1558/1558
f 1562/1562/1562 1561/1561/1561 1560/1560/1560
f 1562/1562/1562 1563/1563/1563 1561/1561/1561
f 1557/1557/1557 1564/1564/1564 1550/1550/1550
f 1558/1558/1558 1564/1564/1564 1557/1557/1557
f 1558/1558/1558 1565/1565/1565 1564/1564/1564
f 1561/1561/1561 1565/1565/1565 1558/1558/1558
f 1561/1561/1561 1566/1566/1566 1565/1565/1565
f 1563/1563/1563 1566/1566/1566 1561/1561/1561
f 1563/1563/1563 1567/1567/1567 1566/1566/1566
f 1567/1567/1567 1563/1563/1563 1568/1568/1568
f 1567/1567/1567 1568/1568/1568 1569/1569/1569
f 1569/1569/1569 1568/1568/1568 1570/1570/1570
f 1569/1569/1569 1570/1570/1570 1571/1571/1571
f 1571/1571/1571 1570/1570/1570 1572/1572/1572
f 1571/1571/1571 1572/1572/1572 1573/1573/1573
f 1563/1563/1563 1562/1562/1562 1574/1574/1574
f 1563/1563/1563 1574/1574/1574 1568/1568/1568
f 1570/1570/1570 1575/1575/1575 1572/1572/1572
f 1570/1570/1570 1576/1576/1576 1575/1575/1575
f 1568/1568/1568 1574/1574/1574 1576/1576/1576
f 1568/1568/1568 1576/1576/1576 1570/1570/1570
f 1572/1572/1572 1575/1575/1575 1577/1577/1577
f 1572/1572/1572 1577/1577/1577 1578/1578/1578
f 1579/1579/1579 1572/1572/1572 1578/1578/1578
f 1579/1579/1579 1573/1573/1573 1572/1572/1572
f 1578/1578/1578 1580/1580/1580 1579/1579/1579
f 1578/1578/1578 1581/1581/1581 1580/1580/1580
f 1577/1577/1577 1581/1581/1581 1578/1578/1578
f 1577/1577/1577 1582/1582/1582 1581/1581/1581
f 1582/1582/1582 1583/1583/1583 1581/1581/1581
f 1582/1582/1582 1584/1584/1584 1583/1583/1583
f 1582/1582/1582 1585/1585/1585 1584/1584/1584
f 1584/1584/1584 1586/1586/1586 1583/1583/1583
f 1586/1586/1586 1580/1580/1580 1581/1581/1581
f 1586/1586/1586 1581/1581/1581 1583/1583/1583
f 1585/1585/1585 1587/1587/1587 1584/1584/1584
f 1584/1584/1584 1587/1587/1587 1586/1586/1586
f 1590/1590/1590 1589/1589/1589 1588/1588/1588
f 1590/1590/1590 1588/1588/1588 1591/1591/1591
f 1592/1592/1592 1590/1590/1590 1591/1591/1591
f 1592/1592/1592 1591/1591/1591 1593/1593/1593
f 1594/1594/1594 1592/1592/1592 1593/1593/1593
f 1594/1594/1594 1593/1593/1593 1595/1595/1595
f 1596/1596/1596 1594/1594/1594 1595/1595/1595
f 1596/1596/1596 1595/1595/1595 1597/1597/1597
f 1598/1598/1598 1596/1596/1596 1597/1597/1597
f 1601/1601/1601 1600/1600/1600 1599/1599/1599
f 1601/1601/1601 1599/1599/1599 1602/1602/1602
f 1600/1600/1600 1603/1603/1603 1599/1599/1599
f 1600/1600/1600 1604/1604/1604 1603/1603/1603
f 1604/1604/1604 1605/1605/1605 1603/1603/1603
f 1604/1604/1604 1606/1606/1606 1605/1605/1605
f 1606/1606/1606 1607/1607/1607 1605/1605/1605
f 1606/1606/1606 1608/1608/1608 1607/1607/1607
f 1608/1608/1608 1609/1609/1609 1607/1607/1607
f 1608/1608/1608 1610/1610/1610 1609/1609/1609
f 1610/1610/1610 1611/1611/1611 1609/1609/1609
f 1610/1610/1610 1612/1612/1612 1611/1611/1611
f 1612/1612/1612 1613/1613/1613 1611/1611/1611
f 1612/1612/1612 1614/1614/1614 1613/1613/1613
f 1615/1615/1615 1601/1601/1601 1602/1602/1602
f 1614/1614/1614 1616/1616/1616 1613/1613/1613
f 1614/1614/1614 1617/1617/1617 1616/1616/1616
f 1617/1617/1617 1618/1618/1618 1616/1616/1616
f 1621/1621/1621 1620/1620/1620 1619/1619/1619
f 1624/1624/1624 1623/1623/1623 1622/1622/1622
f 1622/1622/1622 1625/1625/1625 1624/1624/1624
f 1625/1625/1625 1626/1626/1626 1624/1624/1624
f 1625/1625/1625 1627/1627/1627 1626/1626/1626
f 1625/1625/1625 1628/1628/1628 1627/1627/1627
f 1622/1622/1622 1623/1623/1623 1515/1515/1515
f 1622/1622/1622 1515/1515/1515 1516/1516/1516
f 1631/1631/1631 1630/1630/1630 1629/1629/1629
f 1631/1631/1631 1629/1629/1629 1632/1632/1632
f 1633/1633/1633 1629/1629/1629 1630/1630/1630
f 1633/1633/1633 1630/1630/1630 1634/1634/1634
f 1635/1635/1635 1633/1633/1633 1634/1634/1634
f 1635/1635/1635 1634/1634/1634 1636/1636/1636
f 1636/1636/1636 1637/1637/1637 1635/1635/1635
f 1636/1636/1636 1638/1638/1638 1637/1637/1637
f 1639/1639/1639 1637/1637/1637 1638/1638/1638
f 1638/1638/1638 1640/1640/1640 1639/1639/1639
f 1641/1641/1641 1639/1639/1639 1640/1640/1640
f 1641/1641/1641 1642/1642/1642 1639/1639/1639
f 1639/1639/1639 1643/1643/1643 1637/1637/1637
f 1644/1644/1644 1643/1643/1643 1639/1639/1639
f 1644/1644/1644 1645/1645/1645 1643/1643/1643
f 1646/1646/1646 1645/1645/1645 1644/1644/1644
f 1646/1646/1646 1647/1647/1647 1645/1645/1645
f 1646/1646/1646 1648/1648/1648 1647/1647/1647
f 1648/1648/1648 1649/1649/1649 1647/1647/1647
f 1652/1652/1652 1651/1651/1651 1650/1650/1650
f 1653/1653/1653 1652/1652/1652 1650/1650/1650
f 1653/1653/1653 1650/1650/1650 1654/1654/1654
f 1655/1655/1655 1653/1653/1653 1654/1654/1654
f 1652/1652/1652 1656/1656/1656 1651/1651/1651
f 1656/1656/1656 1657/1657/1657 1651/1651/1651
f 1656/1656/1656 1631/1631/1631 1657/1657/1657
f 1631/1631/1631 1632/1632/1632 1657/1657/1657
f 1660/1660/1660 1659/1659/1659 1658/1658/1658
f 1660/1660/1660 1658/1658/1658 1661/1661/1661
f 1664/1664/1664 1663/1663/1663 1662/1662/1662
f 1664/1664/1664 1662/1662/1662 1665/1665/1665
f 1668/1668/1668 1667/1667/1667 1666/1666/1666
f 1668/1668/1668 1666/1666/1666 1669/1669/1669
f 1672/1672/1672 1671/1671/1671 1670/1670/1670
f 1672/1672/1672 1670/1670/1670 1673/1673/1673
f 1674/1674/1674 1672/1672/1672 1673/1673/1673
f 1674/1674/1674 1673/1673/1673 1675/1675/1675
f 1670/1670/1670 1676/1676/1676 1673/1673/1673
f 1677/1677/1677 1675/1675/1675 1673/1673/1673
f 1676/1676/1676 1677/1677/1677 1673/1673/1673
f 1677/1677/1677 1678/1678/1678 1675/1675/1675
f 1678/1678/1678 1679/1679/1679 1675/1675/1675
f 1680/1680/1680 1675/1675/1675 1679/1679/1679
f 1681/1681/1681 1680/1680/1680 1679/1679/1679
f 1681/1681/1681 1679/1679/1679 1682/1682/1682
f 1681/1681/1681 1682/1682/1682 1683/1683/1683
f 1681/1681/1681 1683/1683/1683 1684/1684/1684
f 1685/1685/1685 1684/1684/1684 1683/1683/1683
f 1685/1685/1685 1683/1683/1683 1686/1686/1686
f 1680/1680/1680 1687/1687/1687 1675/1675/1675
f 1688/1688/1688 1685/1685/1685 1686/1686/1686
f 1688/1688/1688 1686/1686/1686 1689/1689/1689
f 1688/1688/1688 1689/1689/1689 1690/1690/1690
f 1688/1688/1688 1690/1690/1690 1691/1691/1691
f 1692/1692/1692 1682/1682/1682 1679/1679/1679
f 1678/1678/1678 1692/1692/1692 1679/1679/1679
f 1692/1692/1692 1693/1693/1693 1682/1682/1682
f 1694/1694/1694 1686/1686/1686 1683/1683/1683
f 1682/1682/1682 1693/1693/1693 1694/1694/1694
f 1682/1682/1682 1694/1694/1694 1683/1683/1683
f 1694/1694/1694 1695/1695/1695 1686/1686/1686
f 1686/1686/1686 1695/1695/1695 1696/1696/1696
f 1686/1686/1686 1696/1696/1696 1689/1689/1689
f 1697/1697/1697 1690/1690/1690 1689/1689/1689
f 1697/1697/1697 1689/1689/1689 1696/1696/1696
f 1698/1698/1698 1691/1691/1691 1690/1690/1690
f 1698/1698/1698 1690/1690/1690 1699/1699/1699
f 1699/1699/1699 1700/1700/1700 1698/1698/1698
f 1690/1690/1690 1697/1697/1697 1701/1701/1701
f 1701/1701/1701 1699/1699/1699 1690/1690/1690
f 1687/1687/1687 1703/1703/1703 1702/1702/1702
f 1704/1704/1704 1702/1702/1702 1703/1703/1703
f 1704/1704/1704 1703/1703/1703 1705/1705/1705
f 1705/1705/1705 1703/1703/1703 1706/1706/1706
f 1707/1707/1707 1706/1706/1706 1703/1703/1703
f 1708/1708/1708 1706/1706/1706 1707/1707/1707
f 1708/1708/1708 1709/1709/1709 1706/1706/1706
f 1708/1708/1708 1710/1710/1710 1709/1709/1709
f 1708/1708/1708 1711/1711/1711 1710/1710/1710
f 1712/1712/1712 1710/1710/1710 1711/1711/1711
f 1712/1712/1712 1713/1713/1713 1710/1710/1710
f 1707/1707/1707 1703/1703/1703 1674/1674/1674
f 1714/1714/1714 1713/1713/1713 1712/1712/1712
f 1714/1714/1714 1715/1715/1715 1713/1713/1713
f 1714/1714/1714 1716/1716/1716 1715/1715/1715
f 1714/1714/1714 1717/1717/1717 1716/1716/1716
f 1718/1718/1718 1706/1706/1706 1709/1709/1709
f 1705/1705/1705 1706/1706/1706 1718/1718/1718
f 1718/1718/1718 1709/1709/1709 1719/1719/1719
f 1720/1720/1720 1710/1710/1710 1713/1713/1713
f 1709/1709/1709 1710/1710/1710 1720/1720/1720
f 1709/1709/1709 1720/1720/1720 1719/1719/1719
f 1720/1720/1720 1713/1713/1713 1721/1721/1721
f 1713/1713/1713 1715/1715/1715 1722/1722/1722
f 1713/1713/1713 1722/1722/1722 1721/1721/1721
f 1723/1723/1723 1722/1722/1722 1715/1715/1715
f 1723/1723/1723 1715/1715/1715 1716/1716/1716
f 1724/1724/1724 1716/1716/1716 1717/1717/1717
f 1724/1724/1724 1725/1725/1725 1716/1716/1716
f 1725/1725/1725 1724/1724/1724 1726/1726/1726
f 1716/1716/1716 1727/1727/1727 1723/1723/1723
f 1727/1727/1727 1716/1716/1716 1725/1725/1725
f 1671/1671/1671 1728/1728/1728 1670/1670/1670
f 1671/1671/1671 1729/1729/1729 1728/1728/1728
f 1732/1732/1732 1731/1731/1731 1730/1730/1730
f 1733/1733/1733 1732/1732/1732 1730/1730/1730
f 1733/1733/1733 1730/1730/1730 1734/1734/1734
f 1735/1735/1735 1733/1733/1733 1734/1734/1734
f 1735/1735/1735 1734/1734/1734 1736/1736/1736
f 1737/1737/1737 1735/1735/1735 1736/1736/1736
f 1737/1737/1737 1736/1736/1736 1738/1738/1738
f 1737/1737/1737 1738/1738/1738 1739/1739/1739
f 1740/1740/1740 1737/1737/1737 1739/1739/1739
f 1732/1732/1732 1741/1741/1741 1731/1731/1731
f 1732/1732/1732 1677/1677/1677 1741/1741/1741
f 1744/1744/1744 1743/1743/1743 1742/1742/1742
f 1745/1745/1745 1743/1743/1743 1744/1744/1744
f 1744/1744/1744 1746/1746/1746 1745/1745/1745
f 1747/1747/1747 1745/1745/1745 1746/1746/1746
f 1747/1747/1747 1748/1748/1748 1745/1745/1745
f 1747/1747/1747 1749/1749/1749 1748/1748/1748
f 1749/1749/1749 1750/1750/1750 1748/1748/1748
f 1749/1749/1749 1751/1751/1751 1750/1750/1750
f 1749/1749/1749 1752/1752/1752 1751/1751/1751
f 1752/1752/1752 1753/1753/1753 1751/1751/1751
f 1752/1752/1752 1754/1754/1754 1753/1753/1753
f 1754/1754/1754 1755/1755/1755 1753/1753/1753
f 1754/1754/1754 1756/1756/1756 1755/1755/1755
f 1748/1748/1748 1757/1757/1757 1745/1745/1745
f 1757/1757/1757 1758/1758/1758 1745/1745/1745
f 1745/1745/1745 1758/1758/1758 1743/1743/1743
f 1757/1757/1757 1759/1759/1759 1758/1758/1758
f 1750/1750/1750 1760/1760/1760 1748/1748/1748
f 1748/1748/1748 1760/1760/1760 1757/1757/1757
f 1757/1757/1757 1760/1760/1760 1761/1761/1761
f 1757/1757/1757 1761/1761/1761 1762/1762/1762
f 1757/1757/1757 1762/1762/1762 1763/1763/1763
f 1757/1757/1757 1763/1763/1763 1764/1764/1764
f 1759/1759/1759 1757/1757/1757 1764/1764/1764
f 1761/1761/1761 1765/1765/1765 1762/1762/1762
f 1766/1766/1766 1755/1755/1755 1756/1756/1756
f 1767/1767/1767 1766/1766/1766 1756/1756/1756
f 1767/1767/1767 1768/1768/1768 1766/1766/1766
f 1767/1767/1767 1769/1769/1769 1768/1768/1768
f 1769/1769/1769 1770/1770/1770 1768/1768/1768
f 1769/1769/1769 1771/1771/1771 1770/1770/1770
f 1771/1771/1771 1772/1772/1772 1770/1770/1770
f 1771/1771/1771 1773/1773/1773 1772/1772/1772
f 1772/1772/1772 1773/1773/1773 1774/1774/1774
f 1774/1774/1774 1775/1775/1775 1772/1772/1772
f 1776/1776/1776 1772/1772/1772 1775/1775/1775
f 1776/1776/1776 1777/1777/1777 1772/1772/1772
f 1770/1770/1770 1772/1772/1772 1777/1777/1777
f 1778/1778/1778 1776/1776/1776 1775/1775/1775
f 1774/1774/1774 1779/1779/1779 1775/1775/1775
f 1779/1779/1779 1778/1778/1778 1775/1775/1775
f 1779/1779/1779 1780/1780/1780 1778/1778/1778
f 1780/1780/1780 1781/1781/1781 1778/1778/1778
f 1768/1768/1768 1782/1782/1782 1766/1766/1766
f 1768/1768/1768 1770/1770/1770 1782/1782/1782
f 1770/1770/1770 1777/1777/1777 1783/1783/1783
f 1766/1766/1766 1782/1782/1782 1755/1755/1755
f 1785/1785/1785 1784/1784/1784 1783/1783/1783
f 1786/1786/1786 1784/1784/1784 1785/1785/1785
f 1786/1786/1786 1785/1785/1785 1787/1787/1787
f 1786/1786/1786 1788/1788/1788 1784/1784/1784
f 1787/1787/1787 1785/1785/1785 1789/1789/1789
f 1785/1785/1785 1783/1783/1783 1789/1789/1789
f 1787/1787/1787 1789/1789/1789 1790/1790/1790
f 1790/1790/1790 1789/1789/1789 1791/1791/1791
f 1790/1790/1790 1791/1791/1791 1792/1792/1792
f 1791/1791/1791 1793/1793/1793 1792/1792/1792
f 1793/1793/1793 1791/1791/1791 1794/1794/1794
f 1795/1795/1795 1794/1794/1794 1791/1791/1791
f 1795/1795/1795 1791/1791/1791 1796/1796/1796
f 1789/1789/1789 1796/1796/1796 1791/1791/1791
f 1797/1797/1797 1794/1794/1794 1795/1795/1795
f 1793/1793/1793 1794/1794/1794 1798/1798/1798
f 1798/1798/1798 1794/1794/1794 1797/1797/1797
f 1798/1798/1798 1797/1797/1797 1799/1799/1799
f 1799/1799/1799 1797/1797/1797 1800/1800/1800
f 1784/1784/1784 1788/1788/1788 1801/1801/1801
f 1802/1802/1802 1801/1801/1801 1788/1788/1788
f 1802/1802/1802 1803/1803/1803 1801/1801/1801
f 1804/1804/1804 1803/1803/1803 1802/1802/1802
f 1804/1804/1804 1805/1805/1805 1803/1803/1803
f 1806/1806/1806 1805/1805/1805 1804/1804/1804
f 1806/1806/1806 1807/1807/1807 1805/1805/1805
f 1806/1806/1806 1808/1808/1808 1807/1807/1807
f 1809/1809/1809 1808/1808/1808 1806/1806/1806
f 1809/1809/1809 1810/1810/1810 1808/1808/1808
f 1809/1809/1809 1811/1811/1811 1810/1810/1810
f 1812/1812/1812 1810/1810/1810 1811/1811/1811
f 1808/1808/1808 1810/1810/1810 1813/1813/1813
f 1813/1813/1813 1810/1810/1810 1814/1814/1814
f 1813/1813/1813 1814/1814/1814 1815/1815/1815
f 1807/1807/1807 1808/1808/1808 1816/1816/1816
f 1808/1808/1808 1813/1813/1813 1816/1816/1816
f 1813/1813/1813 1817/1817/1817 1816/1816/1816
f 1813/1813/1813 1818/1818/1818 1817/1817/1817
f 1813/1813/1813 1819/1819/1819 1818/1818/1818
f 1813/1813/1813 1820/1820/1820 1819/1819/1819
f 1815/1815/1815 1820/1820/1820 1813/1813/1813
f 1817/1817/1817 1818/1818/1818 1821/1821/1821
f 1810/1810/1810 1812/1812/1812 1822/1822/1822
f 1810/1810/1810 1822/1822/1822 1814/1814/1814
f 1814/1814/1814 1822/1822/1822 1823/1823/1823
f 1814/1814/1814 1823/1823/1823 1824/1824/1824
f 1815/1815/1815 1825/1825/1825 1824/1824/1824
f 1815/1815/1815 1824/1824/1824 1826/1826/1826
f 1822/1822/1822 1827/1827/1827 1823/1823/1823
f 1812/1812/1812 1827/1827/1827 1822/1822/1822
f 1812/1812/1812 1828/1828/1828 1827/1827/1827
f 1815/1815/1815 1829/1829/1829 1820/1820/1820
f 1826/1826/1826 1829/1829/1829 1815/1815/1815
f 1826/1826/1826 1830/1830/1830 1829/1829/1829
f 1833/1833/1833 1832/1832/1832 1831/1831/1831
f 1833/1833/1833 1759/1759/1759 1832/1832/1832
f 1759/1759/1759 1833/1833/1833 1834/1834/1834
f 1759/1759/1759 1834/1834/1834 1835/1835/1835
f 1759/1759/1759 1764/1764/1764 1832/1832/1832
f 1758/1758/1758 1834/1834/1834 1836/1836/1836
f 1758/1758/1758 1836/1836/1836 1743/1743/1743
f 1743/1743/1743 1836/1836/1836 1742/1742/1742
f 1744/1744/1744 1742/1742/1742 1837/1837/1837
f 1840/1840/1840 1839/1839/1839 1838/1838/1838
f 1840/1840/1840 1838/1838/1838 1841/1841/1841
f 1842/1842/1842 1838/1838/1838 1839/1839/1839
f 1842/1842/1842 1843/1843/1843 1838/1838/1838
f 1842/1842/1842 1844/1844/1844 1843/1843/1843
f 1847/1847/1847 1846/1846/1846 1845/1845/1845
f 1850/1850/1850 1849/1849/1849 1848/1848/1848
f 1850/1850/1850 1848/1848/1848 1851/1851/1851
f 1849/1849/1849 1850/1850/1850 1852/1852/1852
f 1849/1849/1849 1852/1852/1852 1853/1853/1853
f 1853/1853/1853 1852/1852/1852 1854/1854/1854
f 1854/1854/1854 1852/1852/1852 1855/1855/1855
f 1856/1856/1856 1854/1854/1854 1855/1855/1855
f 1856/1856/1856 1855/1855/1855 1857/1857/1857
f 1854/1854/1854 1856/1856/1856 1858/1858/1858
f 1854/1854/1854 1858/1858/1858 1859/1859/1859
f 1854/1854/1854 1859/1859/1859 1860/1860/1860
f 1854/1854/1854 1860/1860/1860 1861/1861/1861
f 1853/1853/1853 1854/1854/1854 1861/1861/1861
f 1862/1862/1862 1860/1860/1860 1859/1859/1859
f 1862/1862/1862 1859/1859/1859 1863/1863/1863
f 1864/1864/1864 1863/1863/1863 1859/1859/1859
f 1864/1864/1864 1859/1859/1859 1858/1858/1858
f 1865/1865/1865 1863/1863/1863 1864/1864/1864
f 1866/1866/1866 1863/1863/1863 1865/1865/1865
f 1857/1857/1857 1855/1855/1855 1867/1867/1867
f 1857/1857/1857 1867/1867/1867 1868/1868/1868
f 1868/1868/1868 1867/1867/1867 1869/1869/1869
f 1868/1868/1868 1869/1869/1869 1870/1870/1870
f 1869/1869/1869 1871/1871/1871 1870/1870/1870
f 1870/1870/1870 1871/1871/1871 1872/1872/1872
f 1867/1867/1867 1873/1873/1873 1869/1869/1869
f 1867/1867/1867 1850/1850/1850 1873/1873/1873
f 1850/1850/1850 1867/1867/1867 1855/1855/1855
f 1850/1850/1850 1855/1855/1855 1874/1874/1874
f 1850/1850/1850 1851/1851/1851 1873/1873/1873
f 1875/1875/1875 1851/1851/1851 1848/1848/1848
f 1875/1875/1875 1848/1848/1848 1876/1876/1876
f 1876/1876/1876 1877/1877/1877 1875/1875/1875
f 1876/1876/1876 1878/1878/1878 1877/1877/1877
f 1880/1880/1880 1877/1877/1877 1879/1879/1879
f 1880/1880/1880 1879/1879/1879 1881/1881/1881
f 1881/1881/1881 1882/1882/1882 1880/1880/1880
f 1881/1881/1881 1883/1883/1883 1882/1882/1882
f 1883/1883/1883 1884/1884/1884 1882/1882/1882
f 1883/1883/1883 1885/1885/1885 1884/1884/1884
f 1886/1886/1886 1884/1884/1884 1885/1885/1885
f 1886/1886/1886 1885/1885/1885 1887/1887/1887
f 1887/1887/1887 1888/1888/1888 1886/1886/1886
f 1887/1887/1887 1889/1889/1889 1888/1888/1888
f 1887/1887/1887 1890/1890/1890 1889/1889/1889
f 1887/1887/1887 1891/1891/1891 1890/1890/1890
f 1892/1892/1892 1890/1890/1890 1891/1891/1891
f 1892/1892/1892 1891/1891/1891 1893/1893/1893
f 1894/1894/1894 1892/1892/1892 1893/1893/1893
f 1894/1894/1894 1893/1893/1893 1895/1895/1895
f 1894/1894/1894 1895/1895/1895 1896/1896/1896
f 1889/1889/1889 1898/1898/1898 1897/1897/1897
f 1901/1901/1901 1900/1900/1900 1899/1899/1899
f 1901/1901/1901 1899/1899/1899 1902/1902/1902
f 1903/1903/1903 1902/1902/1902 1899/1899/1899
f 1903/1903/1903 1904/1904/1904 1902/1902/1902
f 1904/1904/1904 1905/1905/1905 1902/1902/1902
f 1901/1901/1901 1902/1902/1902 1905/1905/1905
f 1904/1904/1904 1906/1906/1906 1905/1905/1905
f 1901/1901/1901 1905/1905/1905 1907/1907/1907
f 1907/1907/1907 1905/1905/1905 1908/1908/1908
f 1906/1906/1906 1904/1904/1904 1909/1909/1909
f 1906/1906/1906 1909/1909/1909 1910/1910/1910
f 1911/1911/1911 1906/1906/1906 1910/1910/1910
f 1911/1911/1911 1912/1912/1912 1906/1906/1906
f 1912/1912/1912 1908/1908/1908 1905/1905/1905
f 1912/1912/1912 1905/1905/1905 1906/1906/1906
f 1913/1913/1913 1908/1908/1908 1912/1912/1912
f 1914/1914/1914 1908/1908/1908 1913/1913/1913
f 1907/1907/1907 1908/1908/1908 1915/1915/1915
f 1915/1915/1915 1908/1908/1908 1914/1914/1914
f 1916/1916/1916 1904/1904/1904 1903/1903/1903
f 1917/1917/1917 1904/1904/1904 1916/1916/1916
f 1920/1920/1920 1919/1919/1919 1918/1918/1918
f 1921/1921/1921 1919/1919/1919 1920/1920/1920
f 1921/1921/1921 1922/1922/1922 1919/1919/1919
f 1923/1923/1923 1922/1922/1922 1921/1921/1921
f 1923/1923/1923 1924/1924/1924 1922/1922/1922
f 1923/1923/1923 1925/1925/1925 1924/1924/1924
f 1923/1923/1923 1926/1926/1926 1925/1925/1925
f 1926/1926/1926 1927/1927/1927 1925/1925/1925
f 1926/1926/1926 1928/1928/1928 1927/1927/1927
f 1927/1927/1927 1928/1928/1928 1929/1929/1929
f 1927/1927/1927 1929/1929/1929 1930/1930/1930
f 1930/1930/1930 1929/1929/1929 1931/1931/1931
f 1930/1930/1930 1931/1931/1931 1932/1932/1932
f 1932/1932/1932 1931/1931/1931 1933/1933/1933
f 1932/1932/1932 1933/1933/1933 1934/1934/1934
f 1934/1934/1934 1933/1933/1933 1935/1935/1935
f 1934/1934/1934 1935/1935/1935 1936/1936/1936
f 1936/1936/1936 1935/1935/1935 1937/1937/1937
f 1936/1936/1936 1937/1937/1937 1938/1938/1938
f 1938/1938/1938 1937/1937/1937 1939/1939/1939
f 1901/1901/1901 1920/1920/1920 1940/1940/1940
f 1941/1941/1941 1940/1940/1940 1900/1900/1900
f 1944/1944/1944 1943/1943/1943 1942/1942/1942
f 1944/1944/1944 1942/1942/1942 1945/1945/1945
f 1942/1942/1942 1943/1943/1943 1946/1946/1946
f 1942/1942/1942 1946/1946/1946 1947/1947/1947
f 1947/1947/1947 1946/1946/1946 1948/1948/1948
f 1944/1944/1944 1945/1945/1945 1949/1949/1949
f 1944/1944/1944 1949/1949/1949 1950/1950/1950
f 1948/1948/1948 1946/1946/1946 1951/1951/1951
f 1952/1952/1952 1948/1948/1948 1951/1951/1951
f 1952/1952/1952 1951/1951/1951 1953/1953/1953
f 1954/1954/1954 1952/1952/1952 1953/1953/1953
f 1954/1954/1954 1953/1953/1953 1955/1955/1955
f 1956/1956/1956 1954/1954/1954 1955/1955/1955
f 1956/1956/1956 1957/1957/1957 1954/1954/1954
f 1958/1958/1958 1957/1957/1957 1956/1956/1956
f 1958/1958/1958 1959/1959/1959 1957/1957/1957
f 1960/1960/1960 1959/1959/1959 1958/1958/1958
f 1960/1960/1960 1961/1961/1961 1959/1959/1959
f 1962/1962/1962 1961/1961/1961 1960/1960/1960
f 1962/1962/1962 1963/1963/1963 1961/1961/1961
f 1964/1964/1964 1963/1963/1963 1962/1962/1962
f 1964/1964/1964 1965/1965/1965 1963/1963/1963
f 1966/1966/1966 1965/1965/1965 1964/1964/1964
f 1966/1966/1966 1967/1967/1967 1965/1965/1965
f 1968/1968/1968 1967/1967/1967 1966/1966/1966
f 1971/1971/1971 1970/1970/1970 1969/1969/1969
f 1971/1971/1971 1969/1969/1969 1972/1972/1972
f 1973/1973/1973 1971/1971/1971 1972/1972/1972
f 1973/1973/1973 1972/1972/1972 1974/1974/1974
f 1975/1975/1975 1973/1973/1973 1974/1974/1974
f 1975/1975/1975 1974/1974/1974 1976/1976/1976
f 1975/1975/1975 1976/1976/1976 1977/1977/1977
f 1975/1975/1975 1977/1977/1977 1978/1978/1978
f 1978/1978/1978 1977/1977/1977 1979/1979/1979
f 1978/1978/1978 1979/1979/1979 1980/1980/1980
f 1980/1980/1980 1979/1979/1979 1981/1981/1981
f 1980/1980/1980 1981/1981/1981 1982/1982/1982
f 1982/1982/1982 1981/1981/1981 1983/1983/1983
f 1982/1982/1982 1983/1983/1983 1984/1984/1984
f 1984/1984/1984 1983/1983/1983 1985/1985/1985
f 1984/1984/1984 1985/1985/1985 1986/1986/1986
f 1987/1987/1987 1969/1969/1969 1970/1970/1970
f 1987/1987/1987 1970/1970/1970 1988/1988/1988
f 1987/1987/1987 1988/1988/1988 1989/1989/1989
f 1987/1987/1987 1989/1989/1989 1990/1990/1990
f 1993/1993/1993 1992/1992/1992 1991/1991/1991
f 1993/1993/1993 1991/1991/1991 1994/1994/1994
f 1994/1994/1994 1991/1991/1991 1995/1995/1995
f 1994/1994/1994 1995/1995/1995 1996/1996/1996
f 1996/1996/1996 1995/1995/1995 1997/1997/1997
f 1996/1996/1996 1997/1997/1997 1998/1998/1998
f 1998/1998/1998 1997/1997/1997 1999/1999/1999
f 1998/1998/1998 1999/1999/1999 2000/2000/2000
f 2000/2000/2000 1999/1999/1999 2001/2001/2001
f 2000/2000/2000 2001/2001/2001 2002/2002/2002
f 2002/2002/2002 2001/2001/2001 2003/2003/2003
f 2002/2002/2002 2003/2003/2003 2004/2004/2004
f 2004/2004/2004 2003/2003/2003 2005/2005/2005
f 2004/2004/2004 2005/2005/2005 2006/2006/2006
f 2006/2006/2006 2005/2005/2005 1992/1992/1992
f 2006/2006/2006 1992/1992/1992 1993/1993/1993
f 2009/2009/2009 2008/2008/2008 2007/2007/2007
f 2007/2007/2007 2010/2010/2010 2009/2009/2009
f 2007/2007/2007 2011/2011/2011 2010/2010/2010
f 2011/2011/2011 2012/2012/2012 2010/2010/2010
f 2011/2011/2011 2013/2013/2013 2012/2012/2012
f 2013/2013/2013 2014/2014/2014 2012/2012/2012
f 2017/2017/2017 2016/2016/2016 2015/2015/2015
f 2017/2017/2017 2015/2015/2015 2018/2018/2018
f 2018/2018/2018 2015/2015/2015 2019/2019/2019
f 2018/2018/2018 2019/2019/2019 2020/2020/2020
f 2016/2016/2016 2017/2017/2017 2021/2021/2021
f 2016/2016/2016 2021/2021/2021 2022/2022/2022
f 2019/2019/2019 2023/2023/2023 2020/2020/2020
f 2019/2019/2019 2024/2024/2024 2023/2023/2023
f 2023/2023/2023 2024/2024/2024 2025/2025/2025
f 2023/2023/2023 2025/2025/2025 2026/2026/2026
f 2026/2026/2026 2025/2025/2025 2027/2027/2027
f 2030/2030/2030 2029/2029/2029 2028/2028/2028
f 2029/2029/2029 2031/2031/2031 2028/2028/2028
f 2028/2028/2028 2031/2031/2031 2032/2032/2032
f 2028/2028/2028 2032/2032/2032 2033/2033/2033
f 2034/2034/2034 2031/2031/2031 2029/2029/2029
f 2034/2034/2034 2035/2035/2035 2031/2031/2031
f 2031/2031/2031 2036/2036/2036 2032/2032/2032
f 2031/2031/2031 2037/2037/2037 2036/2036/2036
f 2035/2035/2035 2037/2037/2037 2031/2031/2031
f 2035/2035/2035 2038/2038/2038 2037/2037/2037
f 2036/2036/2036 2037/2037/2037 2039/2039/2039
f 2037/2037/2037 2038/2038/2038 2039/2039/2039
f 2042/2042/2042 2041/2041/2041 2040/2040/2040
f 2042/2042/2042 2043/2043/2043 2041/2041/2041
f 2042/2042/2042 2044/2044/2044 2043/2043/2043
f 2045/2045/2045 2040/2040/2040 2041/2041/2041
f 2045/2045/2045 2041/2041/2041 2046/2046/2046
f 2045/2045/2045 2046/2046/2046 2047/2047/2047
f 2044/2044/2044 2048/2048/2048 2043/2043/2043
f 2048/2048/2048 2044/2044/2044 2049/2049/2049
f 2048/2048/2048 2049/2049/2049 2050/2050/2050
f 2050/2050/2050 2049/2049/2049 2051/2051/2051
f 2050/2050/2050 2051/2051/2051 2052/2052/2052
f 2052/2052/2052 2051/2051/2051 2053/2053/2053
f 2052/2052/2052 2053/2053/2053 2054/2054/2054
f 2057/2057/2057 2056/2056/2056 2055/2055/2055
f 2057/2057/2057 2055/2055/2055 2058/2058/2058
f 2059/2059/2059 2058/2058/2058 2055/2055/2055
f 2059/2059/2059 2060/2060/2060 2058/2058/2058
f 2061/2061/2061 2060/2060/2060 2059/2059/2059
f 2061/2061/2061 2062/2062/2062 2060/2060/2060
f 2063/2063/2063 2062/2062/2062 2061/2061/2061
f 2063/2063/2063 2064/2064/2064 2062/2062/2062
f 2065/2065/2065 2064/2064/2064 2063/2063/2063
f 2065/2065/2065 2066/2066/2066 2064/2064/2064
f 2067/2067/2067 2066/2066/2066 2065/2065/2065
f 2067/2067/2067 2068/2068/2068 2066/2066/2066
f 2069/2069/2069 2068/2068/2068 2067/2067/2067
f 2069/2069/2069 2070/2070/2070 2068/2068/2068
f 2071/2071/2071 2070/2070/2070 2069/2069/2069
f 2071/2071/2071 2072/2072/2072 2070/2070/2070
f 2073/2073/2073 2072/2072/2072 2071/2071/2071
f 2073/2073/2073 2074/2074/2074 2072/2072/2072
f 2077/2077/2077 2076/2076/2076 2075/2075/2075
f 2080/2080/2080 2079/2079/2079 2078/2078/2078
f 2080/2080/2080 2078/2078/2078 2081/2081/2081
f 2082/2082/2082 2078/2078/2078 2079/2079/2079
f 2084/2084/2084 2081/2081/2081 2083/2083/2083
f 2084/2084/2084 2083/2083/2083 2085/2085/2085
f 2085/2085/2085 2083/2083/2083 2086/2086/2086
f 2085/2085/2085 2086/2086/2086 2087/2087/2087
f 2087/2087/2087 2086/2086/2086 2088/2088/2088
f 2087/2087/2087 2088/2088/2088 2089/2089/2089
f 2089/2089/2089 2088/2088/2088 2090/2090/2090
f 2089/2089/2089 2090/2090/2090 2091/2091/2091
f 2094/2094/2094 2093/2093/2093 2092/2092/2092
f 2094/2094/2094 2096/2096/2096 2095/2095/2095
f 2097/2097/2097 2095/2095/2095 2096/2096/2096
f 2097/2097/2097 2096/2096/2096 2098/2098/2098
f 2098/2098/2098 2096/2096/2096 2093/2093/2093
f 2099/2099/2099 2097/2097/2097 2098/2098/2098
f 2099/2099/2099 2100/2100/2100 2097/2097/2097
f 2101/2101/2101 2100/2100/2100 2099/2099/2099
f 2101/2101/2101 2099/2099/2099 2102/2102/2102
f 2103/2103/2103 2101/2101/2101 2102/2102/2102
f 2103/2103/2103 2102/2102/2102 2104/2104/2104
f 2094/2094/2094 2095/2095/2095 2105/2105/2105
f 2098/2098/2098 2093/2093/2093 2106/2106/2106
f 2099/2099/2099 2098/2098/2098 2106/2106/2106
f 2099/2099/2099 2106/2106/2106 2107/2107/2107
f 2102/2102/2102 2099/2099/2099 2107/2107/2107
f 2102/2102/2102 2107/2107/2107 2108/2108/2108
f 2104/2104/2104 2102/2102/2102 2108/2108/2108
f 2104/2104/2104 2108/2108/2108 2109/2109/2109
f 2109/2109/2109 2110/2110/2110 2104/2104/2104
f 2109/2109/2109 2111/2111/2111 2110/2110/2110
f 2111/2111/2111 2112/2112/2112 2110/2110/2110
f 2111/2111/2111 2113/2113/2113 2112/2112/2112
f 2113/2113/2113 2114/2114/2114 2112/2112/2112
f 2113/2113/2113 2115/2115/2115 2114/2114/2114
f 2104/2104/2104 2110/2110/2110 2116/2116/2116
f 2104/2104/2104 2116/2116/2116 2103/2103/2103
f 2112/2112/2112 2114/2114/2114 2117/2117/2117
f 2112/2112/2112 2117/2117/2117 2118/2118/2118
f 2110/2110/2110 2112/2112/2112 2118/2118/2118
f 2110/2110/2110 2118/2118/2118 2116/2116/2116
f 2114/2114/2114 2119/2119/2119 2117/2117/2117
f 2114/2114/2114 2120/2120/2120 2119/2119/2119
f 2121/2121/2121 2120/2120/2120 2114/2114/2114
f 2121/2121/2121 2114/2114/2114 2115/2115/2115
f 2120/2120/2120 2121/2121/2121 2122/2122/2122
f 2120/2120/2120 2122/2122/2122 2123/2123/2123
f 2119/2119/2119 2120/2120/2120 2123/2123/2123
f 2119/2119/2119 2123/2123/2123 2124/2124/2124
f 2124/2124/2124 2123/2123/2123 2125/2125/2125
f 2124/2124/2124 2125/2125/2125 2126/2126/2126
f 2124/2124/2124 2126/2126/2126 2127/2127/2127
f 2126/2126/2126 2125/2125/2125 2128/2128/2128
f 2128/2128/2128 2125/2125/2125 2123/2123/2123
f 2128/2128/2128 2123/2123/2123 2122/2122/2122
f 2127/2127/2127 2126/2126/2126 2129/2129/2129
f 2126/2126/2126 2128/2128/2128 2129/2129/2129
f 2132/2132/2132 2131/2131/2131 2130/2130/2130
f 2132/2132/2132 2130/2130/2130 2133/2133/2133
f 2134/2134/2134 2131/2131/2131 2132/2132/2132
f 2134/2134/2134 2135/2135/2135 2131/2131/2131
f 2136/2136/2136 2135/2135/2135 2134/2134/2134
f 2136/2136/2136 2137/2137/2137 2135/2135/2135
f 2138/2138/2138 2137/2137/2137 2136/2136/2136
f 2138/2138/2138 2139/2139/2139 2137/2137/2137
f 2140/2140/2140 2139/2139/2139 2138/2138/2138
f 2143/2143/2143 2142/2142/2142 2141/2141/2141
f 2143/2143/2143 2141/2141/2141 2144/2144/2144
f 2144/2144/2144 2141/2141/2141 2145/2145/2145
f 2144/2144/2144 2145/2145/2145 2146/2146/2146
f 2146/2146/2146 2145/2145/2145 2147/2147/2147
f 2146/2146/2146 2147/2147/2147 2148/2148/2148
f 2148/2148/2148 2147/2147/2147 2149/2149/2149
f 2148/2148/2148 2149/2149/2149 2150/2150/2150
f 2150/2150/2150 2149/2149/2149 2151/2151/2151
f 2150/2150/2150 2151/2151/2151 2152/2152/2152
f 2152/2152/2152 2151/2151/2151 2153/2153/2153
f 2152/2152/2152 2153/2153/2153 2154/2154/2154
f 2154/2154/2154 2153/2153/2153 2155/2155/2155
f 2154/2154/2154 2155/2155/2155 2156/2156/2156
f 2157/2157/2157 2142/2142/2142 2143/2143/2143
f 2156/2156/2156 2155/2155/2155 2158/2158/2158
f 2156/2156/2156 2158/2158/2158 2159/2159/2159
f 2159/2159/2159 2158/2158/2158 2160/2160/2160
f 2163/2163/2163 2162/2162/2162 2161/2161/2161
f 2166/2166/2166 2165/2165/2165 2164/2164/2164
f 2164/2164/2164 2167/2167/2167 2166/2166/2166
f 2164/2164/2164 2168/2168/2168 2167/2167/2167
f 2167/2167/2167 2168/2168/2168 2169/2169/2169
f 2167/2167/2167 2169/2169/2169 2170/2170/2170
f 2166/2166/2166 2057/2057/2057 2165/2165/2165
f 2166/2166/2166 2056/2056/2056 2057/2057/2057
f 2173/2173/2173 2172/2172/2172 2171/2171/2171
f 2173/2173/2173 2171/2171/2171 2174/2174/2174
f 2175/2175/2175 2174/2174/2174 2171/2171/2171
f 2175/2175/2175 2176/2176/2176 2174/2174/2174
f 2177/2177/2177 2176/2176/2176 2175/2175/2175
f 2177/2177/2177 2178/2178/2178 2176/2176/2176
f 2178/2178/2178 2177/2177/2177 2179/2179/2179
f 2178/2178/2178 2179/2179/2179 2180/2180/2180
f 2181/2181/2181 2180/2180/2180 2179/2179/2179
f 2180/2180/2180 2181/2181/2181 2182/2182/2182
f 2183/2183/2183 2182/2182/2182 2181/2181/2181
f 2183/2183/2183 2181/2181/2181 2184/2184/2184
f 2181/2181/2181 2179/2179/2179 2185/2185/2185
f 2186/2186/2186 2181/2181/2181 2185/2185/2185
f 2186/2186/2186 2185/2185/2185 2187/2187/2187
f 2188/2188/2188 2186/2186/2186 2187/2187/2187
f 2191/2191/2191 2190/2190/2190 2189/2189/2189
f 2188/2188/2188 2189/2189/2189 2192/2192/2192
f 2192/2192/2192 2189/2189/2189 2193/2193/2193
f 2196/2196/2196 2195/2195/2195 2194/2194/2194
f 2197/2197/2197 2195/2195/2195 2196/2196/2196
f 2197/2197/2197 2198/2198/2198 2195/2195/2195
f 2199/2199/2199 2198/2198/2198 2197/2197/2197
f 2196/2196/2196 2194/2194/2194 2200/2200/2200
f 2200/2200/2200 2194/2194/2194 2201/2201/2201
f 2200/2200/2200 2201/2201/2201 2173/2173/2173
f 2173/2173/2173 2201/2201/2201 2202/2202/2202
f 2205/2205/2205 2204/2204/2204 2203/2203/2203
f 2205/2205/2205 2203/2203/2203 2206/2206/2206
f 2209/2209/2209 2208/2208/2208 2207/2207/2207
f 2209/2209/2209 2207/2207/2207 2210/2210/2210
f 2213/2213/2213 2212/2212/2212 2211/2211/2211
f 2213/2213/2213 2211/2211/2211 2214/2214/2214
f 2216/2216/2216 1702/1702/1702 2215/2215/2215
f 2216/2216/2216 2215/2215/2215 2217/2217/2217
f 1687/1687/1687 1702/1702/1702 2216/2216/2216
f 2215/2215/2215 1702/1702/1702 2218/2218/2218
f 2217/2217/2217 2215/2215/2215 2219/2219/2219
f 2218/2218/2218 1702/1702/1702 1704/1704/1704
f 2217/2217/2217 2219/2219/2219 2220/2220/2220
f 2222/2222/2222 2221/2221/2221 1704/1704/1704
f 2222/2222/2222 2223/2223/2223 2221/2221/2221
f 2222/2222/2222 2224/2224/2224 2223/2223/2223
f 2225/2225/2225 2224/2224/2224 2222/2222/2222
f 2225/2225/2225 2226/2226/2226 2224/2224/2224
f 2227/2227/2227 2226/2226/2226 2225/2225/2225
f 2227/2227/2227 2228/2228/2228 2226/2226/2226
f 2229/2229/2229 2228/2228/2228 2227/2227/2227
f 2229/2229/2229 2230/2230/2230 2228/2228/2228
f 2229/2229/2229 2231/2231/2231 2230/2230/2230
f 2232/2232/2232 2231/2231/2231 2229/2229/2229
f 2235/2235/2235 2234/2234/2234 2233/2233/2233
f 2235/2235/2235 2236/2236/2236 2234/2234/2234
f 2237/2237/2237 2233/2233/2233 2234/2234/2234
f 2237/2237/2237 2234/2234/2234 2238/2238/2238
f 2237/2237/2237 2238/2238/2238 2239/2239/2239
f 1789/1789/1789 1782/1782/1782 2240/2240/2240
f 2243/2243/2243 2242/2242/2242 2241/2241/2241
f 1784/1784/1784 1801/1801/1801 1783/1783/1783
f 2246/2246/2246 2245/2245/2245 2244/2244/2244
f 2244/2244/2244 2245/2245/2245 2247/2247/2247
f 2244/2244/2244 2247/2247/2247 2248/2248/2248
f 2248/2248/2248 2249/2249/2249 2244/2244/2244
f 2248/2248/2248 2250/2250/2250 2249/2249/2249
f 2246/2246/2246 2244/2244/2244 2251/2251/2251
f 2244/2244/2244 2252/2252/2252 2251/2251/2251
f 2244/2244/2244 2253/2253/2253 2252/2252/2252
f 2254/2254/2254 2253/2253/2253 2244/2244/2244
f 2254/2254/2254 2244/2244/2244 2249/2249/2249
f 2255/2255/2255 2254/2254/2254 2249/2249/2249
f 2256/2256/2256 2249/2249/2249 2250/2250/2250
f 2249/2249/2249 2256/2256/2256 2257/2257/2257
f 2249/2249/2249 2257/2257/2257 2258/2258/2258
f 2255/2255/2255 2249/2249/2249 2258/2258/2258
f 2258/2258/2258 2257/2257/2257 2259/2259/2259
f 2255/2255/2255 2258/2258/2258 2260/2260/2260
f 2258/2258/2258 2261/2261/2261 2260/2260/2260
f 2260/2260/2260 2261/2261/2261 2262/2262/2262
f 2259/2259/2259 2257/2257/2257 2263/2263/2263
f 2266/2266/2266 2265/2265/2265 2264/2264/2264
f 2266/2266/2266 2264/2264/2264 2267/2267/2267
f 2267/2267/2267 2264/2264/2264 2268/2268/2268
f 2267/2267/2267 2268/2268/2268 2269/2269/2269
f 2268/2268/2268 2270/2270/2270 2269/2269/2269
f 2268/2268/2268 2271/2271/2271 2270/2270/2270
f 2271/2271/2271 2272/2272/2272 2270/2270/2270
f 2271/2271/2271 2273/2273/2273 2272/2272/2272
f 2274/2274/2274 2272/2272/2272 2273/2273/2273
f 2274/2274/2274 2275/2275/2275 2272/2272/2272
f 2275/2275/2275 2274/2274/2274 2276/2276/2276
f 2275/2275/2275 2276/2276/2276 2277/2277/2277
f 2278/2278/2278 2277/2277/2277 2276/2276/2276
f 2278/2278/2278 2276/2276/2276 2279/2279/2279
f 2266/2266/2266 2280/2280/2280 2265/2265/2265
f 2266/2266/2266 2281/2281/2281 2280/2280/2280
f 2281/2281/2281 2282/2282/2282 2280/2280/2280
f 2281/2281/2281 2283/2283/2283 2282/2282/2282
f 2282/2282/2282 2283/2283/2283 2284/2284/2284
f 2282/2282/2282 2284/2284/2284 2285/2285/2285
f 2285/2285/2285 2284/2284/2284 2286/2286/2286
f 2285/2285/2285 2286/2286/2286 2287/2287/2287
f 2288/2288/2288 2287/2287/2287 2286/2286/2286
f 2288/2288/2288 2286/2286/2286 2289/2289/2289
f 2289/2289/2289 2290/2290/2290 2288/2288/2288
f 2289/2289/2289 2291/2291/2291 2290/2290/2290
f 2292/2292/2292 2290/2290/2290 2291/2291/2291
f 2292/2292/2292 2293/2293/2293 2290/2290/2290
f 2296/2296/2296 2295/2295/2295 2294/2294/2294
f 2296/2296/2296 2294/2294/2294 2297/2297/2297
f 2297/2297/2297 2294/2294/2294 2298/2298/2298
f 2298/2298/2298 2294/2294/2294 2299/2299/2299
f 2300/2300/2300 2299/2299/2299 2294/2294/2294
f 2300/2300/2300 2294/2294/2294 2301/2301/2301
f 2297/2297/2297 2298/2298/2298 2302/2302/2302
f 2303/2303/2303 2297/2297/2297 2302/2302/2302
f 2304/2304/2304 2294/2294/2294 2295/2295/2295
f 2305/2305/2305 2294/2294/2294 2304/2304/2304
f 2303/2303/2303 2307/2307/2307 2306/2306/2306
f 2303/2303/2303 2306/2306/2306 2308/2308/2308
f 2308/2308/2308 2306/2306/2306 2309/2309/2309
f 2308/2308/2308 2309/2309/2309 2296/2296/2296
f 2309/2309/2309 2306/2306/2306 2310/2310/2310
f 2309/2309/2309 2310/2310/2310 2311/2311/2311
f 2311/2311/2311 2310/2310/2310 2312/2312/2312
f 2310/2310/2310 2313/2313/2313 2312/2312/2312
f 2310/2310/2310 2314/2314/2314 2313/2313/2313
f 2315/2315/2315 2307/2307/2307 2314/2314/2314
f 2315/2315/2315 2314/2314/2314 2310/2310/2310
f 2311/2311/2311 2312/2312/2312 2316/2316/2316
f 2316/2316/2316 2312/2312/2312 2317/2317/2317
f 2318/2318/2318 2312/2312/2312 2313/2313/2313
f 2318/2318/2318 2319/2319/2319 2312/2312/2312
f 2317/2317/2317 2312/2312/2312 2320/2320/2320
f 2323/2323/2323 2322/2322/2322 2321/2321/2321
f 2323/2323/2323 2321/2321/2321 2324/2324/2324
f 2325/2325/2325 2324/2324/2324 2321/2321/2321
f 2325/2325/2325 2321/2321/2321 2326/2326/2326
f 2327/2327/2327 2322/2322/2322 2323/2323/2323
f 2327/2327/2327 2323/2323/2323 2328/2328/2328
f 2329/2329/2329 2325/2325/2325 2326/2326/2326
f 2329/2329/2329 2326/2326/2326 2330/2330/2330
f 2331/2331/2331 2330/2330/2330 2326/2326/2326
f 2331/2331/2331 2326/2326/2326 2332/2332/2332
f 2321/2321/2321 2332/2332/2332 2326/2326/2326
f 2334/2334/2334 2330/2330/2330 2333/2333/2333
f 2334/2334/2334 2333/2333/2333 2335/2335/2335
f 2336/2336/2336 2330/2330/2330 2334/2334/2334
f 2336/2336/2336 2334/2334/2334 2337/2337/2337
f 2338/2338/2338 2337/2337/2337 2334/2334/2334
f 2338/2338/2338 2334/2334/2334 2339/2339/2339
f 2336/2336/2336 2337/2337/2337 2340/2340/2340
f 2341/2341/2341 2340/2340/2340 2337/2337/2337
f 2339/2339/2339 2334/2334/2334 2342/2342/2342
f 2342/2342/2342 2334/2334/2334 2343/2343/2343
f 2341/2341/2341 2345/2345/2345 2344/2344/2344
f 2341/2341/2341 2344/2344/2344 2346/2346/2346
f 2347/2347/2347 2344/2344/2344 2345/2345/2345
f 2347/2347/2347 2345/2345/2345 2338/2338/2338
f 2348/2348/2348 2344/2344/2344 2347/2347/2347
f 2348/2348/2348 2347/2347/2347 2349/2349/2349
f 2350/2350/2350 2348/2348/2348 2349/2349/2349
f 2351/2351/2351 2348/2348/2348 2350/2350/2350
f 2351/2351/2351 2352/2352/2352 2348/2348/2348
f 2352/2352/2352 2346/2346/2346 2353/2353/2353
f 2352/2352/2352 2353/2353/2353 2348/2348/2348
f 2350/2350/2350 2349/2349/2349 2354/2354/2354
f 2350/2350/2350 2355/2355/2355 2351/2351/2351
f 2350/2350/2350 2356/2356/2356 2355/2355/2355
f 2354/2354/2354 2357/2357/2357 2350/2350/2350
f 2350/2350/2350 2357/2357/2357 2358/2358/2358
f 2361/2361/2361 2360/2360/2360 2359/2359/2359
f 2361/2361/2361 2359/2359/2359 2299/2299/2299
f 2362/2362/2362 2359/2359/2359 2360/2360/2360
f 2365/2365/2365 2364/2364/2364 2363/2363/2363
f 2364/2364/2364 2366/2366/2366 2363/2363/2363
f 2364/2364/2364 2367/2367/2367 2366/2366/2366
f 2367/2367/2367 2364/2364/2364 2368/2368/2368
f 2367/2367/2367 2368/2368/2368 2369/2369/2369
f 2365/2365/2365 2370/2370/2370 2364/2364/2364
f 2364/2364/2364 2370/2370/2370 2371/2371/2371
f 2364/2364/2364 2371/2371/2371 2372/2372/2372
f 2373/2373/2373 2368/2368/2368 2364/2364/2364
f 2373/2373/2373 2364/2364/2364 2372/2372/2372
f 2374/2374/2374 2368/2368/2368 2373/2373/2373
f 2375/2375/2375 2369/2369/2369 2368/2368/2368
f 2368/2368/2368 2376/2376/2376 2375/2375/2375
f 2368/2368/2368 2377/2377/2377 2376/2376/2376
f 2374/2374/2374 2377/2377/2377 2368/2368/2368
f 2377/2377/2377 2378/2378/2378 2376/2376/2376
f 2374/2374/2374 2379/2379/2379 2377/2377/2377
f 2377/2377/2377 2379/2379/2379 2380/2380/2380
f 2379/2379/2379 2381/2381/2381 2380/2380/2380
f 2378/2378/2378 2382/2382/2382 2376/2376/2376
f 2385/2385/2385 2384/2384/2384 2383/2383/2383
f 2385/2385/2385 2383/2383/2383 2386/2386/2386
f 2384/2384/2384 2387/2387/2387 2383/2383/2383
f 2384/2384/2384 2388/2388/2388 2387/2387/2387
f 2387/2387/2387 2388/2388/2388 2389/2389/2389
f 2387/2387/2387 2389/2389/2389 2390/2390/2390
f 2390/2390/2390 2389/2389/2389 2391/2391/2391
f 2390/2390/2390 2391/2391/2391 2392/2392/2392
f 2393/2393/2393 2392/2392/2392 2391/2391/2391
f 2393/2393/2393 2391/2391/2391 2394/2394/2394
f 2394/2394/2394 2395/2395/2395 2393/2393/2393
f 2394/2394/2394 2396/2396/2396 2395/2395/2395
f 2397/2397/2397 2395/2395/2395 2396/2396/2396
f 2397/2397/2397 2398/2398/2398 2395/2395/2395
f 2385/2385/2385 2386/2386/2386 2399/2399/2399
f 2385/2385/2385 2399/2399/2399 2400/2400/2400
f 2400/2400/2400 2399/2399/2399 2401/2401/2401
f 2400/2400/2400 2401/2401/2401 2402/2402/2402
f 2401/2401/2401 2403/2403/2403 2402/2402/2402
f 2401/2401/2401 2404/2404/2404 2403/2403/2403
f 2404/2404/2404 2405/2405/2405 2403/2403/2403
f 2404/2404/2404 2406/2406/2406 2405/2405/2405
f 2407/2407/2407 2405/2405/2405 2406/2406/2406
f 2407/2407/2407 2408/2408/2408 2405/2405/2405
f 2408/2408/2408 2407/2407/2407 2409/2409/2409
f 2408/2408/2408 2409/2409/2409 2410/2410/2410
f 2411/2411/2411 2410/2410/2410 2409/2409/2409
f 2411/2411/2411 2409/2409/2409 2412/2412/2412
f 2415/2415/2415 2414/2414/2414 2413/2413/2413
f 2415/2415/2415 2413/2413/2413 2416/2416/2416
f 2414/2414/2414 2417/2417/2417 2413/2413/2413
f 2417/2417/2417 2418/2418/2418 2413/2413/2413
f 2419/2419/2419 2413/2413/2413 2418/2418/2418
f 2419/2419/2419 2420/2420/2420 2413/2413/2413
f 2414/2414/2414 2421/2421/2421 2417/2417/2417
f 2422/2422/2422 2421/2421/2421 2414/2414/2414
f 2413/2413/2413 2423/2423/2423 2416/2416/2416
f 2424/2424/2424 2423/2423/2423 2413/2413/2413
f 2422/2422/2422 2426/2426/2426 2425/2425/2425
f 2422/2422/2422 2425/2425/2425 2427/2427/2427
f 2426/2426/2426 2415/2415/2415 2428/2428/2428
f 2426/2426/2426 2428/2428/2428 2425/2425/2425
f 2428/2428/2428 2429/2429/2429 2425/2425/2425
f 2428/2428/2428 2430/2430/2430 2429/2429/2429
f 2430/2430/2430 2431/2431/2431 2429/2429/2429
f 2429/2429/2429 2431/2431/2431 2432/2432/2432
f 2429/2429/2429 2432/2432/2432 2433/2433/2433
f 2434/2434/2434 2429/2429/2429 2433/2433/2433
f 2434/2434/2434 2433/2433/2433 2427/2427/2427
f 2430/2430/2430 2435/2435/2435 2431/2431/2431
f 2435/2435/2435 2436/2436/2436 2431/2431/2431
f 2437/2437/2437 2432/2432/2432 2431/2431/2431
f 2437/2437/2437 2431/2431/2431 2438/2438/2438
f 2431/2431/2431 2436/2436/2436 2439/2439/2439
f 2442/2442/2442 2441/2441/2441 2440/2440/2440
f 2442/2442/2442 2440/2440/2440 2443/2443/2443
f 2444/2444/2444 2440/2440/2440 2441/2441/2441
f 2444/2444/2444 2445/2445/2445 2440/2440/2440
f 2446/2446/2446 2442/2442/2442 2443/2443/2443
f 2446/2446/2446 2447/2447/2447 2442/2442/2442
f 2448/2448/2448 2445/2445/2445 2444/2444/2444
f 2448/2448/2448 2449/2449/2449 2445/2445/2445
f 2450/2450/2450 2445/2445/2445 2449/2449/2449
f 2450/2450/2450 2451/2451/2451 2445/2445/2445
f 2440/2440/2440 2445/2445/2445 2451/2451/2451
f 2453/2453/2453 2452/2452/2452 2449/2449/2449
f 2453/2453/2453 2454/2454/2454 2452/2452/2452
f 2455/2455/2455 2453/2453/2453 2449/2449/2449
f 2455/2455/2455 2456/2456/2456 2453/2453/2453
f 2457/2457/2457 2453/2453/2453 2456/2456/2456
f 2457/2457/2457 2458/2458/2458 2453/2453/2453
f 2455/2455/2455 2459/2459/2459 2456/2456/2456
f 2460/2460/2460 2456/2456/2456 2459/2459/2459
f 2458/2458/2458 2461/2461/2461 2453/2453/2453
f 2453/2453/2453 2461/2461/2461 2462/2462/2462
f 2460/2460/2460 2464/2464/2464 2463/2463/2463
f 2460/2460/2460 2463/2463/2463 2465/2465/2465
f 2466/2466/2466 2457/2457/2457 2465/2465/2465
f 2466/2466/2466 2465/2465/2465 2463/2463/2463
f 2467/2467/2467 2466/2466/2466 2463/2463/2463
f 2467/2467/2467 2468/2468/2468 2466/2466/2466
f 2469/2469/2469 2468/2468/2468 2467/2467/2467
f 2470/2470/2470 2469/2469/2469 2467/2467/2467
f 2470/2470/2470 2467/2467/2467 2471/2471/2471
f 2471/2471/2471 2467/2467/2467 2472/2472/2472
f 2471/2471/2471 2472/2472/2472 2464/2464/2464
f 2469/2469/2469 2473/2473/2473 2468/2468/2468
f 2469/2469/2469 2470/2470/2470 2474/2474/2474
f 2469/2469/2469 2474/2474/2474 2475/2475/2475
f 2473/2473/2473 2469/2469/2469 2476/2476/2476
f 2476/2476/2476 2469/2469/2469 2477/2477/2477
f 2479/2479/2479 2418/2418/2418 2478/2478/2478
f 2479/2479/2479 2478/2478/2478 2480/2480/2480
f 2481/2481/2481 2480/2480/2480 2478/2478/2478
f 2484/2484/2484 2483/2483/2483 2482/2482/2482
f 2487/2487/2487 2486/2486/2486 2485/2485/2485
f 2490/2490/2490 2489/2489/2489 2488/2488/2488
f 2493/2493/2493 2492/2492/2492 2491/2491/2491
f 2496/2496/2496 2495/2495/2495 2494/2494/2494
f 2496/2496/2496 2494/2494/2494 2497/2497/2497
f 2495/2495/2495 2498/2498/2498 2494/2494/2494
f 2495/2495/2495 2499/2499/2499 2498/2498/2498
f 2497/2497/2497 2494/2494/2494 2500/2500/2500
f 2500/2500/2500 2494/2494/2494 2501/2501/2501
f 2494/2494/2494 2502/2502/2502 2501/2501/2501
f 2494/2494/2494 2503/2503/2503 2502/2502/2502
f 2500/2500/2500 2501/2501/2501 2504/2504/2504
f 2500/2500/2500 2504/2504/2504 2505/2505/2505
f 2500/2500/2500 2505/2505/2505 2506/2506/2506
f 2509/2509/2509 2508/2508/2508 2507/2507/2507
f 2507/2507/2507 2510/2510/2510 2509/2509/2509
f 2511/2511/2511 2510/2510/2510 2507/2507/2507
f 2512/2512/2512 2511/2511/2511 2507/2507/2507
f 2512/2512/2512 2507/2507/2507 2513/2513/2513
f 2514/2514/2514 2512/2512/2512 2513/2513/2513
f 2514/2514/2514 2515/2515/2515 2512/2512/2512
f 2511/2511/2511 2516/2516/2516 2510/2510/2510
f 2519/2519/2519 2518/2518/2518 2517/2517/2517
f 2520/2520/2520 2518/2518/2518 2519/2519/2519
f 2520/2520/2520 2519/2519/2519 2521/2521/2521
f 2522/2522/2522 2520/2520/2520 2521/2521/2521
f 2522/2522/2522 2521/2521/2521 2523/2523/2523
f 2524/2524/2524 2522/2522/2522 2523/2523/2523
f 2524/2524/2524 2523/2523/2523 2525/2525/2525
f 2517/2517/2517 2518/2518/2518 2526/2526/2526
f 2519/2519/2519 2517/2517/2517 2527/2527/2527
f 2528/2528/2528 2524/2524/2524 2525/2525/2525
f 2528/2528/2528 2529/2529/2529 2524/2524/2524
f 2530/2530/2530 2529/2529/2529 2528/2528/2528
f 2528/2528/2528 2531/2531/2531 2530/2530/2530
f 2528/2528/2528 2532/2532/2532 2531/2531/2531
f 2535/2535/2535 2534/2534/2534 2533/2533/2533
f 2535/2535/2535 2533/2533/2533 2536/2536/2536
f 2536/2536/2536 2533/2533/2533 2537/2537/2537
f 2538/2538/2538 2534/2534/2534 2535/2535/2535
f 2538/2538/2538 2539/2539/2539 2534/2534/2534
f 2540/2540/2540 2539/2539/2539 2538/2538/2538
f 2540/2540/2540 2541/2541/2541 2539/2539/2539
f 2542/2542/2542 2541/2541/2541 2540/2540/2540
f 2542/2542/2542 2543/2543/2543 2541/2541/2541
f 2536/2536/2536 2537/2537/2537 2544/2544/2544
f 2545/2545/2545 2533/2533/2533 2534/2534/2534
f 2537/2537/2537 2533/2533/2533 2545/2545/2545
f 2545/2545/2545 2534/2534/2534 2546/2546/2546
f 2546/2546/2546 2534/2534/2534 2539/2539/2539
f 2547/2547/2547 2539/2539/2539 2541/2541/2541
f 2546/2546/2546 2539/2539/2539 2547/2547/2547
f 2547/2547/2547 2541/2541/2541 2548/2548/2548
f 2548/2548/2548 2541/2541/2541 2543/2543/2543
f 2548/2548/2548 2543/2543/2543 2549/2549/2549
f 2537/2537/2537 2545/2545/2545 2550/2550/2550
f 2551/2551/2551 2537/2537/2537 2550/2550/2550
f 2551/2551/2551 2552/2552/2552 2537/2537/2537
f 2553/2553/2553 2552/2552/2552 2544/2544/2544
f 2556/2556/2556 2555/2555/2555 2554/2554/2554
f 2556/2556/2556 2554/2554/2554 2557/2557/2557
f 2557/2557/2557 2554/2554/2554 2558/2558/2558
f 2557/2557/2557 2558/2558/2558 2559/2559/2559
f 2557/2557/2557 2561/2561/2561 2560/2560/2560
f 2564/2564/2564 2563/2563/2563 2562/2562/2562
f 2564/2564/2564 2562/2562/2562 2565/2565/2565
f 2566/2566/2566 2563/2563/2563 2564/2564/2564
f 2566/2566/2566 2567/2567/2567 2563/2563/2563
f 2568/2568/2568 2567/2567/2567 2566/2566/2566
f 2568/2568/2568 2569/2569/2569 2567/2567/2567
f 2571/2571/2571 2562/2562/2562 2570/2570/2570
f 2571/2571/2571 2570/2570/2570 2572/2572/2572
f 2575/2575/2575 2574/2574/2574 2573/2573/2573
f 2575/2575/2575 2573/2573/2573 2576/2576/2576
f 2577/2577/2577 2574/2574/2574 2575/2575/2575
f 2577/2577/2577 2578/2578/2578 2574/2574/2574
f 2581/2581/2581 2580/2580/2580 2579/2579/2579
f 2581/2581/2581 2579/2579/2579 2582/2582/2582
f 2581/2581/2581 2582/2582/2582 2583/2583/2583
f 2581/2581/2581 2583/2583/2583 2584/2584/2584
f 2579/2579/2579 2580/2580/2580 2585/2585/2585
f 2579/2579/2579 2585/2585/2585 2586/2586/2586
f 2587/2587/2587 2584/2584/2584 2583/2583/2583
f 2587/2587/2587 2588/2588/2588 2584/2584/2584
f 2589/2589/2589 2588/2588/2588 2587/2587/2587
f 2589/2589/2589 2590/2590/2590 2588/2588/2588
f 2591/2591/2591 2584/2584/2584 2588/2588/2588
f 2591/2591/2591 2592/2592/2592 2584/2584/2584
f 2593/2593/2593 2584/2584/2584 2592/2592/2592
f 2593/2593/2593 2592/2592/2592 2594/2594/2594
f 2593/2593/2593 2594/2594/2594 2595/2595/2595
f 2593/2593/2593 2595/2595/2595 2596/2596/2596
f 2595/2595/2595 2597/2597/2597 2596/2596/2596
f 2595/2595/2595 2598/2598/2598 2597/2597/2597
f 2599/2599/2599 2591/2591/2591 2588/2588/2588
f 2599/2599/2599 2588/2588/2588 2600/2600/2600
f 2602/2602/2602 2585/2585/2585 2601/2601/2601
f 2602/2602/2602 2601/2601/2601 2603/2603/2603
f 2603/2603/2603 2601/2601/2601 2604/2604/2604
f 2603/2603/2603 2604/2604/2604 2605/2605/2605
f 2606/2606/2606 2601/2601/2601 2597/2597/2597
f 2606/2606/2606 2607/2607/2607 2601/2601/2601
f 2607/2607/2607 2608/2608/2608 2601/2601/2601
f 2607/2607/2607 2609/2609/2609 2608/2608/2608
f 2612/2612/2612 2611/2611/2611 2610/2610/2610
f 2612/2612/2612 2610/2610/2610 2613/2613/2613
f 2614/2614/2614 2610/2610/2610 2611/2611/2611
f 2617/2617/2617 2616/2616/2616 2615/2615/2615
f 2615/2615/2615 2616/2616/2616 2618/2618/2618
f 2619/2619/2619 2618/2618/2618 2616/2616/2616
f 2620/2620/2620 2618/2618/2618 2619/2619/2619
f 2620/2620/2620 2619/2619/2619 2621/2621/2621
f 2615/2615/2615 2618/2618/2618 2622/2622/2622
f 2622/2622/2622 2618/2618/2618 2623/2623/2623
f 2626/2626/2626 2625/2625/2625 2624/2624/2624
f 2627/2627/2627 2625/2625/2625 2626/2626/2626
f 2627/2627/2627 2628/2628/2628 2625/2625/2625
f 2627/2627/2627 2629/2629/2629 2628/2628/2628
f 2627/2627/2627 2630/2630/2630 2629/2629/2629
f 2631/2631/2631 2629/2629/2629 2630/2630/2630
f 2631/2631/2631 2632/2632/2632 2629/2629/2629
f 2635/2635/2635 2634/2634/2634 2633/2633/2633
f 2636/2636/2636 2634/2634/2634 2635/2635/2635
f 2636/2636/2636 2637/2637/2637 2634/2634/2634
f 2638/2638/2638 2637/2637/2637 2636/2636/2636
f 2638/2638/2638 2639/2639/2639 2637/2637/2637
f 2640/2640/2640 2639/2639/2639 2638/2638/2638
f 2640/2640/2640 2641/2641/2641 2639/2639/2639
f 2642/2642/2642 2641/2641/2641 2640/2640/2640
f 2642/2642/2642 2643/2643/2643 2641/2641/2641
f 2644/2644/2644 2643/2643/2643 2642/2642/2642
f 2644/2644/2644 2642/2642/2642 2645/2645/2645
f 2646/2646/2646 2644/2644/2644 2645/2645/2645
f 2645/2645/2645 2647/2647/2647 2646/2646/2646
f 2645/2645/2645 2648/2648/2648 2647/2647/2647
f 2651/2651/2651 2650/2650/2650 2649/2649/2649
f 2651/2651/2651 2649/2649/2649 2652/2652/2652
f 2652/2652/2652 2649/2649/2649 2653/2653/2653
f 2652/2652/2652 2653/2653/2653 2654/2654/2654
f 2650/2650/2650 2655/2655/2655 2649/2649/2649
f 2653/2653/2653 2649/2649/2649 2655/2655/2655
f 2650/2650/2650 2656/2656/2656 2655/2655/2655
f 2653/2653/2653 2655/2655/2655 2657/2657/2657
f 2655/2655/2655 2656/2656/2656 2658/2658/2658
f 2655/2655/2655 2658/2658/2658 2659/2659/2659
f 2659/2659/2659 2658/2658/2658 2660/2660/2660
f 2659/2659/2659 2660/2660/2660 2661/2661/2661
f 2661/2661/2661 2660/2660/2660 2662/2662/2662
f 2661/2661/2661 2662/2662/2662 2663/2663/2663
f 2662/2662/2662 2664/2664/2664 2663/2663/2663
f 2663/2663/2663 2664/2664/2664 2665/2665/2665
f 2663/2663/2663 2665/2665/2665 2666/2666/2666
f 2663/2663/2663 2666/2666/2666 2667/2667/2667
f 2667/2667/2667 2661/2661/2661 2663/2663/2663
f 2665/2665/2665 2664/2664/2664 2668/2668/2668
f 2665/2665/2665 2668/2668/2668 2669/2669/2669
f 2665/2665/2665 2669/2669/2669 2670/2670/2670
f 2669/2669/2669 2671/2671/2671 2670/2670/2670
f 2672/2672/2672 2659/2659/2659 2661/2661/2661
f 2667/2667/2667 2672/2672/2672 2661/2661/2661
f 2672/2672/2672 2673/2673/2673 2659/2659/2659
f 2674/2674/2674 2666/2666/2666 2665/2665/2665
f 2674/2674/2674 2665/2665/2665 2670/2670/2670
f 2671/2671/2671 2674/2674/2674 2670/2670/2670
f 2673/2673/2673 2655/2655/2655 2659/2659/2659
f 2673/2673/2673 2657/2657/2657 2655/2655/2655
f 2677/2677/2677 2676/2676/2676 2675/2675/2675
f 2677/2677/2677 2675/2675/2675 2678/2678/2678
f 2676/2676/2676 2679/2679/2679 2675/2675/2675
f 2682/2682/2682 2681/2681/2681 2680/2680/2680
f 2683/2683/2683 2682/2682/2682 2680/2680/2680
f 2683/2683/2683 2680/2680/2680 2684/2684/2684
f 2683/2683/2683 2684/2684/2684 2685/2685/2685
f 2683/2683/2683 2685/2685/2685 2686/2686/2686
f 2687/2687/2687 2686/2686/2686 2685/2685/2685
f 2687/2687/2687 2685/2685/2685 2688/2688/2688
f 2691/2691/2691 2690/2690/2690 2689/2689/2689
f 2692/2692/2692 2691/2691/2691 2689/2689/2689
f 2692/2692/2692 2689/2689/2689 2693/2693/2693
f 2694/2694/2694 2692/2692/2692 2693/2693/2693
f 2694/2694/2694 2693/2693/2693 2695/2695/2695
f 2696/2696/2696 2694/2694/2694 2695/2695/2695
f 2696/2696/2696 2695/2695/2695 2697/2697/2697
f 2698/2698/2698 2696/2696/2696 2697/2697/2697
f 2698/2698/2698 2697/2697/2697 2699/2699/2699
f 2700/2700/2700 2698/2698/2698 2699/2699/2699
f 2700/2700/2700 2701/2701/2701 2698/2698/2698
f 2702/2702/2702 2701/2701/2701 2700/2700/2700
f 2701/2701/2701 2702/2702/2702 2703/2703/2703
f 2706/2706/2706 2705/2705/2705 2704/2704/2704
f 2706/2706/2706 2704/2704/2704 2707/2707/2707
f 2705/2705/2705 2708/2708/2708 2704/2704/2704
f 2705/2705/2705 2709/2709/2709 2708/2708/2708
f 2707/2707/2707 2704/2704/2704 2710/2710/2710
f 2708/2708/2708 2710/2710/2710 2704/2704/2704
f 2707/2707/2707 2710/2710/2710 2711/2711/2711
f 2708/2708/2708 2712/2712/2712 2710/2710/2710
f 2710/2710/2710 2713/2713/2713 2711/2711/2711
f 2710/2710/2710 2714/2714/2714 2713/2713/2713
f 2714/2714/2714 2715/2715/2715 2713/2713/2713
f 2714/2714/2714 2716/2716/2716 2715/2715/2715
f 2716/2716/2716 2717/2717/2717 2715/2715/2715
f 2716/2716/2716 2718/2718/2718 2717/2717/2717
f 2717/2717/2717 2718/2718/2718 2719/2719/2719
f 2718/2718/2718 2720/2720/2720 2719/2719/2719
f 2718/2718/2718 2721/2721/2721 2720/2720/2720
f 2718/2718/2718 2722/2722/2722 2721/2721/2721
f 2722/2722/2722 2718/2718/2718 2716/2716/2716
f 2720/2720/2720 2723/2723/2723 2719/2719/2719
f 2720/2720/2720 2724/2724/2724 2723/2723/2723
f 2720/2720/2720 2725/2725/2725 2724/2724/2724
f 2726/2726/2726 2724/2724/2724 2725/2725/2725
f 2727/2727/2727 2716/2716/2716 2714/2714/2714
f 2722/2722/2722 2716/2716/2716 2727/2727/2727
f 2727/2727/2727 2714/2714/2714 2728/2728/2728
f 2729/2729/2729 2725/2725/2725 2720/2720/2720
f 2729/2729/2729 2720/2720/2720 2721/2721/2721
f 2726/2726/2726 2725/2725/2725 2729/2729/2729
f 2728/2728/2728 2714/2714/2714 2710/2710/2710
f 2728/2728/2728 2710/2710/2710 2712/2712/2712
f 2732/2732/2732 2731/2731/2731 2730/2730/2730
f 2732/2732/2732 2730/2730/2730 2733/2733/2733
f 2733/2733/2733 2730/2730/2730 2734/2734/2734
f 2737/2737/2737 2736/2736/2736 2735/2735/2735
f 2737/2737/2737 2735/2735/2735 2738/2738/2738
f 2735/2735/2735 2736/2736/2736 2739/2739/2739
f 2735/2735/2735 2739/2739/2739 2740/2740/2740
f 2740/2740/2740 2739/2739/2739 2741/2741/2741
f 2737/2737/2737 2738/2738/2738 2742/2742/2742
f 2737/2737/2737 2742/2742/2742 2743/2743/2743
f 2741/2741/2741 2739/2739/2739 2744/2744/2744
f 2745/2745/2745 2741/2741/2741 2744/2744/2744
f 2745/2745/2745 2744/2744/2744 2746/2746/2746
f 2747/2747/2747 2745/2745/2745 2746/2746/2746
f 2747/2747/2747 2746/2746/2746 2748/2748/2748
f 2749/2749/2749 2747/2747/2747 2748/2748/2748
f 2749/2749/2749 2750/2750/2750 2747/2747/2747
f 2751/2751/2751 2750/2750/2750 2749/2749/2749
f 2751/2751/2751 2752/2752/2752 2750/2750/2750
f 2753/2753/2753 2752/2752/2752 2751/2751/2751
f 2753/2753/2753 2754/2754/2754 2752/2752/2752
f 2755/2755/2755 2754/2754/2754 2753/2753/2753
f 2755/2755/2755 2756/2756/2756 2754/2754/2754
f 2757/2757/2757 2756/2756/2756 2755/2755/2755
f 2757/2757/2757 2758/2758/2758 2756/2756/2756
f 2759/2759/2759 2758/2758/2758 2757/2757/2757
f 2759/2759/2759 2760/2760/2760 2758/2758/2758
f 2761/2761/2761 2760/2760/2760 2759/2759/2759
f 2764/2764/2764 2763/2763/2763 2762/2762/2762
f 2764/2764/2764 2762/2762/2762 2765/2765/2765
f 2766/2766/2766 2764/2764/2764 2765/2765/2765
f 2766/2766/2766 2765/2765/2765 2767/2767/2767
f 2768/2768/2768 2766/2766/2766 2767/2767/2767
f 2768/2768/2768 2767/2767/2767 2769/2769/2769
f 2768/2768/2768 2769/2769/2769 2770/2770/2770
f 2768/2768/2768 2770/2770/2770 2771/2771/2771
f 2771/2771/2771 2770/2770/2770 2772/2772/2772
f 2771/2771/2771 2772/2772/2772 2773/2773/2773
f 2773/2773/2773 2772/2772/2772 2774/2774/2774
f 2773/2773/2773 2774/2774/2774 2775/2775/2775
f 2775/2775/2775 2774/2774/2774 2776/2776/2776
f 2775/2775/2775 2776/2776/2776 2777/2777/2777
f 2777/2777/2777 2776/2776/2776 2778/2778/2778
f 2777/2777/2777 2778/2778/2778 2779/2779/2779
f 2780/2780/2780 2762/2762/2762 2763/2763/2763
f 2780/2780/2780 2763/2763/2763 2781/2781/2781
f 2780/2780/2780 2781/2781/2781 2782/2782/2782
f 2780/2780/2780 2782/2782/2782 2783/2783/2783
f 2786/2786/2786 2785/2785/2785 2784/2784/2784
f 2786/2786/2786 2784/2784/2784 2787/2787/2787
f 2787/2787/2787 2784/2784/2784 2788/2788/2788
f 2787/2787/2787 2788/2788/2788 2789/2789/2789
f 2789/2789/2789 2788/2788/2788 2790/2790/2790
f 2789/2789/2789 2790/2790/2790 2791/2791/2791
f 2792/2792/2792 2785/2785/2785 2786/2786/2786
f 2792/2792/2792 2793/2793/2793 2785/2785/2785
f 2794/2794/2794 2793/2793/2793 2792/2792/2792
f 2794/2794/2794 2795/2795/2795 2793/2793/2793
f 2797/2797/2797 2790/2790/2790 2796/2796/2796
f 2797/2797/2797 2796/2796/2796 2798/2798/2798
f 2798/2798/2798 2796/2796/2796 2799/2799/2799
f 2798/2798/2798 2799/2799/2799 2800/2800/2800
f 2800/2800/2800 2799/2799/2799 2795/2795/2795
f 2800/2800/2800 2795/2795/2795 2801/2801/2801
f 2804/2804/2804 2803/2803/2803 2802/2802/2802
f 2802/2802/2802 2805/2805/2805 2804/2804/2804
f 2802/2802/2802 2806/2806/2806 2805/2805/2805
f 2806/2806/2806 2807/2807/2807 2805/2805/2805
f 2806/2806/2806 2808/2808/2808 2807/2807/2807
f 2808/2808/2808 2809/2809/2809 2807/2807/2807
f 2812/2812/2812 2811/2811/2811 2810/2810/2810
f 2812/2812/2812 2810/2810/2810 2813/2813/2813
f 2813/2813/2813 2810/2810/2810 2814/2814/2814
f 2813/2813/2813 2814/2814/2814 2815/2815/2815
f 2811/2811/2811 2812/2812/2812 2816/2816/2816
f 2811/2811/2811 2816/2816/2816 2817/2817/2817
f 2814/2814/2814 2818/2818/2818 2815/2815/2815
f 2814/2814/2814 2819/2819/2819 2818/2818/2818
f 2818/2818/2818 2819/2819/2819 2820/2820/2820
f 2818/2818/2818 2820/2820/2820 2821/2821/2821
f 2821/2821/2821 2820/2820/2820 2822/2822/2822
f 2825/2825/2825 2824/2824/2824 2823/2823/2823
f 2824/2824/2824 2826/2826/2826 2823/2823/2823
f 2823/2823/2823 2826/2826/2826 2827/2827/2827
f 2823/2823/2823 2827/2827/2827 2828/2828/2828
f 2829/2829/2829 2826/2826/2826 2824/2824/2824
f 2829/2829/2829 2830/2830/2830 2826/2826/2826
f 2826/2826/2826 2831/2831/2831 2827/2827/2827
f 2826/2826/2826 2832/2832/2832 2831/2831/2831
f 2830/2830/2830 2832/2832/2832 2826/2826/2826
f 2830/2830/2830 2833/2833/2833 2832/2832/2832
f 2831/2831/2831 2832/2832/2832 2834/2834/2834
f 2832/2832/2832 2833/2833/2833 2834/2834/2834
f 2837/2837/2837 2836/2836/2836 2835/2835/2835
f 2837/2837/2837 2838/2838/2838 2836/2836/2836
f 2837/2837/2837 2839/2839/2839 2838/2838/2838
f 2840/2840/2840 2835/2835/2835 2836/2836/2836
f 2840/2840/2840 2836/2836/2836 2841/2841/2841
f 2840/2840/2840 2841/2841/2841 2842/2842/2842
f 2839/2839/2839 2843/2843/2843 2838/2838/2838
f 2843/2843/2843 2839/2839/2839 2844/2844/2844
f 2843/2843/2843 2844/2844/2844 2845/2845/2845
f 2845/2845/2845 2844/2844/2844 2846/2846/2846
f 2845/2845/2845 2846/2846/2846 2847/2847/2847
f 2847/2847/2847 2846/2846/2846 2848/2848/2848
f 2847/2847/2847 2848/2848/2848 2849/2849/2849
f 2852/2852/2852 2851/2851/2851 2850/2850/2850
f 2852/2852/2852 2850/2850/2850 2853/2853/2853
f 2854/2854/2854 2853/2853/2853 2850/2850/2850
f 2854/2854/2854 2855/2855/2855 2853/2853/2853
f 2856/2856/2856 2855/2855/2855 2854/2854/2854
f 2856/2856/2856 2857/2857/2857 2855/2855/2855
f 2858/2858/2858 2857/2857/2857 2856/2856/2856
f 2858/2858/2858 2859/2859/2859 2857/2857/2857
f 2860/2860/2860 2859/2859/2859 2858/2858/2858
f 2860/2860/2860 2861/2861/2861 2859/2859/2859
f 2862/2862/2862 2861/2861/2861 2860/2860/2860
f 2862/2862/2862 2863/2863/2863 2861/2861/2861
f 2864/2864/2864 2863/2863/2863 2862/2862/2862
f 2864/2864/2864 2865/2865/2865 2863/2863/2863
f 2866/2866/2866 2865/2865/2865 2864/2864/2864
f 2866/2866/2866 2867/2867/2867 2865/2865/2865
f 2868/2868/2868 2867/2867/2867 2866/2866/2866
f 2868/2868/2868 2869/2869/2869 2867/2867/2867
f 2872/2872/2872 2871/2871/2871 2870/2870/2870
f 2875/2875/2875 2874/2874/2874 2873/2873/2873
f 2875/2875/2875 2873/2873/2873 2876/2876/2876
f 2877/2877/2877 2873/2873/2873 2874/2874/2874
f 2879/2879/2879 2876/2876/2876 2878/2878/2878
f 2879/2879/2879 2878/2878/2878 2880/2880/2880
f 2880/2880/2880 2878/2878/2878 2881/2881/2881
f 2880/2880/2880 2881/2881/2881 2882/2882/2882
f 2882/2882/2882 2881/2881/2881 2883/2883/2883
f 2882/2882/2882 2883/2883/2883 2884/2884/2884
f 2884/2884/2884 2883/2883/2883 2885/2885/2885
f 2884/2884/2884 2885/2885/2885 2886/2886/2886
f 2889/2889/2889 2888/2888/2888 2887/2887/2887
f 2889/2889/2889 2887/2887/2887 2890/2890/2890
f 2891/2891/2891 2888/2888/2888 2889/2889/2889
f 2891/2891/2891 2892/2892/2892 2888/2888/2888
f 2893/2893/2893 2892/2892/2892 2891/2891/2891
f 2893/2893/2893 2894/2894/2894 2892/2892/2892
f 2895/2895/2895 2894/2894/2894 2893/2893/2893
f 2895/2895/2895 2896/2896/2896 2894/2894/2894
f 2897/2897/2897 2896/2896/2896 2895/2895/2895
f 2900/2900/2900 2899/2899/2899 2898/2898/2898
f 2900/2900/2900 2898/2898/2898 2901/2901/2901
f 2901/2901/2901 2898/2898/2898 2902/2902/2902
f 2901/2901/2901 2902/2902/2902 2903/2903/2903
f 2903/2903/2903 2902/2902/2902 2904/2904/2904
f 2903/2903/2903 2904/2904/2904 2905/2905/2905
f 2905/2905/2905 2904/2904/2904 2906/2906/2906
f 2905/2905/2905 2906/2906/2906 2907/2907/2907
f 2907/2907/2907 2906/2906/2906 2908/2908/2908
f 2907/2907/2907 2908/2908/2908 2909/2909/2909
f 2909/2909/2909 2908/2908/2908 2910/2910/2910
f 2909/2909/2909 2910/2910/2910 2911/2911/2911
f 2911/2911/2911 2910/2910/2910 2912/2912/2912
f 2911/2911/2911 2912/2912/2912 2913/2913/2913
f 2914/2914/2914 2899/2899/2899 2900/2900/2900
f 2913/2913/2913 2912/2912/2912 2915/2915/2915
f 2913/2913/2913 2915/2915/2915 2916/2916/2916
f 2916/2916/2916 2915/2915/2915 2917/2917/2917
f 2920/2920/2920 2919/2919/2919 2918/2918/2918
f 2923/2923/2923 2922/2922/2922 2921/2921/2921
f 2921/2921/2921 2924/2924/2924 2923/2923/2923
f 2921/2921/2921 2925/2925/2925 2924/2924/2924
f 2924/2924/2924 2925/2925/2925 2926/2926/2926
f 2924/2924/2924 2926/2926/2926 2927/2927/2927
f 2923/2923/2923 2852/2852/2852 2922/2922/2922
f 2923/2923/2923 2851/2851/2851 2852/2852/2852
f 2930/2930/2930 2929/2929/2929 2928/2928/2928
f 2930/2930/2930 2928/2928/2928 2931/2931/2931
f 2932/2932/2932 2931/2931/2931 2928/2928/2928
f 2932/2932/2932 2933/2933/2933 2931/2931/2931
f 2934/2934/2934 2933/2933/2933 2932/2932/2932
f 2934/2934/2934 2935/2935/2935 2933/2933/2933
f 2935/2935/2935 2934/2934/2934 2936/2936/2936
f 2935/2935/2935 2936/2936/2936 2937/2937/2937
f 2938/2938/2938 2937/2937/2937 2936/2936/2936
f 2937/2937/2937 2938/2938/2938 2939/2939/2939
f 2940/2940/2940 2939/2939/2939 2938/2938/2938
f 2940/2940/2940 2938/2938/2938 2941/2941/2941
f 2938/2938/2938 2936/2936/2936 2942/2942/2942
f 2943/2943/2943 2938/2938/2938 2942/2942/2942
f 2943/2943/2943 2942/2942/2942 2944/2944/2944
f 2945/2945/2945 2943/2943/2943 2944/2944/2944
f 2945/2945/2945 2944/2944/2944 2946/2946/2946
f 2945/2945/2945 2946/2946/2946 2947/2947/2947
f 2947/2947/2947 2946/2946/2946 2948/2948/2948
f 2951/2951/2951 2950/2950/2950 2949/2949/2949
f 2952/2952/2952 2950/2950/2950 2951/2951/2951
f 2952/2952/2952 2953/2953/2953 2950/2950/2950
f 2954/2954/2954 2953/2953/2953 2952/2952/2952
f 2951/2951/2951 2949/2949/2949 2955/2955/2955
f 2955/2955/2955 2949/2949/2949 2956/2956/2956
f 2955/2955/2955 2956/2956/2956 2930/2930/2930
f 2930/2930/2930 2956/2956/2956 2929/2929/2929
f 2959/2959/2959 2958/2958/2958 2957/2957/2957
f 2959/2959/2959 2957/2957/2957 2960/2960/2960
f 2963/2963/2963 2962/2962/2962 2961/2961/2961
f 2963/2963/2963 2961/2961/2961 2964/2964/2964
f 2967/2967/2967 2966/2966/2966 2965/2965/2965
f 2967/2967/2967 2965/2965/2965 2968/2968/2968
f 2971/2971/2971 2970/2970/2970 2969/2969/2969
f 2971/2971/2971 2969/2969/2969 2972/2972/2972
f 2973/2973/2973 2970/2970/2970 2971/2971/2971
f 2973/2973/2973 2974/2974/2974 2970/2970/2970
f 2969/2969/2969 2970/2970/2970 2975/2975/2975
f 2976/2976/2976 2970/2970/2970 2974/2974/2974
f 2975/2975/2975 2970/2970/2970 2976/2976/2976
f 2976/2976/2976 2974/2974/2974 2977/2977/2977
f 2977/2977/2977 2974/2974/2974 2978/2978/2978
f 2979/2979/2979 2978/2978/2978 2974/2974/2974
f 2980/2980/2980 2978/2978/2978 2979/2979/2979
f 2980/2980/2980 2981/2981/2981 2978/2978/2978
f 2980/2980/2980 2982/2982/2982 2981/2981/2981
f 2980/2980/2980 2983/2983/2983 2982/2982/2982
f 2984/2984/2984 2982/2982/2982 2983/2983/2983
f 2984/2984/2984 2985/2985/2985 2982/2982/2982
f 2979/2979/2979 2974/2974/2974 2986/2986/2986
f 2987/2987/2987 2985/2985/2985 2984/2984/2984
f 2987/2987/2987 2988/2988/2988 2985/2985/2985
f 2987/2987/2987 2989/2989/2989 2988/2988/2988
f 2987/2987/2987 2990/2990/2990 2989/2989/2989
f 2991/2991/2991 2978/2978/2978 2981/2981/2981
f 2977/2977/2977 2978/2978/2978 2991/2991/2991
f 2991/2991/2991 2981/2981/2981 2992/2992/2992
f 2993/2993/2993 2982/2982/2982 2985/2985/2985
f 2981/2981/2981 2982/2982/2982 2993/2993/2993
f 2981/2981/2981 2993/2993/2993 2992/2992/2992
f 2993/2993/2993 2985/2985/2985 2994/2994/2994
f 2985/2985/2985 2988/2988/2988 2995/2995/2995
f 2985/2985/2985 2995/2995/2995 2994/2994/2994
f 2996/2996/2996 2995/2995/2995 2988/2988/2988
f 2996/2996/2996 2988/2988/2988 2989/2989/2989
f 2997/2997/2997 2989/2989/2989 2990/2990/2990
f 2997/2997/2997 2998/2998/2998 2989/2989/2989
f 2998/2998/2998 2997/2997/2997 2999/2999/2999
f 2989/2989/2989 3000/3000/3000 2996/2996/2996
f 3000/3000/3000 2989/2989/2989 2998/2998/2998
f 2986/2986/2986 3002/3002/3002 3001/3001/3001
f 3002/3002/3002 3003/3003/3003 3001/3001/3001
f 3002/3002/3002 3004/3004/3004 3003/3003/3003
f 3003/3003/3003 3005/3005/3005 3001/3001/3001
f 3004/3004/3004 3006/3006/3006 3003/3003/3003
f 3005/3005/3005 3007/3007/3007 3001/3001/3001
f 3007/3007/3007 3008/3008/3008 3001/3001/3001
f 2986/2986/2986 3001/3001/3001 3008/3008/3008
f 3007/3007/3007 3009/3009/3009 3008/3008/3008
f 3009/3009/3009 3010/3010/3010 3008/3008/3008
f 3011/3011/3011 3008/3008/3008 3010/3010/3010
f 3012/3012/3012 3011/3011/3011 3010/3010/3010
f 3012/3012/3012 3010/3010/3010 3013/3013/3013
f 3012/3012/3012 3013/3013/3013 3014/3014/3014
f 3012/3012/3012 3014/3014/3014 3015/3015/3015
f 3016/3016/3016 3015/3015/3015 3014/3014/3014
f 3016/3016/3016 3014/3014/3014 3017/3017/3017
f 3011/3011/3011 2973/2973/2973 3008/3008/3008
f 3018/3018/3018 3016/3016/3016 3017/3017/3017
f 3018/3018/3018 3017/3017/3017 3019/3019/3019
f 3018/3018/3018 3019/3019/3019 3020/3020/3020
f 3018/3018/3018 3020/3020/3020 3021/3021/3021
f 3022/3022/3022 3013/3013/3013 3010/3010/3010
f 3009/3009/3009 3022/3022/3022 3010/3010/3010
f 3022/3022/3022 3023/3023/3023 3013/3013/3013
f 3024/3024/3024 3017/3017/3017 3014/3014/3014
f 3013/3013/3013 3023/3023/3023 3024/3024/3024
f 3013/3013/3013 3024/3024/3024 3014/3014/3014
f 3024/3024/3024 3025/3025/3025 3017/3017/3017
f 3017/3017/3017 3025/3025/3025 3026/3026/3026
f 3017/3017/3017 3026/3026/3026 3019/3019/3019
f 3027/3027/3027 3020/3020/3020 3019/3019/3019
f 3027/3027/3027 3019/3019/3019 3026/3026/3026
f 3028/3028/3028 3021/3021/3021 3020/3020/3020
f 3028/3028/3028 3020/3020/3020 3029/3029/3029
f 3029/3029/3029 3030/3030/3030 3028/3028/3028
f 3020/3020/3020 3027/3027/3027 3031/3031/3031
f 3031/3031/3031 3029/3029/3029 3020/3020/3020
f 2972/2972/2972 2969/2969/2969 3032/3032/3032
f 2972/2972/2972 3032/3032/3032 3033/3033/3033
f 3036/3036/3036 3035/3035/3035 3034/3034/3034
f 3037/3037/3037 3035/3035/3035 3036/3036/3036
f 3037/3037/3037 3038/3038/3038 3035/3035/3035
f 3039/3039/3039 3038/3038/3038 3037/3037/3037
f 3039/3039/3039 3040/3040/3040 3038/3038/3038
f 3041/3041/3041 3040/3040/3040 3039/3039/3039
f 3041/3041/3041 3042/3042/3042 3040/3040/3040
f 3041/3041/3041 3043/3043/3043 3042/3042/3042
f 3044/3044/3044 3043/3043/3043 3041/3041/3041
f 3036/3036/3036 3034/3034/3034 3045/3045/3045
f 3036/3036/3036 3045/3045/3045 2976/2976/2976
f 3048/3048/3048 3047/3047/3047 3046/3046/3046
f 3048/3048/3048 3046/3046/3046 3049/3049/3049
f 3050/3050/3050 3048/3048/3048 3049/3049/3049
f 3048/3048/3048 3050/3050/3050 3051/3051/3051
f 3052/3052/3052 3051/3051/3051 3050/3050/3050
f 3052/3052/3052 3050/3050/3050 3053/3053/3053
f 3052/3052/3052 3053/3053/3053 3054/3054/3054
f 3054/3054/3054 3053/3053/3053 3055/3055/3055
f 3054/3054/3054 3055/3055/3055 3056/3056/3056
f 3054/3054/3054 3056/3056/3056 3057/3057/3057
f 3057/3057/3057 3056/3056/3056 3058/3058/3058
f 3057/3057/3057 3058/3058/3058 3059/3059/3059
f 3059/3059/3059 3058/3058/3058 3060/3060/3060
f 3059/3059/3059 3060/3060/3060 3061/3061/3061
f 3053/3053/3053 3050/3050/3050 3062/3062/3062
f 3062/3062/3062 3050/3050/3050 3063/3063/3063
f 3050/3050/3050 3049/3049/3049 3063/3063/3063
f 3062/3062/3062 3063/3063/3063 3064/3064/3064
f 3055/3055/3055 3053/3053/3053 3065/3065/3065
f 3053/3053/3053 3062/3062/3062 3065/3065/3065
f 3062/3062/3062 3066/3066/3066 3065/3065/3065
f 3062/3062/3062 3067/3067/3067 3066/3066/3066
f 3062/3062/3062 3068/3068/3068 3067/3067/3067
f 3062/3062/3062 3069/3069/3069 3068/3068/3068
f 3064/3064/3064 3069/3069/3069 3062/3062/3062
f 3066/3066/3066 3067/3067/3067 3070/3070/3070
f 3071/3071/3071 3061/3061/3061 3060/3060/3060
f 3072/3072/3072 3061/3061/3061 3071/3071/3071
f 3072/3072/3072 3071/3071/3071 3073/3073/3073
f 3072/3072/3072 3073/3073/3073 3074/3074/3074
f 3074/3074/3074 3073/3073/3073 3075/3075/3075
f 3074/3074/3074 3075/3075/3075 3076/3076/3076
f 3076/3076/3076 3075/3075/3075 3077/3077/3077
f 3076/3076/3076 3077/3077/3077 3078/3078/3078
f 3077/3077/3077 3079/3079/3079 3078/3078/3078
f 3079/3079/3079 3077/3077/3077 3080/3080/3080
f 3081/3081/3081 3080/3080/3080 3077/3077/3077
f 3081/3081/3081 3077/3077/3077 3082/3082/3082
f 3075/3075/3075 3082/3082/3082 3077/3077/3077
f 3083/3083/3083 3080/3080/3080 3081/3081/3081
f 3079/3079/3079 3080/3080/3080 3084/3084/3084
f 3084/3084/3084 3080/3080/3080 3083/3083/3083
f 3084/3084/3084 3083/3083/3083 3085/3085/3085
f 3085/3085/3085 3083/3083/3083 3086/3086/3086
f 3073/3073/3073 3071/3071/3071 3087/3087/3087
f 3073/3073/3073 3087/3087/3087 3075/3075/3075
f 3075/3075/3075 3088/3088/3088 3082/3082/3082
f 3071/3071/3071 3060/3060/3060 3087/3087/3087
f 3090/3090/3090 3088/3088/3088 3089/3089/3089
f 3091/3091/3091 3090/3090/3090 3089/3089/3089
f 3091/3091/3091 3092/3092/3092 3090/3090/3090
f 3091/3091/3091 3089/3089/3089 3093/3093/3093
f 3092/3092/3092 3094/3094/3094 3090/3090/3090
f 3090/3090/3090 3094/3094/3094 3088/3088/3088
f 3092/3092/3092 3095/3095/3095 3094/3094/3094
f 3095/3095/3095 3096/3096/3096 3094/3094/3094
f 3095/3095/3095 3097/3097/3097 3096/3096/3096
f 3096/3096/3096 3097/3097/3097 3098/3098/3098
f 3098/3098/3098 3099/3099/3099 3096/3096/3096
f 3100/3100/3100 3096/3096/3096 3099/3099/3099
f 3100/3100/3100 3101/3101/3101 3096/3096/3096
f 3094/3094/3094 3096/3096/3096 3101/3101/3101
f 3102/3102/3102 3100/3100/3100 3099/3099/3099
f 3098/3098/3098 3103/3103/3103 3099/3099/3099
f 3103/3103/3103 3102/3102/3102 3099/3099/3099
f 3103/3103/3103 3104/3104/3104 3102/3102/3102
f 3104/3104/3104 3105/3105/3105 3102/3102/3102
f 3089/3089/3089 3106/3106/3106 3093/3093/3093
f 3107/3107/3107 3093/3093/3093 3106/3106/3106
f 3107/3107/3107 3106/3106/3106 3108/3108/3108
f 3109/3109/3109 3107/3107/3107 3108/3108/3108
f 3109/3109/3109 3108/3108/3108 3110/3110/3110
f 3111/3111/3111 3109/3109/3109 3110/3110/3110
f 3111/3111/3111 3110/3110/3110 3112/3112/3112
f 3111/3111/3111 3112/3112/3112 3113/3113/3113
f 3114/3114/3114 3111/3111/3111 3113/3113/3113
f 3114/3114/3114 3113/3113/3113 3115/3115/3115
f 3114/3114/3114 3115/3115/3115 3116/3116/3116
f 3117/3117/3117 3116/3116/3116 3115/3115/3115
f 3113/3113/3113 3118/3118/3118 3115/3115/3115
f 3118/3118/3118 3119/3119/3119 3115/3115/3115
f 3118/3118/3118 3120/3120/3120 3119/3119/3119
f 3112/3112/3112 3121/3121/3121 3113/3113/3113
f 3113/3113/3113 3121/3121/3121 3118/3118/3118
f 3118/3118/3118 3121/3121/3121 3122/3122/3122
f 3118/3118/3118 3122/3122/3122 3123/3123/3123
f 3118/3118/3118 3123/3123/3123 3124/3124/3124
f 3118/3118/3118 3124/3124/3124 3125/3125/3125
f 3120/3120/3120 3118/3118/3118 3125/3125/3125
f 3122/3122/3122 3126/3126/3126 3123/3123/3123
f 3115/3115/3115 3119/3119/3119 3127/3127/3127
f 3115/3115/3115 3127/3127/3127 3117/3117/3117
f 3117/3117/3117 3127/3127/3127 3128/3128/3128
f 3117/3117/3117 3128/3128/3128 3129/3129/3129
f 3119/3119/3119 3130/3130/3130 3127/3127/3127
f 3127/3127/3127 3130/3130/3130 3128/3128/3128
f 3119/3119/3119 3131/3131/3131 3130/3130/3130
f 3120/3120/3120 3132/3132/3132 3131/3131/3131
f 3120/3120/3120 3131/3131/3131 3133/3133/3133
f 3120/3120/3120 3125/3125/3125 3134/3134/3134
f 3132/3132/3132 3120/3120/3120 3134/3134/3134
f 3132/3132/3132 3134/3134/3134 3135/3135/3135
f 3138/3138/3138 3137/3137/3137 3136/3136/3136
f 3138/3138/3138 3136/3136/3136 3064/3064/3064
f 3064/3064/3064 3139/3139/3139 3138/3138/3138
f 3064/3064/3064 3140/3140/3140 3139/3139/3139
f 3064/3064/3064 3136/3136/3136 3069/3069/3069
f 3063/3063/3063 3141/3141/3141 3139/3139/3139
f 3063/3063/3063 3049/3049/3049 3141/3141/3141
f 3049/3049/3049 3046/3046/3046 3141/3141/3141
f 3144/3144/3144 3143/3143/3143 3142/3142/3142
f 3144/3144/3144 3145/3145/3145 3143/3143/3143
f 3146/3146/3146 3142/3142/3142 3143/3143/3143
f 3146/3146/3146 3143/3143/3143 3147/3147/3147
f 3146/3146/3146 3147/3147/3147 3148/3148/3148
f 3151/3151/3151 3150/3150/3150 3149/3149/3149
f 3154/3154/3154 3153/3153/3153 3152/3152/3152
f 3154/3154/3154 3152/3152/3152 3155/3155/3155
f 3155/3155/3155 3152/3152/3152 3156/3156/3156
f 3155/3155/3155 3156/3156/3156 3157/3157/3157
f 3153/3153/3153 3158/3158/3158 3152/3152/3152
f 3158/3158/3158 3159/3159/3159 3152/3152/3152
f 3152/3152/3152 3159/3159/3159 3160/3160/3160
f 3152/3152/3152 3160/3160/3160 3161/3161/3161
f 3158/3158/3158 3162/3162/3162 3159/3159/3159
f 3158/3158/3158 3163/3163/3163 3162/3162/3162
f 3158/3158/3158 3164/3164/3164 3163/3163/3163
f 3167/3167/3167 3166/3166/3166 3165/3165/3165
f 3166/3166/3166 3167/3167/3167 3168/3168/3168
f 3169/3169/3169 3166/3166/3166 3168/3168/3168
f 3170/3170/3170 3166/3166/3166 3169/3169/3169
f 3170/3170/3170 3171/3171/3171 3166/3166/3166
f 3172/3172/3172 3171/3171/3171 3170/3170/3170
f 3172/3172/3172 3170/3170/3170 3173/3173/3173
f 3169/3169/3169 3168/3168/3168 3174/3174/3174
f 3177/3177/3177 3176/3176/3176 3175/3175/3175
f 3178/3178/3178 3177/3177/3177 3175/3175/3175
f 3178/3178/3178 3179/3179/3179 3177/3177/3177
f 3180/3180/3180 3179/3179/3179 3178/3178/3178
f 3180/3180/3180 3181/3181/3181 3179/3179/3179
f 3182/3182/3182 3181/3181/3181 3180/3180/3180
f 3182/3182/3182 3183/3183/3183 3181/3181/3181
f 3176/3176/3176 3184/3184/3184 3175/3175/3175
f 3177/3177/3177 3185/3185/3185 3176/3176/3176
f 3186/3186/3186 3183/3183/3183 3182/3182/3182
f 3186/3186/3186 3182/3182/3182 3187/3187/3187
f 3188/3188/3188 3186/3186/3186 3187/3187/3187
f 3186/3186/3186 3188/3188/3188 3189/3189/3189
f 3186/3186/3186 3189/3189/3189 3190/3190/3190
f 3193/3193/3193 3192/3192/3192 3191/3191/3191
f 3193/3193/3193 3191/3191/3191 3194/3194/3194
f 3192/3192/3192 3195/3195/3195 3191/3191/3191
f 3196/3196/3196 3193/3193/3193 3194/3194/3194
f 3196/3196/3196 3194/3194/3194 3197/3197/3197
f 3198/3198/3198 3196/3196/3196 3197/3197/3197
f 3198/3198/3198 3197/3197/3197 3199/3199/3199
f 3200/3200/3200 3198/3198/3198 3199/3199/3199
f 3200/3200/3200 3199/3199/3199 3201/3201/3201
f 3192/3192/3192 3202/3202/3202 3195/3195/3195
f 3203/3203/3203 3194/3194/3194 3191/3191/3191
f 3195/3195/3195 3203/3203/3203 3191/3191/3191
f 3203/3203/3203 3204/3204/3204 3194/3194/3194
f 3204/3204/3204 3197/3197/3197 3194/3194/3194
f 3205/3205/3205 3199/3199/3199 3197/3197/3197
f 3204/3204/3204 3205/3205/3205 3197/3197/3197
f 3205/3205/3205 3206/3206/3206 3199/3199/3199
f 3206/3206/3206 3201/3201/3201 3199/3199/3199
f 3206/3206/3206 3207/3207/3207 3201/3201/3201
f 3195/3195/3195 3208/3208/3208 3203/3203/3203
f 3209/3209/3209 3208/3208/3208 3195/3195/3195
f 3209/3209/3209 3195/3195/3195 3210/3210/3210
f 3211/3211/3211 3202/3202/3202 3210/3210/3210
f 3214/3214/3214 3213/3213/3213 3212/3212/3212
f 3214/3214/3214 3215/3215/3215 3213/3213/3213
f 3215/3215/3215 3216/3216/3216 3213/3213/3213
f 3215/3215/3215 3217/3217/3217 3216/3216/3216
f 3215/3215/3215 3219/3219/3219 3218/3218/3218
f 3222/3222/3222 3221/3221/3221 3220/3220/3220
f 3222/3222/3222 3220/3220/3220 3223/3223/3223
f 3224/3224/3224 3222/3222/3222 3223/3223/3223
f 3224/3224/3224 3223/3223/3223 3225/3225/3225
f 3226/3226/3226 3224/3224/3224 3225/3225/3225
f 3226/3226/3226 3225/3225/3225 3227/3227/3227
f 3229/3229/3229 3228/3228/3228 3220/3220/3220
f 3229/3229/3229 3230/3230/3230 3228/3228/3228
f 3233/3233/3233 3232/3232/3232 3231/3231/3231
f 3233/3233/3233 3231/3231/3231 3234/3234/3234
f 3235/3235/3235 3233/3233/3233 3234/3234/3234
f 3235/3235/3235 3234/3234/3234 3236/3236/3236
f 3239/3239/3239 3238/3238/3238 3237/3237/3237
f 3239/3239/3239 3237/3237/3237 3240/3240/3240
f 3241/3241/3241 3240/3240/3240 3237/3237/3237
f 3244/3244/3244 3243/3243/3243 3242/3242/3242
f 3243/3243/3243 3245/3245/3245 3242/3242/3242
f 3246/3246/3246 3242/3242/3242 3245/3245/3245
f 3247/3247/3247 3246/3246/3246 3245/3245/3245
f 3247/3247/3247 3248/3248/3248 3246/3246/3246
f 3243/3243/3243 3249/3249/3249 3245/3245/3245
f 3249/3249/3249 3250/3250/3250 3245/3245/3245
f 3253/3253/3253 3252/3252/3252 3251/3251/3251
f 3254/3254/3254 3253/3253/3253 3251/3251/3251
f 3254/3254/3254 3251/3251/3251 3255/3255/3255
f 3254/3254/3254 3255/3255/3255 3256/3256/3256
f 3254/3254/3254 3256/3256/3256 3257/3257/3257
f 3258/3258/3258 3257/3257/3257 3256/3256/3256
f 3258/3258/3258 3256/3256/3256 3259/3259/3259
f 3262/3262/3262 3261/3261/3261 3260/3260/3260
f 3263/3263/3263 3262/3262/3262 3260/3260/3260
f 3263/3263/3263 3260/3260/3260 3264/3264/3264
f 3265/3265/3265 3263/3263/3263 3264/3264/3264
f 3265/3265/3265 3264/3264/3264 3266/3266/3266
f 3267/3267/3267 3265/3265/3265 3266/3266/3266
f 3267/3267/3267 3266/3266/3266 3268/3268/3268
f 3269/3269/3269 3267/3267/3267 3268/3268/3268
f 3269/3269/3269 3268/3268/3268 3270/3270/3270
f 3271/3271/3271 3269/3269/3269 3270/3270/3270
f 3271/3271/3271 3272/3272/3272 3269/3269/3269
f 3273/3273/3273 3272/3272/3272 3271/3271/3271
f 3272/3272/3272 3273/3273/3273 3274/3274/3274
f 3272/3272/3272 3274/3274/3274 3275/3275/3275
f 3278/3278/3278 3277/3277/3277 3276/3276/3276
f 3278/3278/3278 3276/3276/3276 3279/3279/3279
f 3277/3277/3277 3280/3280/3280 3276/3276/3276
f 3277/3277/3277 3281/3281/3281 3280/3280/3280
f 3279/3279/3279 3276/3276/3276 3282/3282/3282
f 3280/3280/3280 3282/3282/3282 3276/3276/3276
f 3279/3279/3279 3282/3282/3282 3283/3283/3283
f 3280/3280/3280 3284/3284/3284 3282/3282/3282
f 3282/3282/3282 3285/3285/3285 3283/3283/3283
f 3282/3282/3282 3286/3286/3286 3285/3285/3285
f 3286/3286/3286 3287/3287/3287 3285/3285/3285
f 3286/3286/3286 3288/3288/3288 3287/3287/3287
f 3288/3288/3288 3289/3289/3289 3287/3287/3287
f 3288/3288/3288 3290/3290/3290 3289/3289/3289
f 3289/3289/3289 3290/3290/3290 3291/3291/3291
f 3290/3290/3290 3292/3292/3292 3291/3291/3291
f 3290/3290/3290 3293/3293/3293 3292/3292/3292
f 3290/3290/3290 3294/3294/3294 3293/3293/3293
f 3294/3294/3294 3290/3290/3290 3288/3288/3288
f 3292/3292/3292 3295/3295/3295 3291/3291/3291
f 3292/3292/3292 3296/3296/3296 3295/3295/3295
f 3292/3292/3292 3297/3297/3297 3296/3296/3296
f 3296/3296/3296 3297/3297/3297 3298/3298/3298
f 3299/3299/3299 3288/3288/3288 3286/3286/3286
f 3294/3294/3294 3288/3288/3288 3299/3299/3299
f 3299/3299/3299 3286/3286/3286 3300/3300/3300
f 3301/3301/3301 3297/3297/3297 3292/3292/3292
f 3301/3301/3301 3292/3292/3292 3293/3293/3293
f 3298/3298/3298 3297/3297/3297 3301/3301/3301
f 3300/3300/3300 3286/3286/3286 3282/3282/3282
f 3300/3300/3300 3282/3282/3282 3284/3284/3284
f 3304/3304/3304 3303/3303/3303 3302/3302/3302
f 3304/3304/3304 3302/3302/3302 3305/3305/3305
f 3305/3305/3305 3302/3302/3302 3306/3306/3306
f 3309/3309/3309 3308/3308/3308 3307/3307/3307
f 3310/3310/3310 3308/3308/3308 3309/3309/3309
f 3310/3310/3310 3311/3311/3311 3308/3308/3308
f 3310/3310/3310 3312/3312/3312 3311/3311/3311
f 3310/3310/3310 3313/3313/3313 3312/3312/3312
f 3314/3314/3314 3312/3312/3312 3313/3313/3313
f 3314/3314/3314 3315/3315/3315 3312/3312/3312
f 3318/3318/3318 3317/3317/3317 3316/3316/3316
f 3319/3319/3319 3317/3317/3317 3318/3318/3318
f 3319/3319/3319 3320/3320/3320 3317/3317/3317
f 3321/3321/3321 3320/3320/3320 3319/3319/3319
f 3321/3321/3321 3322/3322/3322 3320/3320/3320
f 3323/3323/3323 3322/3322/3322 3321/3321/3321
f 3323/3323/3323 3324/3324/3324 3322/3322/3322
f 3325/3325/3325 3324/3324/3324 3323/3323/3323
f 3325/3325/3325 3326/3326/3326 3324/3324/3324
f 3327/3327/3327 3326/3326/3326 3325/3325/3325
f 3327/3327/3327 3325/3325/3325 3328/3328/3328
f 3329/3329/3329 3327/3327/3327 3328/3328/3328
f 3328/3328/3328 3330/3330/3330 3329/3329/3329
f 3333/3333/3333 3332/3332/3332 3331/3331/3331
f 3333/3333/3333 3331/3331/3331 3334/3334/3334
f 3334/3334/3334 3331/3331/3331 3335/3335/3335
f 3334/3334/3334 3335/3335/3335 3336/3336/3336
f 3332/3332/3332 3337/3337/3337 3331/3331/3331
f 3335/3335/3335 3331/3331/3331 3337/3337/3337
f 3332/3332/3332 3338/3338/3338 3337/3337/3337
f 3335/3335/3335 3337/3337/3337 3339/3339/3339
f 3337/3337/3337 3338/3338/3338 3340/3340/3340
f 3337/3337/3337 3340/3340/3340 3341/3341/3341
f 3341/3341/3341 3340/3340/3340 3342/3342/3342
f 3341/3341/3341 3342/3342/3342 3343/3343/3343
f 3343/3343/3343 3342/3342/3342 3344/3344/3344
f 3343/3343/3343 3344/3344/3344 3345/3345/3345
f 3344/3344/3344 3346/3346/3346 3345/3345/3345
f 3345/3345/3345 3346/3346/3346 3347/3347/3347
f 3345/3345/3345 3347/3347/3347 3348/3348/3348
f 3345/3345/3345 3348/3348/3348 3349/3349/3349
f 3349/3349/3349 3343/3343/3343 3345/3345/3345
f 3347/3347/3347 3346/3346/3346 3350/3350/3350
f 3347/3347/3347 3350/3350/3350 3351/3351/3351
f 3347/3347/3347 3351/3351/3351 3352/3352/3352
f 3353/3353/3353 3352/3352/3352 3351/3351/3351
f 3354/3354/3354 3341/3341/3341 3343/3343/3343
f 3349/3349/3349 3354/3354/3354 3343/3343/3343
f 3354/3354/3354 3355/3355/3355 3341/3341/3341
f 3356/3356/3356 3348/3348/3348 3347/3347/3347
f 3356/3356/3356 3347/3347/3347 3352/3352/3352
f 3353/3353/3353 3356/3356/3356 3352/3352/3352
f 3355/3355/3355 3337/3337/3337 3341/3341/3341
f 3355/3355/3355 3339/3339/3339 3337/3337/3337
f 3359/3359/3359 3358/3358/3358 3357/3357/3357
f 3359/3359/3359 3357/3357/3357 3360/3360/3360
f 3358/3358/3358 3361/3361/3361 3357/3357/3357
f 3364/3364/3364 3363/3363/3363 3362/3362/3362
f 3364/3364/3364 3362/3362/3362 3365/3365/3365
f 3362/3362/3362 3366/3366/3366 3365/3365/3365
f 3362/3362/3362 3367/3367/3367 3366/3366/3366
f 3367/3367/3367 3368/3368/3368 3366/3366/3366
f 3364/3364/3364 3369/3369/3369 3363/3363/3363
f 3364/3364/3364 3370/3370/3370 3369/3369/3369
f 3368/3368/3368 3371/3371/3371 3366/3366/3366
f 3372/3372/3372 3371/3371/3371 3368/3368/3368
f 3372/3372/3372 3373/3373/3373 3371/3371/3371
f 3374/3374/3374 3373/3373/3373 3372/3372/3372
f 3374/3374/3374 3375/3375/3375 3373/3373/3373
f 3376/3376/3376 3375/3375/3375 3374/3374/3374
f 3376/3376/3376 3374/3374/3374 3377/3377/3377
f 3378/3378/3378 3376/3376/3376 3377/3377/3377
f 3378/3378/3378 3377/3377/3377 3379/3379/3379
f 3380/3380/3380 3378/3378/3378 3379/3379/3379
f 3380/3380/3380 3379/3379/3379 3381/3381/3381
f 3382/3382/3382 3380/3380/3380 3381/3381/3381
f 3382/3382/3382 3381/3381/3381 3383/3383/3383
f 3384/3384/3384 3382/3382/3382 3383/3383/3383
f 3384/3384/3384 3383/3383/3383 3385/3385/3385
f 3386/3386/3386 3384/3384/3384 3385/3385/3385
f 3386/3386/3386 3385/3385/3385 3387/3387/3387
f 3388/3388/3388 3386/3386/3386 3387/3387/3387
f 3391/3391/3391 3390/3390/3390 3389/3389/3389
f 3391/3391/3391 3389/3389/3389 3392/3392/3392
f 3393/3393/3393 3390/3390/3390 3391/3391/3391
f 3393/3393/3393 3394/3394/3394 3390/3390/3390
f 3395/3395/3395 3394/3394/3394 3393/3393/3393
f 3395/3395/3395 3396/3396/3396 3394/3394/3394
f 3395/3395/3395 3397/3397/3397 3396/3396/3396
f 3395/3395/3395 3398/3398/3398 3397/3397/3397
f 3398/3398/3398 3399/3399/3399 3397/3397/3397
f 3398/3398/3398 3400/3400/3400 3399/3399/3399
f 3400/3400/3400 3401/3401/3401 3399/3399/3399
f 3400/3400/3400 3402/3402/3402 3401/3401/3401
f 3402/3402/3402 3403/3403/3403 3401/3401/3401
f 3402/3402/3402 3404/3404/3404 3403/3403/3403
f 3404/3404/3404 3405/3405/3405 3403/3403/3403
f 3404/3404/3404 3406/3406/3406 3405/3405/3405
f 3407/3407/3407 3392/3392/3392 3389/3389/3389
f 3407/3407/3407 3409/3409/3409 3408/3408/3408
f 3407/3407/3407 3408/3408/3408 3410/3410/3410
f 3407/3407/3407 3410/3410/3410 3392/3392/3392
f 3413/3413/3413 3412/3412/3412 3411/3411/3411
f 3413/3413/3413 3411/3411/3411 3414/3414/3414
f 3412/3412/3412 3415/3415/3415 3411/3411/3411
f 3412/3412/3412 3416/3416/3416 3415/3415/3415
f 3416/3416/3416 3417/3417/3417 3415/3415/3415
f 3416/3416/3416 3418/3418/3418 3417/3417/3417
f 3419/3419/3419 3413/3413/3413 3414/3414/3414
f 3419/3419/3419 3414/3414/3414 3420/3420/3420
f 3421/3421/3421 3419/3419/3419 3420/3420/3420
f 3421/3421/3421 3420/3420/3420 3422/3422/3422
f 3424/3424/3424 3423/3423/3423 3417/3417/3417
f 3424/3424/3424 3425/3425/3425 3423/3423/3423
f 3425/3425/3425 3426/3426/3426 3423/3423/3423
f 3425/3425/3425 3427/3427/3427 3426/3426/3426
f 3427/3427/3427 3422/3422/3422 3426/3426/3426
f 3427/3427/3427 3428/3428/3428 3422/3422/3422
f 3431/3431/3431 3430/3430/3430 3429/3429/3429
f 3429/3429/3429 3432/3432/3432 3431/3431/3431
f 3429/3429/3429 3433/3433/3433 3432/3432/3432
f 3433/3433/3433 3434/3434/3434 3432/3432/3432
f 3433/3433/3433 3435/3435/3435 3434/3434/3434
f 3435/3435/3435 3436/3436/3436 3434/3434/3434
f 3439/3439/3439 3438/3438/3438 3437/3437/3437
f 3439/3439/3439 3437/3437/3437 3440/3440/3440
f 3438/3438/3438 3441/3441/3441 3437/3437/3437
f 3438/3438/3438 3442/3442/3442 3441/3441/3441
f 3440/3440/3440 3443/3443/3443 3439/3439/3439
f 3440/3440/3440 3444/3444/3444 3443/3443/3443
f 3441/3441/3441 3442/3442/3442 3445/3445/3445
f 3441/3441/3441 3445/3445/3445 3446/3446/3446
f 3445/3445/3445 3447/3447/3447 3446/3446/3446
f 3445/3445/3445 3448/3448/3448 3447/3447/3447
f 3448/3448/3448 3449/3449/3449 3447/3447/3447
f 3452/3452/3452 3451/3451/3451 3450/3450/3450
f 3450/3450/3450 3451/3451/3451 3453/3453/3453
f 3451/3451/3451 3454/3454/3454 3453/3453/3453
f 3451/3451/3451 3455/3455/3455 3454/3454/3454
f 3456/3456/3456 3450/3450/3450 3453/3453/3453
f 3456/3456/3456 3453/3453/3453 3457/3457/3457
f 3453/3453/3453 3454/3454/3454 3458/3458/3458
f 3453/3453/3453 3458/3458/3458 3459/3459/3459
f 3457/3457/3457 3453/3453/3453 3459/3459/3459
f 3457/3457/3457 3459/3459/3459 3460/3460/3460
f 3458/3458/3458 3461/3461/3461 3459/3459/3459
f 3459/3459/3459 3461/3461/3461 3460/3460/3460
f 3464/3464/3464 3463/3463/3463 3462/3462/3462
f 3464/3464/3464 3462/3462/3462 3465/3465/3465
f 3464/3464/3464 3465/3465/3465 3466/3466/3466
f 3467/3467/3467 3462/3462/3462 3463/3463/3463
f 3467/3467/3467 3468/3468/3468 3462/3462/3462
f 3467/3467/3467 3469/3469/3469 3468/3468/3468
f 3466/3466/3466 3465/3465/3465 3470/3470/3470
f 3470/3470/3470 3471/3471/3471 3466/3466/3466
f 3470/3470/3470 3472/3472/3472 3471/3471/3471
f 3472/3472/3472 3473/3473/3473 3471/3471/3471
f 3472/3472/3472 3474/3474/3474 3473/3473/3473
f 3474/3474/3474 3475/3475/3475 3473/3473/3473
f 3474/3474/3474 3476/3476/3476 3475/3475/3475
f 3479/3479/3479 3478/3478/3478 3477/3477/3477
f 3479/3479/3479 3477/3477/3477 3480/3480/3480
f 3481/3481/3481 3477/3477/3477 3478/3478/3478
f 3481/3481/3481 3478/3478/3478 3482/3482/3482
f 3483/3483/3483 3481/3481/3481 3482/3482/3482
f 3483/3483/3483 3482/3482/3482 3484/3484/3484
f 3485/3485/3485 3483/3483/3483 3484/3484/3484
f 3485/3485/3485 3484/3484/3484 3486/3486/3486
f 3487/3487/3487 3485/3485/3485 3486/3486/3486
f 3487/3487/3487 3486/3486/3486 3488/3488/3488
f 3489/3489/3489 3487/3487/3487 3488/3488/3488
f 3489/3489/3489 3488/3488/3488 3490/3490/3490
f 3491/3491/3491 3489/3489/3489 3490/3490/3490
f 3491/3491/3491 3490/3490/3490 3492/3492/3492
f 3493/3493/3493 3491/3491/3491 3492/3492/3492
f 3493/3493/3493 3492/3492/3492 3494/3494/3494
f 3495/3495/3495 3493/3493/3493 3494/3494/3494
f 3495/3495/3495 3494/3494/3494 3496/3496/3496
f 3499/3499/3499 3498/3498/3498 3497/3497/3497
f 3502/3502/3502 3501/3501/3501 3500/3500/3500
f 3502/3502/3502 3500/3500/3500 3503/3503/3503
f 3504/3504/3504 3503/3503/3503 3500/3500/3500
f 3506/3506/3506 3505/3505/3505 3501/3501/3501
f 3506/3506/3506 3507/3507/3507 3505/3505/3505
f 3507/3507/3507 3508/3508/3508 3505/3505/3505
f 3507/3507/3507 3509/3509/3509 3508/3508/3508
f 3509/3509/3509 3510/3510/3510 3508/3508/3508
f 3509/3509/3509 3511/3511/3511 3510/3510/3510
f 3511/3511/3511 3512/3512/3512 3510/3510/3510
f 3511/3511/3511 3513/3513/3513 3512/3512/3512
f 3516/3516/3516 3515/3515/3515 3514/3514/3514
f 3516/3516/3516 3514/3514/3514 3517/3517/3517
f 3518/3518/3518 3516/3516/3516 3517/3517/3517
f 3518/3518/3518 3517/3517/3517 3519/3519/3519
f 3520/3520/3520 3518/3518/3518 3519/3519/3519
f 3520/3520/3520 3519/3519/3519 3521/3521/3521
f 3522/3522/3522 3520/3520/3520 3521/3521/3521
f 3522/3522/3522 3521/3521/3521 3523/3523/3523
f 3524/3524/3524 3522/3522/3522 3523/3523/3523
f 3527/3527/3527 3526/3526/3526 3525/3525/3525
f 3527/3527/3527 3525/3525/3525 3528/3528/3528
f 3526/3526/3526 3529/3529/3529 3525/3525/3525
f 3526/3526/3526 3530/3530/3530 3529/3529/3529
f 3530/3530/3530 3531/3531/3531 3529/3529/3529
f 3530/3530/3530 3532/3532/3532 3531/3531/3531
f 3532/3532/3532 3533/3533/3533 3531/3531/3531
f 3532/3532/3532 3534/3534/3534 3533/3533/3533
f 3534/3534/3534 3535/3535/3535 3533/3533/3533
f 3534/3534/3534 3536/3536/3536 3535/3535/3535
f 3536/3536/3536 3537/3537/3537 3535/3535/3535
f 3536/3536/3536 3538/3538/3538 3537/3537/3537
f 3538/3538/3538 3539/3539/3539 3537/3537/3537
f 3538/3538/3538 3540/3540/3540 3539/3539/3539
f 3541/3541/3541 3527/3527/3527 3528/3528/3528
f 3540/3540/3540 3542/3542/3542 3539/3539/3539
f 3540/3540/3540 3543/3543/3543 3542/3542/3542
f 3543/3543/3543 3544/3544/3544 3542/3542/3542
f 3547/3547/3547 3546/3546/3546 3545/3545/3545
f 3550/3550/3550 3549/3549/3549 3548/3548/3548
f 3548/3548/3548 3551/3551/3551 3550/3550/3550
f 3551/3551/3551 3552/3552/3552 3550/3550/3550
f 3551/3551/3551 3553/3553/3553 3552/3552/3552
f 3551/3551/3551 3554/3554/3554 3553/3553/3553
f 3548/3548/3548 3549/3549/3549 3479/3479/3479
f 3548/3548/3548 3479/3479/3479 3480/3480/3480
f 3557/3557/3557 3556/3556/3556 3555/3555/3555
f 3557/3557/3557 3555/3555/3555 3558/3558/3558
f 3559/3559/3559 3555/3555/3555 3556/3556/3556
f 3559/3559/3559 3556/3556/3556 3560/3560/3560
f 3561/3561/3561 3559/3559/3559 3560/3560/3560
f 3561/3561/3561 3560/3560/3560 3562/3562/3562
f 3562/3562/3562 3563/3563/3563 3561/3561/3561
f 3562/3562/3562 3564/3564/3564 3563/3563/3563
f 3565/3565/3565 3563/3563/3563 3564/3564/3564
f 3564/3564/3564 3566/3566/3566 3565/3565/3565
f 3567/3567/3567 3565/3565/3565 3566/3566/3566
f 3567/3567/3567 3568/3568/3568 3565/3565/3565
f 3565/3565/3565 3569/3569/3569 3563/3563/3563
f 3570/3570/3570 3569/3569/3569 3565/3565/3565
f 3570/3570/3570 3571/3571/3571 3569/3569/3569
f 3572/3572/3572 3571/3571/3571 3570/3570/3570
f 3572/3572/3572 3573/3573/3573 3571/3571/3571
f 3572/3572/3572 3574/3574/3574 3573/3573/3573
f 3574/3574/3574 3575/3575/3575 3573/3573/3573
f 3578/3578/3578 3577/3577/3577 3576/3576/3576
f 3579/3579/3579 3578/3578/3578 3576/3576/3576
f 3579/3579/3579 3576/3576/3576 3580/3580/3580
f 3581/3581/3581 3579/3579/3579 3580/3580/3580
f 3578/3578/3578 3582/3582/3582 3577/3577/3577
f 3582/3582/3582 3583/3583/3583 3577/3577/3577
f 3582/3582/3582 3557/3557/3557 3583/3583/3583
f 3557/3557/3557 3558/3558/3558 3583/3583/3583
f 3586/3586/3586 3585/3585/3585 3584/3584/3584
f 3586/3586/3586 3584/3584/3584 3587/3587/3587
f 3590/3590/3590 3589/3589/3589 3588/3588/3588
f 3590/3590/3590 3588/3588/3588 3591/3591/3591
f 3594/3594/3594 3593/3593/3593 3592/3592/3592
f 3594/3594/3594 3592/3592/3592 3595/3595/3595
f 3598/3598/3598 3597/3597/3597 3596/3596/3596
f 3599/3599/3599 3598/3598/3598 3596/3596/3596
f 3599/3599/3599 3596/3596/3596 3600/3600/3600
f 3601/3601/3601 3599/3599/3599 3600/3600/3600
f 3601/3601/3601 3600/3600/3600 3602/3602/3602
f 3603/3603/3603 3601/3601/3601 3602/3602/3602
f 3603/3603/3603 3602/3602/3602 3604/3604/3604
f 3603/3603/3603 3604/3604/3604 3605/3605/3605
f 3606/3606/3606 3603/3603/3603 3605/3605/3605
f 3598/3598/3598 3607/3607/3607 3597/3597/3597
f 3598/3598/3598 3007/3007/3007 3607/3607/3607
f 3004/3004/3004 3608/3608/3608 3006/3006/3006
f 3611/3611/3611 3610/3610/3610 3609/3609/3609
f 3611/3611/3611 3609/3609/3609 3612/3612/3612
f 3613/3613/3613 3609/3609/3609 3610/3610/3610
f 3613/3613/3613 3614/3614/3614 3609/3609/3609
f 3613/3613/3613 3615/3615/3615 3614/3614/3614
f 3094/3094/3094 3101/3101/3101 3087/3087/3087
f 3618/3618/3618 3617/3617/3617 3616/3616/3616
f 3089/3089/3089 3088/3088/3088 3106/3106/3106
f 3621/3621/3621 3620/3620/3620 3619/3619/3619
f 3619/3619/3619 3620/3620/3620 3622/3622/3622
f 3622/3622/3622 3623/3623/3623 3619/3619/3619
f 3622/3622/3622 3624/3624/3624 3623/3623/3623
f 3624/3624/3624 3625/3625/3625 3623/3623/3623
f 3624/3624/3624 3626/3626/3626 3625/3625/3625
f 3627/3627/3627 3625/3625/3625 3626/3626/3626
f 3628/3628/3628 3625/3625/3625 3627/3627/3627
f 3628/3628/3628 3629/3629/3629 3625/3625/3625
f 3623/3623/3623 3625/3625/3625 3629/3629/3629
f 3621/3621/3621 3619/3619/3619 3630/3630/3630
f 3626/3626/3626 3624/3624/3624 3631/3631/3631
f 3623/3623/3623 3629/3629/3629 3632/3632/3632
f 3619/3619/3619 3623/3623/3623 3632/3632/3632
f 3619/3619/3619 3632/3632/3632 3630/3630/3630
f 3632/3632/3632 3629/3629/3629 3633/3633/3633
f 3628/3628/3628 3633/3633/3633 3629/3629/3629
f 3632/3632/3632 3633/3633/3633 3634/3634/3634
f 3630/3630/3630 3632/3632/3632 3634/3634/3634
f 3630/3630/3630 3634/3634/3634 3635/3635/3635
f 3628/3628/3628 3636/3636/3636 3633/3633/3633
f 3636/3636/3636 3628/3628/3628 3637/3637/3637
f 3637/3637/3637 3627/3627/3627 3638/3638/3638
f 3637/3637/3637 3628/3628/3628 3639/3639/3639
f 3621/3621/3621 3630/3630/3630 3635/3635/3635
f 3642/3642/3642 3641/3641/3641 3640/3640/3640
f 3642/3642/3642 3640/3640/3640 3643/3643/3643
f 3644/3644/3644 3640/3640/3640 3641/3641/3641
f 3644/3644/3644 3641/3641/3641 3645/3645/3645
f 3642/3642/3642 3645/3645/3645 3641/3641/3641
f 3644/3644/3644 3646/3646/3646 3640/3640/3640
f 3642/3642/3642 3647/3647/3647 3645/3645/3645
f 3645/3645/3645 3647/3647/3647 3648/3648/3648
f 3650/3650/3650 3649/3649/3649 3646/3646/3646
f 3650/3650/3650 3651/3651/3651 3649/3649/3649
f 3651/3651/3651 3643/3643/3643 3649/3649/3649
f 3651/3651/3651 3652/3652/3652 3643/3643/3643
f 3652/3652/3652 3651/3651/3651 3653/3653/3653
f 3651/3651/3651 3650/3650/3650 3653/3653/3653
f 3654/3654/3654 3652/3652/3652 3653/3653/3653
f 3654/3654/3654 3655/3655/3655 3652/3652/3652
f 3655/3655/3655 3654/3654/3654 3656/3656/3656
f 3659/3659/3659 3658/3658/3658 3657/3657/3657
f 3659/3659/3659 3657/3657/3657 3660/3660/3660
f 3657/3657/3657 3661/3661/3661 3660/3660/3660
f 3657/3657/3657 3662/3662/3662 3661/3661/3661
f 3663/3663/3663 3661/3661/3661 3662/3662/3662
f 3663/3663/3663 3662/3662/3662 3664/3664/3664
f 3665/3665/3665 3663/3663/3663 3664/3664/3664
f 3665/3665/3665 3666/3666/3666 3663/3663/3663
f 3658/3658/3658 3659/3659/3659 3667/3667/3667
f 3670/3670/3670 3669/3669/3669 3668/3668/3668
f 3670/3670/3670 3668/3668/3668 3671/3671/3671
f 3668/3668/3668 3669/3669/3669 3672/3672/3672
f 3668/3668/3668 3672/3672/3672 3673/3673/3673
f 3673/3673/3673 3672/3672/3672 3674/3674/3674
f 3673/3673/3673 3674/3674/3674 3675/3675/3675
f 3675/3675/3675 3674/3674/3674 3676/3676/3676
f 3675/3675/3675 3676/3676/3676 3677/3677/3677
f 3678/3678/3678 3677/3677/3677 3676/3676/3676
f 3678/3678/3678 3679/3679/3679 3677/3677/3677
f 3670/3670/3670 3671/3671/3671 3680/3680/3680
f 3679/3679/3679 3682/3682/3682 3681/3681/3681
f 3679/3679/3679 3681/3681/3681 3683/3683/3683
f 3683/3683/3683 3681/3681/3681 3684/3684/3684
f 3683/3683/3683 3684/3684/3684 3685/3685/3685
f 3685/3685/3685 3684/3684/3684 3686/3686/3686
f 3685/3685/3685 3686/3686/3686 3687/3687/3687
f 3686/3686/3686 3688/3688/3688 3687/3687/3687
f 3691/3691/3691 3690/3690/3690 3689/3689/3689
f 3691/3691/3691 3689/3689/3689 3692/3692/3692
f 3689/3689/3689 3693/3693/3693 3692/3692/3692
f 3689/3689/3689 3694/3694/3694 3693/3693/3693
f 3695/3695/3695 3693/3693/3693 3694/3694/3694
f 3695/3695/3695 3694/3694/3694 3696/3696/3696
f 3695/3695/3695 3696/3696/3696 3697/3697/3697
f 3698/3698/3698 3697/3697/3697 3696/3696/3696
f 3698/3698/3698 3699/3699/3699 3697/3697/3697
f 3699/3699/3699 3698/3698/3698 3700/3700/3700
f 3622/3622/3622 3620/3620/3620 3701/3701/3701
f 3704/3704/3704 3703/3703/3703 3702/3702/3702
f 3703/3703/3703 3705/3705/3705 3702/3702/3702
f 3705/3705/3705 3703/3703/3703 3706/3706/3706
f 3705/3705/3705 3706/3706/3706 3707/3707/3707
f 3707/3707/3707 3706/3706/3706 3708/3708/3708
f 3707/3707/3707 3708/3708/3708 3709/3709/3709
f 3710/3710/3710 3709/3709/3709 3708/3708/3708
f 3711/3711/3711 3710/3710/3710 3708/3708/3708
f 3711/3711/3711 3708/3708/3708 3712/3712/3712
f 3706/3706/3706 3712/3712/3712 3708/3708/3708
f 3704/3704/3704 3713/3713/3713 3703/3703/3703
f 3709/3709/3709 3714/3714/3714 3707/3707/3707
f 3706/3706/3706 3715/3715/3715 3712/3712/3712
f 3703/3703/3703 3713/3713/3713 3715/3715/3715
f 3703/3703/3703 3715/3715/3715 3706/3706/3706
f 3715/3715/3715 3716/3716/3716 3712/3712/3712
f 3711/3711/3711 3712/3712/3712 3716/3716/3716
f 3715/3715/3715 3717/3717/3717 3716/3716/3716
f 3713/3713/3713 3717/3717/3717 3715/3715/3715
f 3713/3713/3713 3718/3718/3718 3717/3717/3717
f 3711/3711/3711 3716/3716/3716 3719/3719/3719
f 3719/3719/3719 3720/3720/3720 3711/3711/3711
f 3720/3720/3720 3721/3721/3721 3710/3710/3710
f 3720/3720/3720 3722/3722/3722 3711/3711/3711
f 3704/3704/3704 3718/3718/3718 3713/3713/3713
f 3725/3725/3725 3724/3724/3724 3723/3723/3723
f 3725/3725/3725 3723/3723/3723 3726/3726/3726
f 3727/3727/3727 3726/3726/3726 3723/3723/3723
f 3727/3727/3727 3728/3728/3728 3726/3726/3726
f 3725/3725/3725 3726/3726/3726 3728/3728/3728
f 3727/3727/3727 3723/3723/3723 3729/3729/3729
f 3725/3725/3725 3728/3728/3728 3730/3730/3730
f 3728/3728/3728 3731/3731/3731 3730/3730/3730
f 3733/3733/3733 3729/3729/3729 3732/3732/3732
f 3733/3733/3733 3732/3732/3732 3734/3734/3734
f 3734/3734/3734 3732/3732/3732 3724/3724/3724
f 3734/3734/3734 3724/3724/3724 3735/3735/3735
f 3735/3735/3735 3736/3736/3736 3734/3734/3734
f 3734/3734/3734 3736/3736/3736 3733/3733/3733
f 3737/3737/3737 3736/3736/3736 3735/3735/3735
f 3737/3737/3737 3735/3735/3735 3738/3738/3738
f 3738/3738/3738 3739/3739/3739 3737/3737/3737
f 3742/3742/3742 3741/3741/3741 3740/3740/3740
f 3742/3742/3742 3740/3740/3740 3743/3743/3743
f 3740/3740/3740 3741/3741/3741 3744/3744/3744
f 3740/3740/3740 3744/3744/3744 3745/3745/3745
f 3746/3746/3746 3745/3745/3745 3744/3744/3744
f 3746/3746/3746 3747/3747/3747 3745/3745/3745
f 3748/3748/3748 3747/3747/3747 3746/3746/3746
f 3748/3748/3748 3746/3746/3746 3749/3749/3749
f 3743/3743/3743 3750/3750/3750 3742/3742/3742
f 3753/3753/3753 3752/3752/3752 3751/3751/3751
f 3753/3753/3753 3751/3751/3751 3754/3754/3754
f 3751/3751/3751 3755/3755/3755 3754/3754/3754
f 3751/3751/3751 3756/3756/3756 3755/3755/3755
f 3756/3756/3756 3757/3757/3757 3755/3755/3755
f 3756/3756/3756 3758/3758/3758 3757/3757/3757
f 3758/3758/3758 3759/3759/3759 3757/3757/3757
f 3758/3758/3758 3760/3760/3760 3759/3759/3759
f 3761/3761/3761 3759/3759/3759 3760/3760/3760
f 3761/3761/3761 3760/3760/3760 3762/3762/3762
f 3753/3753/3753 3763/3763/3763 3752/3752/3752
f 3762/3762/3762 3765/3765/3765 3764/3764/3764
f 3765/3765/3765 3766/3766/3766 3764/3764/3764
f 3765/3765/3765 3767/3767/3767 3766/3766/3766
f 3767/3767/3767 3768/3768/3768 3766/3766/3766
f 3767/3767/3767 3769/3769/3769 3768/3768/3768
f 3768/3768/3768 3769/3769/3769 3770/3770/3770
f 3762/3762/3762 3764/3764/3764 3771/3771/3771
f 3774/3774/3774 3773/3773/3773 3772/3772/3772
f 3774/3774/3774 3772/3772/3772 3775/3775/3775
f 3772/3772/3772 3773/3773/3773 3776/3776/3776
f 3772/3772/3772 3776/3776/3776 3777/3777/3777
f 3778/3778/3778 3777/3777/3777 3776/3776/3776
f 3778/3778/3778 3779/3779/3779 3777/3777/3777
f 3778/3778/3778 3780/3780/3780 3779/3779/3779
f 3781/3781/3781 3779/3779/3779 3780/3780/3780
f 3781/3781/3781 3780/3780/3780 3782/3782/3782
f 3782/3782/3782 3783/3783/3783 3781/3781/3781
f 3705/3705/3705 3784/3784/3784 3702/3702/3702
f 3787/3787/3787 3786/3786/3786 3785/3785/3785
f 3786/3786/3786 3788/3788/3788 3785/3785/3785
f 3788/3788/3788 3786/3786/3786 3789/3789/3789
f 3788/3788/3788 3789/3789/3789 3790/3790/3790
f 3790/3790/3790 3789/3789/3789 3791/3791/3791
f 3790/3790/3790 3791/3791/3791 3792/3792/3792
f 3793/3793/3793 3792/3792/3792 3791/3791/3791
f 3794/3794/3794 3793/3793/3793 3791/3791/3791
f 3794/3794/3794 3791/3791/3791 3795/3795/3795
f 3789/3789/3789 3795/3795/3795 3791/3791/3791
f 3787/3787/3787 3796/3796/3796 3786/3786/3786
f 3792/3792/3792 3797/3797/3797 3790/3790/3790
f 3789/3789/3789 3798/3798/3798 3795/3795/3795
f 3786/3786/3786 3796/3796/3796 3798/3798/3798
f 3786/3786/3786 3798/3798/3798 3789/3789/3789
f 3798/3798/3798 3799/3799/3799 3795/3795/3795
f 3794/3794/3794 3795/3795/3795 3799/3799/3799
f 3798/3798/3798 3800/3800/3800 3799/3799/3799
f 3796/3796/3796 3800/3800/3800 3798/3798/3798
f 3796/3796/3796 3801/3801/3801 3800/3800/3800
f 3794/3794/3794 3799/3799/3799 3802/3802/3802
f 3802/3802/3802 3803/3803/3803 3794/3794/3794
f 3803/3803/3803 3804/3804/3804 3793/3793/3793
f 3803/3803/3803 3805/3805/3805 3794/3794/3794
f 3787/3787/3787 3801/3801/3801 3796/3796/3796
f 3808/3808/3808 3807/3807/3807 3806/3806/3806
f 3808/3808/3808 3806/3806/3806 3809/3809/3809
f 3810/3810/3810 3809/3809/3809 3806/3806/3806
f 3810/3810/3810 3811/3811/3811 3809/3809/3809
f 3808/3808/3808 3809/3809/3809 3811/3811/3811
f 3810/3810/3810 3806/3806/3806 3812/3812/3812
f 3808/3808/3808 3811/3811/3811 3813/3813/3813
f 3811/3811/3811 3814/3814/3814 3813/3813/3813
f 3816/3816/3816 3812/3812/3812 3815/3815/3815
f 3816/3816/3816 3815/3815/3815 3817/3817/3817
f 3817/3817/3817 3815/3815/3815 3807/3807/3807
f 3817/3817/3817 3807/3807/3807 3818/3818/3818
f 3818/3818/3818 3819/3819/3819 3817/3817/3817
f 3817/3817/3817 3819/3819/3819 3816/3816/3816
f 3820/3820/3820 3819/3819/3819 3818/3818/3818
f 3820/3820/3820 3818/3818/3818 3821/3821/3821
f 3821/3821/3821 3822/3822/3822 3820/3820/3820
f 3825/3825/3825 3824/3824/3824 3823/3823/3823
f 3825/3825/3825 3823/3823/3823 3826/3826/3826
f 3823/3823/3823 3824/3824/3824 3827/3827/3827
f 3823/3823/3823 3827/3827/3827 3828/3828/3828
f 3829/3829/3829 3828/3828/3828 3827/3827/3827
f 3829/3829/3829 3830/3830/3830 3828/3828/3828
f 3831/3831/3831 3830/3830/3830 3829/3829/3829
f 3831/3831/3831 3829/3829/3829 3832/3832/3832
f 3826/3826/3826 3833/3833/3833 3825/3825/3825
f 3836/3836/3836 3835/3835/3835 3834/3834/3834
f 3836/3836/3836 3834/3834/3834 3837/3837/3837
f 3834/3834/3834 3838/3838/3838 3837/3837/3837
f 3834/3834/3834 3839/3839/3839 3838/3838/3838
f 3839/3839/3839 3840/3840/3840 3838/3838/3838
f 3839/3839/3839 3841/3841/3841 3840/3840/3840
f 3841/3841/3841 3842/3842/3842 3840/3840/3840
f 3841/3841/3841 3843/3843/3843 3842/3842/3842
f 3844/3844/3844 3842/3842/3842 3843/3843/3843
f 3844/3844/3844 3843/3843/3843 3845/3845/3845
f 3836/3836/3836 3846/3846/3846 3835/3835/3835
f 3845/3845/3845 3848/3848/3848 3847/3847/3847
f 3848/3848/3848 3849/3849/3849 3847/3847/3847
f 3848/3848/3848 3850/3850/3850 3849/3849/3849
f 3850/3850/3850 3851/3851/3851 3849/3849/3849
f 3850/3850/3850 3852/3852/3852 3851/3851/3851
f 3851/3851/3851 3852/3852/3852 3853/3853/3853
f 3845/3845/3845 3847/3847/3847 3854/3854/3854
f 3857/3857/3857 3856/3856/3856 3855/3855/3855
f 3857/3857/3857 3855/3855/3855 3858/3858/3858
f 3855/3855/3855 3856/3856/3856 3859/3859/3859
f 3855/3855/3855 3859/3859/3859 3860/3860/3860
f 3861/3861/3861 3860/3860/3860 3859/3859/3859
f 3861/3861/3861 3862/3862/3862 3860/3860/3860
f 3861/3861/3861 3863/3863/3863 3862/3862/3862
f 3864/3864/3864 3862/3862/3862 3863/3863/3863
f 3864/3864/3864 3863/3863/3863 3865/3865/3865
f 3865/3865/3865 3866/3866/3866 3864/3864/3864
f 3788/3788/3788 3867/3867/3867 3785/3785/3785
f 3870/3870/3870 3869/3869/3869 3868/3868/3868
f 3868/3868/3868 3869/3869/3869 3871/3871/3871
f 3871/3871/3871 3872/3872/3872 3868/3868/3868
f 3871/3871/3871 3873/3873/3873 3872/3872/3872
f 3873/3873/3873 3874/3874/3874 3872/3872/3872
f 3873/3873/3873 3875/3875/3875 3874/3874/3874
f 3876/3876/3876 3874/3874/3874 3875/3875/3875
f 3877/3877/3877 3874/3874/3874 3876/3876/3876
f 3877/3877/3877 3878/3878/3878 3874/3874/3874
f 3872/3872/3872 3874/3874/3874 3878/3878/3878
f 3870/3870/3870 3868/3868/3868 3879/3879/3879
f 3875/3875/3875 3873/3873/3873 3880/3880/3880
f 3872/3872/3872 3878/3878/3878 3881/3881/3881
f 3868/3868/3868 3872/3872/3872 3881/3881/3881
f 3868/3868/3868 3881/3881/3881 3879/3879/3879
f 3881/3881/3881 3878/3878/3878 3882/3882/3882
f 3877/3877/3877 3882/3882/3882 3878/3878/3878
f 3881/3881/3881 3882/3882/3882 3883/3883/3883
f 3879/3879/3879 3881/3881/3881 3883/3883/3883
f 3879/3879/3879 3883/3883/3883 3884/3884/3884
f 3877/3877/3877 3885/3885/3885 3882/3882/3882
f 3885/3885/3885 3877/3877/3877 3886/3886/3886
f 3886/3886/3886 3876/3876/3876 3887/3887/3887
f 3886/3886/3886 3877/3877/3877 3888/3888/3888
f 3870/3870/3870 3879/3879/3879 3884/3884/3884
f 3891/3891/3891 3890/3890/3890 3889/3889/3889
f 3891/3891/3891 3889/3889/3889 3892/3892/3892
f 3893/3893/3893 3889/3889/3889 3890/3890/3890
f 3893/3893/3893 3890/3890/3890 3894/3894/3894
f 3891/3891/3891 3894/3894/3894 3890/3890/3890
f 3893/3893/3893 3895/3895/3895 3889/3889/3889
f 3891/3891/3891 3896/3896/3896 3894/3894/3894
f 3894/3894/3894 3896/3896/3896 3897/3897/3897
f 3899/3899/3899 3898/3898/3898 3895/3895/3895
f 3899/3899/3899 3900/3900/3900 3898/3898/3898
f 3900/3900/3900 3892/3892/3892 3898/3898/3898
f 3900/3900/3900 3901/3901/3901 3892/3892/3892
f 3901/3901/3901 3900/3900/3900 3902/3902/3902
f 3900/3900/3900 3899/3899/3899 3902/3902/3902
f 3903/3903/3903 3901/3901/3901 3902/3902/3902
f 3903/3903/3903 3904/3904/3904 3901/3901/3901
f 3904/3904/3904 3903/3903/3903 3905/3905/3905
f 3908/3908/3908 3907/3907/3907 3906/3906/3906
f 3908/3908/3908 3906/3906/3906 3909/3909/3909
f 3906/3906/3906 3910/3910/3910 3909/3909/3909
f 3906/3906/3906 3911/3911/3911 3910/3910/3910
f 3912/3912/3912 3910/3910/3910 3911/3911/3911
f 3912/3912/3912 3911/3911/3911 3913/3913/3913
f 3914/3914/3914 3912/3912/3912 3913/3913/3913
f 3914/3914/3914 3915/3915/3915 3912/3912/3912
f 3907/3907/3907 3908/3908/3908 3916/3916/3916
f 3919/3919/3919 3918/3918/3918 3917/3917/3917
f 3919/3919/3919 3917/3917/3917 3920/3920/3920
f 3917/3917/3917 3918/3918/3918 3921/3921/3921
f 3917/3917/3917 3921/3921/3921 3922/3922/3922
f 3922/3922/3922 3921/3921/3921 3923/3923/3923
f 3922/3922/3922 3923/3923/3923 3924/3924/3924
f 3924/3924/3924 3923/3923/3923 3925/3925/3925
f 3924/3924/3924 3925/3925/3925 3926/3926/3926
f 3927/3927/3927 3926/3926/3926 3925/3925/3925
f 3927/3927/3927 3928/3928/3928 3926/3926/3926
f 3919/3919/3919 3920/3920/3920 3929/3929/3929
f 3928/3928/3928 3931/3931/3931 3930/3930/3930
f 3928/3928/3928 3930/3930/3930 3932/3932/3932
f 3932/3932/3932 3930/3930/3930 3933/3933/3933
f 3932/3932/3932 3933/3933/3933 3934/3934/3934
f 3934/3934/3934 3933/3933/3933 3935/3935/3935
f 3934/3934/3934 3935/3935/3935 3936/3936/3936
f 3935/3935/3935 3937/3937/3937 3936/3936/3936
f 3940/3940/3940 3939/3939/3939 3938/3938/3938
f 3940/3940/3940 3938/3938/3938 3941/3941/3941
f 3938/3938/3938 3942/3942/3942 3941/3941/3941
f 3938/3938/3938 3943/3943/3943 3942/3942/3942
f 3944/3944/3944 3942/3942/3942 3943/3943/3943
f 3944/3944/3944 3943/3943/3943 3945/3945/3945
f 3944/3944/3944 3945/3945/3945 3946/3946/3946
f 3947/3947/3947 3946/3946/3946 3945/3945/3945
f 3947/3947/3947 3948/3948/3948 3946/3946/3946
f 3948/3948/3948 3947/3947/3947 3949/3949/3949
f 3871/3871/3871 3869/3869/3869 3950/3950/3950
f 3953/3953/3953 3952/3952/3952 3951/3951/3951
f 3953/3953/3953 3951/3951/3951 3954/3954/3954
f 3954/3954/3954 3955/3955/3955 3953/3953/3953
f 3954/3954/3954 3956/3956/3956 3955/3955/3955
f 3955/3955/3955 3956/3956/3956 3957/3957/3957
f 3951/3951/3951 3958/3958/3958 3954/3954/3954
f 3959/3959/3959 3958/3958/3958 3951/3951/3951
f 3960/3960/3960 3959/3959/3959 3951/3951/3951
f 3960/3960/3960 3951/3951/3951 3952/3952/3952
f 3960/3960/3960 3952/3952/3952 3961/3961/3961
f 3952/3952/3952 3962/3962/3962 3961/3961/3961
f 3952/3952/3952 3963/3963/3963 3962/3962/3962
f 3966/3966/3966 3965/3965/3965 3964/3964/3964
f 3966/3966/3966 3964/3964/3964 3967/3967/3967
f 3965/3965/3965 3968/3968/3968 3964/3964/3964
f 3965/3965/3965 3969/3969/3969 3968/3968/3968
f 3969/3969/3969 3970/3970/3970 3968/3968/3968
f 3969/3969/3969 3971/3971/3971 3970/3970/3970
f 3971/3971/3971 3972/3972/3972 3970/3970/3970
f 3971/3971/3971 3973/3973/3973 3972/3972/3972
f 3973/3973/3973 3974/3974/3974 3972/3972/3972
f 3973/3973/3973 3975/3975/3975 3974/3974/3974
f 3975/3975/3975 3976/3976/3976 3974/3974/3974
f 3979/3979/3979 3978/3978/3978 3977/3977/3977
f 3979/3979/3979 3977/3977/3977 3980/3980/3980
f 3981/3981/3981 3978/3978/3978 3979/3979/3979
f 3981/3981/3981 3982/3982/3982 3978/3978/3978
f 3983/3983/3983 3982/3982/3982 3981/3981/3981
f 3983/3983/3983 3984/3984/3984 3982/3982/3982
f 3983/3983/3983 3985/3985/3985 3984/3984/3984
f 3981/3981/3981 3979/3979/3979 3986/3986/3986
f 3979/3979/3979 3987/3987/3987 3986/3986/3986
f 3979/3979/3979 3988/3988/3988 3987/3987/3987
f 3981/3981/3981 3986/3986/3986 3989/3989/3989
f 3990/3990/3990 3981/3981/3981 3989/3989/3989
f 3990/3990/3990 3989/3989/3989 3991/3991/3991
f 3990/3990/3990 3991/3991/3991 3992/3992/3992
f 3995/3995/3995 3994/3994/3994 3993/3993/3993
f 3994/3994/3994 3996/3996/3996 3993/3993/3993
f 3996/3996/3996 3997/3997/3997 3993/3993/3993
f 3996/3996/3996 3998/3998/3998 3997/3997/3997
f 3997/3997/3997 3998/3998/3998 3999/3999/3999
f 3997/3997/3997 3999/3999/3999 4000/4000/4000
f 4000/4000/4000 3999/3999/3999 4001/4001/4001
f 4000/4000/4000 4001/4001/4001 4002/4002/4002
f 4002/4002/4002 4001/4001/4001 4003/4003/4003
f 4006/4006/4006 4005/4005/4005 4004/4004/4004
f 4006/4006/4006 4004/4004/4004 4007/4007/4007
f 4005/4005/4005 4006/4006/4006 4008/4008/4008
f 4005/4005/4005 4008/4008/4008 4009/4009/4009
f 4008/4008/4008 4010/4010/4010 4009/4009/4009
f 4004/4004/4004 4005/4005/4005 4011/4011/4011
f 4012/4012/4012 4004/4004/4004 4011/4011/4011
f 4013/4013/4013 4004/4004/4004 4012/4012/4012
f 4013/4013/4013 4007/4007/4007 4004/4004/4004
f 4013/4013/4013 4014/4014/4014 4007/4007/4007
f 4007/4007/4007 4014/4014/4014 4015/4015/4015
f 4007/4007/4007 4015/4015/4015 4016/4016/4016
f 4019/4019/4019 4018/4018/4018 4017/4017/4017
f 4019/4019/4019 4017/4017/4017 4020/4020/4020
f 4020/4020/4020 4017/4017/4017 4021/4021/4021
f 4020/4020/4020 4021/4021/4021 4022/4022/4022
f 4022/4022/4022 4021/4021/4021 4023/4023/4023
f 4022/4022/4022 4023/4023/4023 4024/4024/4024
f 4024/4024/4024 4023/4023/4023 4025/4025/4025
f 4024/4024/4024 4025/4025/4025 4026/4026/4026
f 4026/4026/4026 4025/4025/4025 4027/4027/4027
f 4026/4026/4026 4027/4027/4027 4028/4028/4028
f 4028/4028/4028 4027/4027/4027 4029/4029/4029
f 4032/4032/4032 4031/4031/4031 4030/4030/4030
f 4030/4030/4030 4031/4031/4031 4033/4033/4033
f 4033/4033/4033 4031/4031/4031 4034/4034/4034
f 4033/4033/4033 4034/4034/4034 4035/4035/4035
f 4034/4034/4034 4036/4036/4036 4035/4035/4035
f 4034/4034/4034 4037/4037/4037 4036/4036/4036
f 4037/4037/4037 4038/4038/4038 4036/4036/4036
f 4037/4037/4037 4039/4039/4039 4038/4038/4038
f 4039/4039/4039 4040/4040/4040 4038/4038/4038
f 4043/4043/4043 4042/4042/4042 4041/4041/4041
f 4043/4043/4043 4041/4041/4041 4044/4044/4044
f 4042/4042/4042 4043/4043/4043 4045/4045/4045
f 4042/4042/4042 4045/4045/4045 4046/4046/4046
f 4045/4045/4045 4047/4047/4047 4046/4046/4046
f 4041/4041/4041 4042/4042/4042 4048/4048/4048
f 4049/4049/4049 4041/4041/4041 4048/4048/4048
f 4050/4050/4050 4041/4041/4041 4049/4049/4049
f 4050/4050/4050 4044/4044/4044 4041/4041/4041
f 4050/4050/4050 4051/4051/4051 4044/4044/4044
f 4044/4044/4044 4051/4051/4051 4052/4052/4052
f 4044/4044/4044 4052/4052/4052 4053/4053/4053
f 4056/4056/4056 4055/4055/4055 4054/4054/4054
f 4056/4056/4056 4054/4054/4054 4057/4057/4057
f 4057/4057/4057 4054/4054/4054 4058/4058/4058
f 4057/4057/4057 4058/4058/4058 4059/4059/4059
f 4059/4059/4059 4058/4058/4058 4060/4060/4060
f 4059/4059/4059 4060/4060/4060 4061/4061/4061
f 4061/4061/4061 4060/4060/4060 4062/4062/4062
f 4061/4061/4061 4062/4062/4062 4063/4063/4063
f 4063/4063/4063 4062/4062/4062 4064/4064/4064
f 4063/4063/4063 4064/4064/4064 4065/4065/4065
f 4065/4065/4065 4064/4064/4064 4066/4066/4066
f 4069/4069/4069 4068/4068/4068 4067/4067/4067
f 4069/4069/4069 4067/4067/4067 4070/4070/4070
f 4071/4071/4071 4069/4069/4069 4070/4070/4070
f 4071/4071/4071 4070/4070/4070 4072/4072/4072
f 4073/4073/4073 4071/4071/4071 4072/4072/4072
f 4073/4073/4073 4072/4072/4072 4074/4074/4074
f 4073/4073/4073 4074/4074/4074 4075/4075/4075
f 4071/4071/4071 4076/4076/4076 4069/4069/4069
f 4069/4069/4069 4076/4076/4076 4077/4077/4077
f 4069/4069/4069 4077/4077/4077 4078/4078/4078
f 4071/4071/4071 4079/4079/4079 4076/4076/4076
f 4080/4080/4080 4079/4079/4079 4071/4071/4071
f 4080/4080/4080 4081/4081/4081 4079/4079/4079
f 4080/4080/4080 4082/4082/4082 4081/4081/4081
f 4085/4085/4085 4084/4084/4084 4083/4083/4083
f 4083/4083/4083 4084/4084/4084 4086/4086/4086
f 4086/4086/4086 4084/4084/4084 4087/4087/4087
f 4086/4086/4086 4087/4087/4087 4088/4088/4088
f 4087/4087/4087 4089/4089/4089 4088/4088/4088
f 4087/4087/4087 4090/4090/4090 4089/4089/4089
f 4090/4090/4090 4091/4091/4091 4089/4089/4089
f 4090/4090/4090 4092/4092/4092 4091/4091/4091
f 4092/4092/4092 4093/4093/4093 4091/4091/4091
f 4096/4096/4096 4095/4095/4095 4094/4094/4094
f 4096/4096/4096 4094/4094/4094 4097/4097/4097
f 4097/4097/4097 4098/4098/4098 4096/4096/4096
f 4097/4097/4097 4099/4099/4099 4098/4098/4098
f 4098/4098/4098 4099/4099/4099 4100/4100/4100
f 4094/4094/4094 4101/4101/4101 4097/4097/4097
f 4102/4102/4102 4101/4101/4101 4094/4094/4094
f 4103/4103/4103 4102/4102/4102 4094/4094/4094
f 4103/4103/4103 4094/4094/4094 4095/4095/4095
f 4103/4103/4103 4095/4095/4095 4104/4104/4104
f 4095/4095/4095 4105/4105/4105 4104/4104/4104
f 4095/4095/4095 4106/4106/4106 4105/4105/4105
f 4109/4109/4109 4108/4108/4108 4107/4107/4107
f 4109/4109/4109 4107/4107/4107 4110/4110/4110
f 4108/4108/4108 4111/4111/4111 4107/4107/4107
f 4108/4108/4108 4112/4112/4112 4111/4111/4111
f 4112/4112/4112 4113/4113/4113 4111/4111/4111
f 4112/4112/4112 4114/4114/4114 4113/4113/4113
f 4114/4114/4114 4115/4115/4115 4113/4113/4113
f 4114/4114/4114 4116/4116/4116 4115/4115/4115
f 4116/4116/4116 4117/4117/4117 4115/4115/4115
f 4116/4116/4116 4118/4118/4118 4117/4117/4117
f 4118/4118/4118 4119/4119/4119 4117/4117/4117
f 4122/4122/4122 4121/4121/4121 4120/4120/4120
f 4121/4121/4121 4123/4123/4123 4120/4120/4120
f 4123/4123/4123 4124/4124/4124 4120/4120/4120
f 4123/4123/4123 4125/4125/4125 4124/4124/4124
f 4124/4124/4124 4125/4125/4125 4126/4126/4126
f 4124/4124/4124 4126/4126/4126 4127/4127/4127
f 4127/4127/4127 4126/4126/4126 4128/4128/4128
f 4127/4127/4127 4128/4128/4128 4129/4129/4129
f 4129/4129/4129 4128/4128/4128 4130/4130/4130
g string_0813b99f
v 0.593983207 0.406016755 0.501701295
v 0.595354141 0.404645821 0.500000041
v 0.384693054 0.193984719 0.499999989
v 0.383322120 0.195355653 0.501701261
v 0.806015156 0.615307041 0.500000075
v 0.804644237 0.616677961 0.501701328
v 0.381931100 0.196746673 0.499999989
v 0.383322120 0.195355653 0.498298736
v 0.593983207 0.406016755 0.498298786
v 0.592592173 0.407407790 0.500000041
v 0.592592173 0.407407790 0.500000041
v 0.593983207 0.406016755 0.501701295
v 0.383322120 0.195355653 0.501701261
v 0.381931100 0.196746673 0.499999989
v 0.595354141 0.404645821 0.500000041
v 0.593983207 0.406016755 0.498298786
v 0.383322120 0.195355653 0.498298736
v 0.384693054 0.193984719 0.499999989
v 0.804644230 0.616677968 0.498298823
v 0.806015156 0.615307041 0.500000075
v 0.803253210 0.618068988 0.500000075
v 0.592592173 0.407407790 0.500000041
v 0.593983207 0.406016755 0.498298786
v 0.804644230 0.616677968 0.498298823
v 0.592592173 0.407407790 0.500000041
v 0.803253210 0.618068988 0.500000075
v 0.804644237 0.616677961 0.501701328
v 0.593983207 0.406016755 0.501701295
vt 0.153867960 0.976453841
vt 0.153885379 0.983248532
vt 0.404772758 0.983248353
vt 0.404772729 0.976453722
vt 0.404772788 0.983248353
vt 0.404772758 0.976453722
vt 0.404772729 0.970011652
vt 0.404772758 0.976453841
vt 0.153867885 0.976453841
vt 0.153850079 0.970011652
vt 0.153850168 0.970011652
vt 0.153867960 0.976453841
vt 0.404772729 0.976453722
vt 0.404772758 0.970011652
vt 0.153885379 0.983248532
vt 0.153867885 0.976453841
vt 0.404772758 0.976453841
vt 0.404772788 0.983248353
vt 0.404772758 0.976453722
vt 0.404772729 0.983248353
vt 0.404772758 0.970011652
vt 0.153850168 0.970011652
vt 0.153867885 0.976453841
vt 0.404772758 0.976453722
vt 0.153850079 0.970011652
vt 0.404772729 0.970011652
vt 0.404772758 0.976453722
vt 0.153867885 0.976453841
vn 0.466380850 -0.466380760 0.751650111
vn 0.466379565 -0.466379477 0.751651705
vn 0.466380807 -0.466380929 0.751650033
vn 0.466382170 -0.466382261 0.751648361
vn 0.466380893 -0.466380591 0.751650189
vn 0.466382101 -0.466381827 0.751648673
vn -0.462537076 0.462537194 -0.756385350
vn -0.462538258 0.462538404 -0.756383887
vn -0.462537076 0.462537194 -0.756385350
vn -0.462535894 0.462535984 -0.756386812
vn -0.462538731 0.462538512 0.756383532
vn -0.462535955 0.462535798 0.756386889
vn -0.462538731 0.462538512 0.756383532
vn -0.462541508 0.462541225 0.756380174
vn 0.466379855 -0.466379466 -0.751651531
vn 0.466379699 -0.466379317 -0.751651720
vn 0.466379420 -0.466379206 -0.751651963
vn 0.466379226 -0.466379009 -0.751652205
vn 0.466380291 -0.466379725 -0.751651100
vn 0.466380797 -0.466380220 -0.751650480
vn -0.462537256 0.462536999 -0.756385359
vn -0.462536054 0.462535825 -0.756386812
vn -0.462537256 0.462536999 -0.756385359
vn -0.462538457 0.462538173 -0.756383907
vn -0.462536631 0.462536142 0.756386265
vn -0.462537136 0.462536658 0.756385641
vn -0.462536631 0.462536142 0.756386265
vn -0.462536127 0.462535626 0.756386889
usemtl pmx_sonnet_front
f 4133/4133/4133 4132/4132/4132 4131/4131/4131
f 4133/4133/4133 4131/4131/4131 4134/4134/4134
f 4135/4135/4135 4131/4131/4131 4132/4132/4132
f 4135/4135/4135 4136/4136/4136 4131/4131/4131
f 4139/4139/4139 4138/4138/4138 4137/4137/4137
f 4139/4139/4139 4137/4137/4137 4140/4140/4140
f 4143/4143/4143 4142/4142/4142 4141/4141/4141
f 4143/4143/4143 4141/4141/4141 4144/4144/4144
f 4147/4147/4147 4146/4146/4146 4145/4145/4145
f 4147/4147/4147 4145/4145/4145 4148/4148/4148
f 4149/4149/4149 4145/4145/4145 4146/4146/4146
f 4149/4149/4149 4150/4150/4150 4145/4145/4145
f 4153/4153/4153 4152/4152/4152 4151/4151/4151
f 4153/4153/4153 4151/4151/4151 4154/4154/4154
f 4157/4157/4157 4156/4156/4156 4155/4155/4155
f 4157/4157/4157 4155/4155/4155 4158/4158/4158
